date,mean_ndvi,mean_evi,mean_ndwi,cloud_cover_pct
2000-02-03,0.23747187474860237,0.13368323125943585,0.030082889660315255,8
2000-02-20,0.21811418940783744,0.12554574249328387,-0.01768038116663931,0
2000-02-20,0.22454536168790037,0.12804842431983968,-0.021275886970147418,0
2000-03-14,0.17842815712896667,0.09669370516511212,-0.030774058403371756,0
2000-03-14,0.22450001749670304,0.12031533234640264,-0.01294036149850926,0
2000-03-23,0.15993121474439212,0.09373223160122775,-0.05128344867615957,0
2000-03-23,0.16462342852756137,0.09608072435283051,-0.0646610496405184,0
2000-04-16,0.15650481868397104,0.09525758162889736,-0.03115030745409315,8
2000-05-09,0.16147842801340648,0.08638158142910364,-0.028786490924509293,0
2000-05-09,0.21280000921259543,0.11909213311602306,-0.005051718483531247,1
2000-05-17,0.14091096548113927,0.08190375205765227,-0.028717053106103632,9
2000-09-15,0.29034405595000196,0.16354855469674567,-0.001602358235511447,3
2000-10-01,0.38039123544720777,0.21859096183385063,0.09737402092563575,5
2000-10-08,0.359302604806552,0.18248424274517158,0.07845075056666913,4
2000-10-08,0.4576866598693335,0.24256249218484405,0.15145263482333993,15
2000-10-24,0.3740389194183924,0.20369683303465985,0.08798859857577868,0
2000-10-24,0.4369087666161076,0.23781666345693725,0.12929468149626053,6
2000-11-25,0.40136704588910344,0.2189790736172539,0.09441881082024127,0
2000-11-25,0.39047652671810956,0.20997584814941858,0.0859546134613564,0
2000-12-04,0.411139226360652,0.24118227644020188,0.09385521241345375,0
2000-12-20,0.411276127734714,0.23948887882776174,0.09427586954465765,0
2001-01-20,0.24377424607892217,0.14927555456756447,0.041090936624460256,0
2001-01-28,0.2846820336070273,0.16634505184172577,0.050061316712323015,6
2001-02-05,0.27519285290788326,0.14988887804569623,0.023305931349857683,0
2001-02-06,0.21867710123789488,0.12415787258896764,-0.01601540379846955,0
2001-02-06,0.23409052915943693,0.13412708074039142,-0.007966138816141968,0
2001-03-01,0.19121755332912413,0.10860671284702732,-0.026223246876128006,0
2001-03-26,0.1611967750818826,0.09410871927980301,-0.04312997563342061,0
2001-03-26,0.17281839400320026,0.10183549906918589,-0.04731376288764921,0
2001-04-02,0.148528883944878,0.0841182937458073,-0.039286075207309375,0
2001-04-02,0.19660742530473224,0.11386942675039001,-0.011826385636826562,0
2001-04-26,0.15788994116073565,0.09320401751731834,-0.011458993045523273,8
2001-04-27,0.13851294819271978,0.08050204033723046,-0.05524887721525209,0
2001-04-27,0.14669953278844458,0.08570289151865654,-0.06958300085697075,0
2001-05-04,0.14425769678518952,0.07747320301048234,-0.05029741121286956,0
2001-05-04,0.20131659108887712,0.10999792934989966,-0.023529583935972844,4
2001-05-13,0.13844061959438958,0.08237875671846256,-0.03446970366168284,1
2001-05-13,0.14405694488462345,0.08735535211682358,-0.04627277560215113,5
2001-09-25,0.28042879194084397,0.14630928717705124,0.07643608707388912,19
2001-10-27,0.34296208897302055,0.17924669700984064,0.07059637079830058,0
2001-10-27,0.38698811642563613,0.20616148839465726,0.09495600014027912,2
2001-11-05,0.3558234442019779,0.19582547157063676,0.06956504194220009,1
2001-11-05,0.33719546269028755,0.18351808594777227,0.03684398309540497,2
2002-01-15,0.29127611010196713,0.16304378395371022,0.06944080156750636,1
2002-01-15,0.2878674522083436,0.17603886081757902,0.08664472207433825,2
2002-01-24,0.27753267788291713,0.15365445696338262,0.029715320325279918,0
2002-01-24,0.292079010931686,0.15975223032653568,0.0238672434343682,0
2002-03-20,0.1734465131496528,0.09798105869584273,-0.024565602345351826,0
2002-03-20,0.21414703137024857,0.12277337869054473,-0.005770465024026068,0
2002-03-29,0.16487255170935802,0.0966186701701414,-0.03931055823476641,0
2002-03-29,0.1724198962010759,0.10040093394198468,-0.05656582889494728,0
2002-06-01,0.14130228553324056,0.08175045916645236,-0.032939884386424534,9
2002-06-01,0.13981538802046745,0.08252197311724585,-0.05732631714724996,6
2002-06-08,0.17638157691316741,0.09302214279232655,-0.02466086652033537,0
2002-09-21,0.2391682946189227,0.14119594258538337,0.0027564190294447418,18
2002-09-21,0.23512765727224255,0.13758330180069303,-0.01903837789923315,19
2002-10-07,0.25700427763695133,0.14140043871330452,0.002968894109010815,8
2002-10-07,0.2297320343448716,0.1251027678180631,-0.038792681452511864,13
2002-11-08,0.3642746158203684,0.20384059133029375,0.0714371374095614,3
2002-11-15,0.348762639214113,0.18825956607201216,0.0780342481808515,1
2002-11-15,0.3178259472844988,0.17001227203016492,0.07111927715828065,5
2002-12-26,0.322113661790941,0.18487304996901655,0.06809777922941854,0
2003-01-02,0.3367924062719351,0.1865466759371153,0.08859820165331014,0
2003-01-18,0.24945401906647074,0.14052031196407339,0.04996796132193291,0
2003-01-27,0.24774362354280616,0.14267390985630898,0.00816153288862781,0
2003-02-19,0.17591692976913503,0.09381329526568973,-0.013014879758523671,3
2003-02-19,0.22571264807936628,0.12539937826579878,0.01806456858367391,0
2003-02-28,0.173933681586848,0.10003146274370814,-0.024539287329623575,0
2003-03-23,0.15834203241974973,0.08582250312527687,-0.03417909034450604,0
2003-03-23,0.2129819477959949,0.11910033487101195,-0.008101388062754336,0
2003-04-01,0.161246911653446,0.09280257395005419,-0.03893034842513513,0
2003-04-01,0.16144667662577378,0.09213336825678355,-0.0648208612426798,0
2003-05-10,0.12255934857111161,0.06947002985641303,-0.036071936103372504,0
2003-05-10,0.16613089809158058,0.10018729098683732,-0.013674261506808987,5
2003-05-19,0.156168233449944,0.0890756224950658,-0.0431534994974761,0
2003-05-19,0.15587560351046376,0.08782827200271902,-0.07059732535910881,0
2003-10-17,0.3113261766523846,0.16654799964447384,0.0552684582618753,0
2003-10-17,0.2833861653959004,0.15209524885189574,0.03953010734440993,0
2003-10-26,0.383781337006977,0.2207369174332846,0.07767505477502748,0
2003-10-26,0.3362566930840125,0.1920874134584813,0.02685773526496477,3
2003-11-11,0.36754667216558623,0.2107640203282876,0.08810540498007786,8
2003-11-11,0.3472117267807211,0.19068430490868724,0.06265085008486884,15
2003-11-18,0.3346397602174301,0.1796903424585897,0.07185521585660502,0
2003-11-18,0.2805864443303916,0.1563206179718476,0.05276550249844749,0
2003-12-04,0.30467440540081503,0.1615374742475013,0.052999901153128956,0
2003-12-04,0.26079110944585193,0.14000059313118818,0.029188314305884665,0
2003-12-13,0.33382312881816306,0.18303475588123258,0.05640033789998184,0
2004-01-14,0.2581281165376263,0.14273408530381065,0.016798228430444227,0
2004-01-14,0.22896700272094528,0.12177236400617529,-0.027121051414487996,0
2004-01-21,0.21204702776961806,0.11785232968467357,0.012473638252324448,7
2004-01-21,0.19058921599177175,0.11117118991879167,0.01685691776136857,19
2004-02-15,0.19796688661858403,0.11348781080084927,-0.020402300316450562,0
2004-02-15,0.17778665758449486,0.09878479158755277,-0.05988741653121058,0
2004-02-22,0.16340858751158432,0.08451995400036853,-0.03891113784089023,0
2004-02-22,0.19265152102746003,0.09811036432938136,-0.030868831057075694,0
2004-03-02,0.15942781436641146,0.08910705790039825,-0.07252217374217394,0
2004-03-18,0.1544644897304795,0.08750554471050688,-0.072547618320995,0
2004-03-25,0.14191293782860928,0.07730162112393335,-0.040599817804716824,0
2004-03-25,0.18936527529318714,0.10500773450536371,-0.01929633580087908,0
2004-04-10,0.15496088054425702,0.07963337790047284,-0.04468104729508836,0
2004-04-10,0.2029902799840441,0.10891806724105335,-0.027670597097200135,0
2004-04-11,0.17393640740615057,0.10411006198214778,-0.02511944003296204,0
2004-04-19,0.16533597269073647,0.09401734190163875,-0.040618708985645784,0
2004-04-19,0.14983954312870393,0.0824956814007334,-0.07979720446056171,0
2004-04-27,0.15178234562921214,0.09307615154765295,-0.018769932527526678,0
2004-04-27,0.14565066203764762,0.08511308778999727,-0.055666599836609446,15
2004-05-12,0.1387532743122841,0.07703771981113683,-0.007775268054831611,15
2004-05-21,0.17832593449527254,0.09842705091080287,-0.03807308357302776,2
2004-09-02,0.23851800405378445,0.13924446322820325,-0.010368971996793236,5
2004-09-17,0.2593652734156473,0.15469354550749398,0.041591774761732814,20
2004-10-19,0.35332935714466157,0.1959809393099654,0.08769448770078485,1
2004-10-19,0.36308940965140746,0.21013399835354257,0.1102998689009503,19
2004-10-28,0.3847390553908354,0.2440134078461938,0.09865608384982884,13
2004-11-04,0.34359186032447425,0.19533157775408322,0.10134478321716674,8
2004-11-13,0.3482837301847758,0.21794938798511138,0.07568663541313657,11
2004-11-20,0.3732309630000785,0.19805404035420682,0.08249936699504731,0
2004-11-20,0.3553425918143508,0.1879376099988859,0.0759292415659793,0
2004-11-21,0.37653219997349807,0.22178343710147355,0.0857511593123414,0
2004-11-29,0.3653097666173481,0.21277595486971088,0.07489511580270704,0
2004-11-29,0.37191456832934394,0.20914237904187813,0.059323368354124044,0
2004-12-06,0.3421649059545744,0.18808757854341032,0.07854331930789117,0
2004-12-06,0.3210344942029701,0.1772108117790788,0.07034564086318068,0
2004-12-15,0.3276410169879027,0.18815157407477806,0.05603693468042378,0
2004-12-15,0.33477384668323373,0.18697655416686437,0.044670590554989335,0
2004-12-22,0.30284028334741164,0.1683191574365976,0.06583794319395599,0
2004-12-22,0.297570990791247,0.16365087888160174,0.05775617330898303,0
2004-12-31,0.27543063536952,0.15138630927153712,0.013243498714611047,0
2005-01-07,0.26991079916977245,0.14797879431976776,0.04048636231050017,0
2005-01-07,0.2842595691188058,0.15222304022517283,0.039702795481096224,0
2005-01-16,0.24373231000558032,0.1350999696398438,-0.008672485408608968,0
2005-01-23,0.23047659279984048,0.1261053521976125,0.01705086150674482,1
2005-02-08,0.21378938380774076,0.11287421864643907,-0.005943226751892719,0
2005-02-08,0.24980108348879151,0.12803252644088908,0.0022552038800380163,0
2005-02-09,0.22168140674652423,0.123385384794927,-0.02044933776091902,0
2005-02-09,0.21017183392607713,0.1160895140578924,-0.04470296578507608,0
2005-02-17,0.20668088712389682,0.11370172988319367,-0.025016246168636607,0
2005-02-17,0.19573924922044028,0.1079477750519429,-0.05009242886083964,0
2005-02-24,0.17863264920899555,0.09802851657130983,-0.02220076212089224,0
2005-02-24,0.22506599911288203,0.12060074898635398,-0.006692743082206119,0
2005-02-25,0.19336112364822441,0.11518537394257455,-0.03045249584908661,1
2005-03-05,0.19113720502990242,0.1096285961657117,-0.031099001800367784,0
2005-03-05,0.18028106521114504,0.10206671417766686,-0.058685665884157454,0
2005-03-12,0.18332768919212056,0.09683859524225234,-0.027960967912112264,0
2005-03-12,0.23557493306278335,0.12723113139427475,-0.0026870727787090495,0
2005-03-21,0.17560531947233374,0.10451296062306838,-0.03775034303979782,0
2005-03-21,0.160231110706753,0.0936613180649069,-0.07062633292481388,0
2005-03-28,0.15661729087764026,0.08677142181423529,-0.029058883023809285,0
2005-03-28,0.21018458144034724,0.12135532470321087,-0.000987827190470719,0
2005-04-06,0.15648564526276632,0.09744445087120604,-0.013106360551419172,1
2005-04-06,0.14601261010028257,0.08801860984367663,-0.04569329228906462,10
2005-04-29,0.15764218321140308,0.0890731855043627,-0.036208226472141405,5
2005-04-29,0.21324534359717848,0.12169768254998764,-0.015272354637730128,1
2005-05-15,0.16258717473697473,0.09204579450304602,-0.0281864090952517,5
2005-05-15,0.20032235697796405,0.11977746926397172,-0.007330576409143556,0
2005-09-29,0.43074515598338936,0.26773701469897604,0.13565822893312984,8
2005-10-06,0.37373144336625613,0.20837558191888303,0.09427215628713959,0
2005-10-06,0.419450047896253,0.24198931064951823,0.13263129796465212,2
2005-10-22,0.42917351213124405,0.2330937389757108,0.11172971909845274,0
2005-10-22,0.4528059184587083,0.254142945950835,0.1388090154434558,0
2005-10-23,0.4414817026189549,0.26453144866334966,0.11626823015833815,0
2005-10-23,0.412985253772716,0.25161435986228453,0.08196958454331991,12
2005-11-07,0.4326379615179181,0.26050258916378244,0.13493116518170434,16
2005-11-16,0.43707103929398017,0.25244938215204465,0.10887440544617444,0
2005-11-16,0.4227406989992082,0.24232973057643464,0.07969465582288124,0
2005-12-09,0.36989731735090814,0.20161444723418206,0.08280048085382051,0
2005-12-09,0.3682983385434291,0.2063331739954795,0.09348787545287444,0
2005-12-18,0.3742350830623712,0.21886266613209113,0.08124372877702454,0
2005-12-18,0.36900350532774595,0.20815347977962978,0.06079392028501943,0
2005-12-25,0.33113846526986146,0.18819123048060463,0.08752343905676405,13
2006-01-03,0.31083472317308775,0.18658397069008345,0.0556172918631079,1
2006-01-03,0.30480776944179816,0.1778155360125179,0.034255005732893785,2
2006-01-10,0.24014565667897628,0.14691839129070278,0.04690874269314339,0
2006-01-10,0.2705770468807281,0.16281696286224898,0.06559437132737407,0
2006-01-19,0.2709256397683611,0.154049606578111,0.018543194559319423,0
2006-01-19,0.2629435649763523,0.14708448589025241,-0.0033920252144282624,0
2006-01-26,0.22677490241945633,0.12229339576904688,0.0035496430714666576,0
2006-01-26,0.26294522809927273,0.14385773479613653,0.024018763972743228,0
2006-02-04,0.24149633719216398,0.1352486902010479,0.002102890750861345,0
2006-02-04,0.2347258116256495,0.12973810634378752,-0.01732999712830992,0
2006-02-11,0.20098521337193404,0.11024557401500655,-0.010008522796495353,0
2006-02-11,0.24474635231879677,0.13398214904427871,0.010660706055439367,0
2006-02-20,0.20651070618402176,0.11914711984138852,-0.016973456950200052,0
2006-02-20,0.19912497160107895,0.1142496778036059,-0.03596528406647816,0
2006-02-27,0.17996017307168752,0.1016848183653956,-0.021642345913620235,0
2006-02-27,0.2288459056663326,0.1299492748683585,0.005686113518934097,0
2006-02-28,0.19828961906800252,0.12073863917154413,-0.03181736566044688,4
2006-03-15,0.1940773519817441,0.09970440700657834,-0.032198126041697826,4
2006-03-15,0.25639570279794205,0.13410986824231794,-0.001065728988406989,1
2006-03-24,0.18381458999067607,0.10680770368315269,-0.036503968282901755,0
2006-03-24,0.17522296993643638,0.10119640444178248,-0.06217041616833493,0
2006-03-31,0.14811982303043753,0.08644442128152,-0.030383856871453986,0
2006-03-31,0.21237763187406197,0.1274059827987003,0.0016630484480792533,2
2006-04-09,0.17219875048944425,0.10148061666376204,-0.04181191270596737,0
2006-04-09,0.15896271237966397,0.09278929642645768,-0.07128839298011401,0
2006-04-16,0.15511349325077267,0.08500967592078146,-0.03970804637808046,15
2006-04-16,0.21415987738515432,0.12434712564602371,-0.00767696757537379,14
2006-04-25,0.16278034457515891,0.09858514587413082,-0.04133050523570449,11
2006-04-25,0.15313111648726016,0.09104013485098017,-0.07294973449655515,7
2006-05-02,0.14818234287856816,0.08350931419642035,-0.037553987008864066,0
2006-05-02,0.21240380811455822,0.12779471698771472,-0.006023035508455725,2
2006-05-11,0.15965943647070174,0.09044610144406526,-0.053484456903140125,0
2006-05-11,0.1535268370313026,0.0860524518263536,-0.0832484213607243,20
2006-06-12,0.191189161514689,0.10819593056612672,-0.020454175232133855,7
2006-06-12,0.18925150607575436,0.10437756154473925,-0.054278655500895966,11
2006-09-08,0.29734493387151073,0.16278748360016268,0.04449005001825379,12
2006-10-09,0.385284809188245,0.21810087853443302,0.12318274010630444,17
2006-10-10,0.3506644884282569,0.2134211276520712,0.06276387881678869,7
2006-10-18,0.41778832642172015,0.2574674671714366,0.11055980984748416,1
2006-10-18,0.36431814086168185,0.22013945343738903,0.05660911768364779,7
2006-10-25,0.37270161678853886,0.21347007186468728,0.10669540634872049,8
2006-10-25,0.38379587348768557,0.23606155522983494,0.1449739181246329,4
2006-11-10,0.423768507286311,0.23796744542813963,0.12071007897573247,3
2006-11-10,0.4104687465494588,0.23890782038302513,0.12807115871155048,15
2006-12-12,0.3944145306793524,0.2337316275308067,0.12209678466249736,19
2006-12-12,0.39442548425509366,0.24681619449444836,0.14917097637083365,14
2006-12-13,0.40764954351662314,0.2641317152444203,0.1279360048432496,6
2006-12-28,0.3532603567210945,0.19583286387388762,0.07534240786192727,0
2006-12-28,0.3609533252721621,0.2035769622290588,0.0864800291661923,0
2006-12-29,0.34321532297593593,0.2082500472777082,0.07304472663633013,0
2006-12-29,0.3465943702738101,0.20417506691271448,0.06034701955588868,0
2007-01-06,0.31815573700930366,0.1943292559698457,0.06126631637921814,0
2007-01-06,0.3137148785426813,0.18726841892286186,0.04209854386647352,0
2007-01-13,0.3001986943872497,0.16780026233014564,0.04771888790956048,0
2007-01-13,0.32486605626424603,0.18537182675176717,0.0660283204788938,0
2007-01-30,0.23068540470614832,0.14461513575287763,0.027263295246229252,20
2007-02-07,0.22709807088786715,0.1397195331082228,0.004031021417640825,0
2007-02-07,0.20582140111154162,0.12433889950475091,-0.025202193998875636,0
2007-02-14,0.21146504759496462,0.12344298457586238,0.005842088383390564,0
2007-02-14,0.26890433367721406,0.15291423248553632,0.0272622765477736,0
2007-02-23,0.21402973535534783,0.12813714585605662,-0.005803320677903705,0
2007-02-23,0.1894154871766469,0.11208993315217092,-0.03614442898235437,0
2007-03-02,0.21034987480886877,0.11546372931488169,-0.01111738493438645,1
2007-03-02,0.2865514345444859,0.15762739331072464,0.022770196301167618,0
2007-03-11,0.18669848182808527,0.11540136397397283,-0.01869732253648678,0
2007-03-11,0.16654118788848263,0.10019798584439797,-0.050976031512474464,0
2007-03-18,0.18004789028207405,0.10370103428619512,-0.02194671807031396,0
2007-03-18,0.25141322218829687,0.14840479983131427,0.014549872784582982,2
2007-04-03,0.15717985876527377,0.0941733496292641,-0.02848696097701689,0
2007-04-03,0.2293443821622284,0.14522134531865133,0.01892139970759793,5
2007-04-12,0.17889481940422836,0.10872453468034163,-0.02711050216076818,0
2007-04-12,0.15771490789883985,0.09161873554523707,-0.0677048565499941,8
2007-04-19,0.1687264074119105,0.10018325843734575,-0.015638679595613887,5
2007-04-19,0.2548176677172317,0.15758526306397322,0.03747552311352744,3
2007-04-28,0.16297404927502984,0.0990229755664136,-0.0352653519294681,0
2007-04-28,0.14623817631405864,0.0856409849801902,-0.07489851911214519,0
2007-05-14,0.1560572688839601,0.09351954029877368,-0.037139143735456015,0
2007-05-14,0.14293742550849067,0.08166788794352932,-0.07684105445654467,0
2007-05-30,0.16149903401413293,0.0968793880785526,-0.031032942973673216,4
2007-05-30,0.13620009963401947,0.0796661246315143,-0.07336679733360442,17
2007-10-05,0.4064640504869826,0.27148858066062515,0.09693094887360255,17
2007-11-06,0.43634410046935235,0.25488098901953765,0.09630563603400762,1
2007-11-06,0.432451283737985,0.2539311162849419,0.08418382117234524,6
2007-11-13,0.38671502494572446,0.22516217086042403,0.09554348602755217,0
2007-11-13,0.38082872156106,0.2263154522345797,0.1137692564069623,0
2007-11-22,0.42436082248500884,0.25156540517765014,0.09480606278099282,0
2007-11-22,0.4484733875596239,0.2680823271472509,0.09852525654049313,0
2007-11-29,0.3931810280590638,0.2234109182858462,0.10500610121035525,0
2007-12-15,0.3702402429513522,0.2159215755950223,0.10110109736202137,0
2007-12-24,0.34522674558438904,0.21220233831785418,0.0748337769254822,1
2007-12-31,0.30488342935686075,0.19313951383145553,0.08641558350596928,0
2007-12-31,0.3211512483121751,0.19223651191675037,0.09347168867232142,0
2008-01-09,0.2983599046423633,0.17525467315260412,0.03648429476597382,0
2008-01-09,0.3005179537900434,0.17349765688644272,0.02963483328325432,0
2008-01-16,0.27682063318501343,0.16521414215807592,0.05604274355602105,0
2008-01-16,0.3108388618223306,0.18131171571172455,0.07626655691545944,0
2008-01-25,0.2219964630058217,0.145044621809091,0.022487569753766895,6
2008-01-25,0.22026967132133146,0.1399460483096595,0.00963942801610375,4
2008-02-01,0.2534817097738835,0.1424408082803631,0.029336098518347484,0
2008-02-01,0.31547896574818957,0.17378132648820405,0.059910556847388705,0
2008-02-10,0.2147759560284017,0.13526777530757678,0.00782535372308251,1
2008-02-10,0.2019806098437685,0.1253464077611964,-0.009078941858977679,2
2008-02-17,0.21494008593689684,0.12595345916827885,0.009073701084952066,0
2008-02-17,0.3182574160331301,0.18025072702139144,0.06342907820035576,0
2008-02-26,0.2070548943215524,0.12276722183208724,-0.02198763474180743,0
2008-02-26,0.19770439949375498,0.11571987156157264,-0.044812840076347796,0
2008-03-04,0.19365081973991757,0.1123712071265138,-0.01584842803415644,0
2008-03-04,0.2962936759072107,0.1729353346799107,0.048370300223844365,0
2008-03-13,0.20290354754895326,0.11725844917863976,-0.027964912974126472,8
2008-03-13,0.19378837972322377,0.10890805786876812,-0.05241546913485422,4
2008-04-05,0.21076289373866372,0.11491446199564916,-0.03476018418863138,0
2008-04-05,0.3534692186899471,0.20124742742571472,0.04872680653861983,0
2008-04-13,0.19683593347968847,0.11594198427263615,-0.034393053435419825,0
2008-04-14,0.20883719541774462,0.13005060094441148,-0.020756528045984362,0
2008-04-14,0.19622997941174863,0.12262647926383798,-0.04267812745892861,0
2008-04-21,0.1941518113703773,0.1167743120906029,-0.007989451741544563,13
2008-04-21,0.312352419663343,0.19263589839163842,0.04849223069251552,1
2008-04-29,0.18279211832840356,0.10680080206624855,-0.0311173317270496,0
2008-04-30,0.20653105676728944,0.12295346390128101,-0.024575925707528853,0
2008-04-30,0.2056516475524698,0.12052217817918673,-0.04657184866513859,0
2008-05-07,0.172196203381445,0.09880193647398244,-0.03130814964719946,0
2008-05-07,0.28566413124275924,0.17090341575254936,0.025880927174867605,1
2008-05-08,0.1788127338245526,0.11186670045312058,-0.03070615349086057,0
2008-05-16,0.16144532801983308,0.09779185274541442,-0.030762620879883087,0
2008-05-16,0.159355795261968,0.09667852528043251,-0.047916474015221096,2
2008-05-23,0.17606802464766305,0.0950609091600738,-0.03541766256855514,2
2008-05-24,0.1804489682980481,0.10694321860863415,-0.029543328652025153,9
2008-05-31,0.161158251231254,0.09087302293102863,-0.03234033104088796,6
2008-06-01,0.16502232907364328,0.09330534218144493,-0.04419717611573808,13
2008-10-07,0.41668357991247806,0.24533764028506935,0.11149461590815667,14
2008-10-14,0.3875714163152924,0.2172993370495797,0.10229619138208147,0
2008-10-14,0.4614326354119767,0.2731496158413359,0.15615188442760886,1
2008-10-30,0.38525426270927454,0.21829844601495615,0.10046249741478161,0
2008-10-30,0.4377150890263413,0.2579346894477617,0.14935975902015355,0
2008-10-31,0.38158119583745786,0.22894678994704187,0.10991161000570937,0
2008-10-31,0.36949023455586566,0.2197172841728214,0.07979553402094498,0
2008-11-08,0.3919761373277197,0.2399449472079603,0.10067493612708903,0
2008-11-08,0.3840244969482616,0.22985680893676808,0.073517249411425,0
2008-11-24,0.42283341857759654,0.2450947972128501,0.09300692603029861,1
2008-11-24,0.4263320015120487,0.25040906275704655,0.10053574251310217,8
2008-12-09,0.3637034108343192,0.19708166225786772,0.0751534215053257,0
2008-12-17,0.3403787852870241,0.18700971832451938,0.05703195228617745,0
2008-12-17,0.34692032772433495,0.1934009697070013,0.06519923780415003,0
2008-12-18,0.3600278451989814,0.21321070473115938,0.06775620492261106,0
2008-12-18,0.37888003805807374,0.222426796257774,0.07204650231516492,0
2008-12-26,0.3267887077777243,0.189796177511676,0.04460409936715304,0
2008-12-26,0.3446163059410179,0.198959853627424,0.046918512495785346,1
2009-01-02,0.2858069743985705,0.1625427760761693,0.03983559392285845,0
2009-01-02,0.3107967895040178,0.17503353530478888,0.05580493256319198,0
2009-01-03,0.2934210262395662,0.18223642177914637,0.04540256412687905,0
2009-01-03,0.3034293036024244,0.1833282644334468,0.039236758916485794,0
2009-01-10,0.28582010779610123,0.15297502142755756,0.027345488900112506,0
2009-01-11,0.303291763787262,0.16752401509438422,0.02310700485850306,0
2009-01-11,0.2946153348189026,0.16054386261555081,0.009344004618376912,0
2009-01-19,0.26483249002130216,0.1534733792534819,0.010253376043999689,0
2009-01-26,0.27032109836032636,0.14151736550207816,-0.008513117481615477,0
2009-01-27,0.24465947441457683,0.14516911767692917,0.023786047685918705,12
2009-01-27,0.22618779380308934,0.13470756736241699,0.0021076498516025264,8
2009-02-03,0.2113192663602565,0.11755136641093115,-0.01119508406165128,0
2009-02-03,0.2634765218677738,0.14604634760096963,0.018410590721773153,0
2009-02-04,0.22603697710583268,0.1355949900963708,-0.003682900231463171,0
2009-02-04,0.20504334457210216,0.12253401350485345,-0.025909391500045745,0
2009-02-11,0.1864784779764569,0.10731835191366144,-0.012618679783242794,0
2009-02-12,0.2156563732878001,0.12740410830144422,-0.013666339011584804,0
2009-02-12,0.192018323657873,0.11356988642509591,-0.03871440986686391,0
2009-02-19,0.17684460296175095,0.10474482369302043,-0.018975138587651173,0
2009-02-19,0.25995436111960096,0.1533884323108382,0.030168767924480904,0
2009-02-20,0.20474352018788236,0.1279356241790687,-0.01329974003167862,9
2009-02-28,0.20576103025949227,0.12145726151301318,-0.0225031350622319,0
2009-02-28,0.18751189317627148,0.10968012688279113,-0.05013113142579316,0
2009-03-07,0.16691008959397444,0.09694779032292497,-0.03092746046998674,0
2009-03-07,0.26558153328398,0.15687143827568287,0.030495738161889278,0
2009-03-08,0.17476158948712098,0.1116675437724829,-0.026265390221700893,0
2009-03-08,0.16091379336771058,0.10127313887803255,-0.051271812761167115,0
2009-03-15,0.18447261614577576,0.1018197742538451,-0.02602862477211316,0
2009-03-16,0.20428564159163712,0.11760846750925613,-0.03332076963032989,0
2009-03-16,0.1903878360906583,0.10498428461203513,-0.06478718542987362,0
2009-03-23,0.17285619735916122,0.10118841500900955,-0.023081629187877963,2
2009-03-23,0.30409040499805823,0.1795817282184017,0.052150369560213204,1
2009-04-01,0.18221821785760975,0.10900877374673971,-0.032909034222296435,0
2009-04-01,0.16726636791559338,0.09847419593999088,-0.06411412937132972,0
2009-05-11,0.1595079968261489,0.09196084706531633,-0.05023878447990567,0
2009-05-27,0.14238255596944036,0.09314082499482935,-0.009009169678906755,18
2009-09-16,0.4021839024586924,0.2591774618993206,0.13262226131652233,3
2009-10-10,0.46288359639653315,0.2961300721570548,0.14808750967616338,18
2009-10-10,0.453730023445728,0.29388402332718744,0.11793964660098283,7
2009-10-17,0.4725060302180878,0.2835322509084227,0.17077163352593686,17
2009-10-26,0.4570353422844872,0.27393341101939006,0.1213691447418698,0
2009-10-26,0.44655792742462636,0.2704797317096826,0.09466908124096,0
2009-11-02,0.3951215314950279,0.21805590725468174,0.09540470860832292,0
2009-11-02,0.42053042164017757,0.24329800172920646,0.12286971085285463,0
2009-11-03,0.41948944168059477,0.2539876433565056,0.11105538514353241,0
2009-11-03,0.4079334144367816,0.24833022279561115,0.08296795044506465,0
2009-11-27,0.4655601500370614,0.2592401402236257,0.08236784876279216,0
2009-11-27,0.4454868098844948,0.2445401581255103,0.046849511038545184,1
2009-12-13,0.42927612958511496,0.2632987690141788,0.08588754505965861,0
2009-12-13,0.4271303038676881,0.2627300475442762,0.06616364903932581,0
2009-12-20,0.4150592355978412,0.23313072475896726,0.09398425879673636,0
2009-12-20,0.3879981147409371,0.21352229715586815,0.09589979933338436,0
2010-01-05,0.3877587734760019,0.21726479844974309,0.0759240421401256,2
2010-01-05,0.3829207883660894,0.20879928763306754,0.088687737355701,0
2010-01-21,0.36635447466595183,0.1933431665010581,0.04112394886411815,0
2010-01-21,0.4022195087296105,0.21434090190441876,0.08197790755086326,0
2010-01-22,0.3414976564353686,0.19242423344814022,0.024043089128032002,0
2010-01-22,0.342537615978369,0.19193694728029964,0.006472561301237411,0
2010-01-30,0.32271318514319414,0.20152737365804627,0.031625044815399704,2
2010-01-30,0.31487605312735895,0.19848295685981637,0.011741842424073522,1
2010-02-06,0.2837004853786405,0.171211499428549,0.03310250566151704,13
2010-02-06,0.3449704223546709,0.20048736543519124,0.07765334769552831,2
2010-02-15,0.2873323404195416,0.16594184460381153,-0.006035562968624104,0
2010-02-15,0.27500456802958667,0.15451562291743232,-0.03212874998181085,1
2010-02-22,0.31739041183764255,0.19485459220197318,0.07231861494230754,12
2010-02-23,0.2560364577748921,0.15216325635553213,0.003016346096135062,6
2010-02-23,0.2384866619141651,0.1408636655588419,-0.02820982197820384,0
2010-03-03,0.25928015509582236,0.15840792330109005,-0.013820915103892818,0
2010-03-03,0.22665096660645642,0.13860743082291896,-0.03889351071944944,0
2010-03-19,0.2406313588378432,0.14979494585788156,-0.01823513522305423,2
2010-03-19,0.2114704431880899,0.12943694912052123,-0.048219637202374634,4
2010-03-26,0.3116721617286754,0.1988617848577997,0.0756886473214032,1
2010-03-27,0.19497000225983974,0.12913951305366292,-0.015046568781612386,2
2010-04-27,0.20115314738905515,0.11458241649512353,-0.027647894475510533,1
2010-04-27,0.324416057137723,0.1993791531271474,0.05947882491623487,2
2010-04-28,0.17108398818076093,0.11205369713116879,-0.01302259134441721,7
2010-05-06,0.19817624552140464,0.11844392727433498,-0.027493990314829814,0
2010-05-06,0.17083328696023972,0.10093944162525556,-0.058317390118727254,0
2010-05-13,0.1912812612203947,0.10778853692335048,-0.02614330295284263,0
2010-05-29,0.1930658486789343,0.11050233651730691,-0.020771132735967146,0
2010-05-29,0.3083401032109717,0.18716781162108045,0.048459107780703115,10
2010-05-30,0.1593919440229069,0.09513959171718327,-0.043556101627864385,0
2010-06-07,0.19214796432907272,0.10891239334910273,-0.035656685057366834,2
2010-06-07,0.17225325039308925,0.09611602625072836,-0.06890562966402043,5
2010-10-13,0.5377434676842223,0.3423613206638342,0.16333182895934908,0
2010-10-13,0.5067183413159569,0.3228393642951103,0.1288144679417732,16
2011-01-24,0.3162863449568136,0.1802872347278595,0.03126784992492327,0
2011-01-24,0.3617347357599501,0.20453800913738376,0.06900222707475391,0
2011-01-25,0.2911318678832184,0.1736777878776612,-0.006127978523586171,0
2011-01-25,0.28269658628174865,0.16836115858117937,-0.024975730877425443,0
2011-02-09,0.28527497550070924,0.16252022019437612,0.010275383782822294,0
2011-02-09,0.3463294868691721,0.19657547689727445,0.052380439442826505,0
2011-03-22,0.23259444416602568,0.14215418084902715,-0.01846748921580792,0
2011-03-22,0.20201190642806352,0.12146127243611866,-0.04802813994880941,0
2011-03-30,0.21551816671213733,0.13342103693960689,-0.022564082979748646,0
2011-03-30,0.1915916943294417,0.11765389682132472,-0.050079804728512596,0
2011-04-07,0.20954221569497336,0.13366040407661442,-0.018478835259253396,0
2011-04-07,0.1765987155232318,0.11075376171181012,-0.05070395857723133,0
2011-04-23,0.21846333746640273,0.1323937582548786,-0.02158757799891859,6
2011-04-23,0.18987477731524793,0.11033888170064592,-0.058037965817913685,16
2011-05-09,0.17675225390322497,0.11241396752479754,-0.013750568127874273,1
2011-05-09,0.15733244119699533,0.09664306200974696,-0.049060244928696144,0
2011-05-25,0.15873771203146128,0.0917757904831424,-0.06359020448410282,3
2011-10-07,0.3496009505043505,0.2011322072359448,0.07723135900105856,10
2011-10-07,0.4707984826680964,0.29050959706226065,0.17898817534044725,6
2011-10-08,0.3759407888971131,0.25536459625203906,0.1188681900990032,14
2011-10-16,0.42977877916635593,0.2666416385996999,0.11798085619570654,13
2011-10-16,0.3859887691508952,0.24018346120085407,0.08074166307489332,19
2011-10-23,0.3525335672242738,0.20276008978331017,0.07727140000775447,0
2011-10-23,0.4781233765873186,0.2920778468251232,0.16411335984945707,11
2011-11-08,0.4634240449839282,0.276426048000886,0.14613934056873712,0
2011-11-09,0.37955794250598557,0.23209859592617615,0.09458445133083293,0
2011-11-17,0.3909366697173354,0.23001019613755863,0.07928945780623416,0
2011-11-17,0.3735730844069314,0.2156745665116465,0.045547571809056005,0
2011-11-24,0.33190595996052047,0.1910170145671672,0.07100041487302261,0
2011-11-24,0.38737920289641375,0.24091044379160087,0.1214689288240422,0
2011-12-10,0.30666162476063596,0.17825315530560168,0.06396234542766557,0
2011-12-10,0.36472405411164777,0.22322306290196253,0.10660546324432524,1
2011-12-26,0.2914927296714573,0.16387561271343848,0.04722939623607959,0
2012-01-04,0.28888718632446686,0.16925788701584848,0.03530160798335565,0
2012-01-04,0.26573734910894475,0.1528664724577248,0.005320144309473084,0
2012-01-11,0.2433156164172152,0.1460774779093154,0.04202560996051311,0
2012-01-11,0.3116991644043435,0.19553968721939008,0.08358887499241631,2
2012-01-20,0.26065490198757263,0.1503830918363211,0.020528599483714792,0
2012-01-20,0.23322015425342912,0.13205382213243153,-0.014773353866631825,0
2012-01-27,0.22679704105925141,0.1264214631988318,0.012687427332978509,0
2012-01-27,0.3082241735248768,0.17859021747322423,0.05833459785221297,0
2012-02-05,0.24223519484468575,0.14415041402760975,0.011634825745364223,1
2012-02-05,0.21149205957597558,0.12244602656577998,-0.02433402595991237,1
2012-02-12,0.20296008813249308,0.11380421798409507,-0.0013967023144793717,0
2012-02-12,0.3132904434838428,0.1792800696931829,0.05469673585817928,0
2012-02-21,0.21226600174536378,0.1271132269325539,-0.004883728578729836,0
2012-02-21,0.18026904124940374,0.10614622501113222,-0.042639492035409385,0
2012-02-28,0.1799265998116482,0.10662181534622532,-0.01311166724867013,0
2012-02-28,0.2879104961636424,0.17613341569281224,0.04895267888310584,1
2012-03-15,0.17030075360929048,0.09711091991484186,-0.024377444071193983,0
2012-03-15,0.27840136592870685,0.16454187109831228,0.03548368136877502,6
2012-03-31,0.1517785511176793,0.0903817077632093,-0.022288772242529554,0
2012-03-31,0.24879480764683232,0.1575962791329468,0.03346773597614988,0
2012-04-09,0.16330595637445972,0.1015865116291034,-0.02865415958879008,1
2012-04-09,0.14869163262734691,0.08867676589694005,-0.06099977207095209,1
2012-04-16,0.1674275448156752,0.09034313103848995,-0.03861273340185793,0
2012-04-16,0.2681674198322654,0.15910075899012274,0.017623273648156718,7
2012-04-25,0.1416710457345283,0.08817524958656363,-0.026720890567862803,13
2012-05-02,0.1493377865335126,0.08825868998538618,-0.018056089860386322,0
2012-05-02,0.2882451082560024,0.18234838106362916,0.06609751775937671,12
2012-05-18,0.16189676817121165,0.08859848260627629,-0.03480968794228851,0
2012-05-18,0.3251132321076955,0.19236210011036353,0.0649077241554144,2
2012-06-03,0.1542789148953324,0.0876667019258044,-0.027482446753029112,2
2012-06-03,0.2594818273161234,0.1587646392895034,0.03161319774510554,19
2012-06-12,0.16410983114221386,0.09299284688466138,-0.0447346834257304,1
2012-09-23,0.3135121697395221,0.17720662662978512,0.07175649846649713,9
2012-09-23,0.42575367045709434,0.2628671729447739,0.20754519993396311,12
2012-10-09,0.40385193982811657,0.22523592828559036,0.1354440490563015,6
2012-10-18,0.45030734343518,0.2858301039424311,0.14718101882160148,0
2012-10-18,0.39874816050347295,0.2428478277608519,0.08435318382403278,0
2012-10-25,0.41549212502898386,0.24441766170884308,0.13560794298512033,7
2012-10-25,0.5160319907318097,0.30682058442954036,0.20778165127738682,5
2012-11-10,0.45055057968280543,0.2741754796336558,0.15412931065548352,1
2012-11-10,0.4999244629865773,0.31247987195034455,0.18829373467690871,16
2012-11-19,0.47538938815188647,0.29392180937146645,0.12685810910056197,0
2012-11-26,0.4152434674279329,0.2687937297306951,0.15124884111576747,9
2012-12-12,0.4148273104446009,0.23357197414555478,0.10736867245294741,0
2012-12-12,0.44416642320140765,0.2509312150405417,0.12526033972767744,0
2012-12-21,0.3797425842816612,0.23133852938969918,0.09475905525302021,4
2012-12-28,0.3234659079322901,0.2047572226765637,0.10265706817039125,7
