district_id,state,district,year,t_sd_daily_tmax,t_range_season_tmax,t_p95_tmax,tdays_gt30_tmax,tdays_gt32_tmax,n_days,final_yield_t_ha,weather_temp_c_mean,weather_precip_mm_sum,low_agr_6,low_agr_7
SD000,Andhra Pradesh,ANANTAPUR,2000,1.8069421744329368,9.789100000000001,32.18141,68,13,183,2.949,25.048,585.34,False,False
SD000,Andhra Pradesh,ANANTAPUR,2001,2.252066855823588,13.271900000000002,33.27178,100,45,183,2.908,25.586,569.34,False,False
SD000,Andhra Pradesh,ANANTAPUR,2002,2.154773115295643,12.953499999999998,33.9753,118,59,183,2.282,25.923,410.33,False,False
SD000,Andhra Pradesh,ANANTAPUR,2003,2.2718376674071106,16.231299999999997,35.6801,138,64,183,2.563,26.389,345.83,False,False
SD000,Andhra Pradesh,ANANTAPUR,2004,1.7997078188430555,10.1952,32.76045,95,27,183,3.495,25.36,397.05,False,False
SD000,Andhra Pradesh,ANANTAPUR,2005,2.512755728476848,12.699000000000002,33.97188,78,23,183,2.798,25.172,766.49,False,False
SD000,Andhra Pradesh,ANANTAPUR,2006,1.883211049515522,9.683900000000001,33.54874,117,38,183,3.017,25.955,390.83,False,False
SD000,Andhra Pradesh,ANANTAPUR,2007,2.2162479160750754,12.8399,33.14611,73,24,183,3.1667,25.219,701.4,False,False
SD000,Andhra Pradesh,ANANTAPUR,2008,2.2558400855867924,14.709900000000001,33.159949999999995,104,38,183,3.122,25.498,592.31,False,False
SD000,Andhra Pradesh,ANANTAPUR,2009,2.2355675559476853,11.935699999999997,33.40559,100,36,183,3.15,25.64,748.41,False,False
SD000,Andhra Pradesh,ANANTAPUR,2010,2.3555576496968733,14.4972,33.30471,79,25,183,2.9167,25.631,696.01,False,False
SD000,Andhra Pradesh,ANANTAPUR,2011,1.972572198166527,8.871699999999997,33.31474,108,43,183,2.5061,25.662,494.18,False,False
SD000,Andhra Pradesh,ANANTAPUR,2012,2.2632541045663226,14.352500000000003,34.505610000000004,123,58,183,2.661,26.035,428.61,False,False
SD001,Andhra Pradesh,CHITTOOR,2000,1.9103776617534636,9.108700000000002,32.93805,94,29,183,2.642,25.448,591.15,False,False
SD001,Andhra Pradesh,CHITTOOR,2001,2.808165932975621,13.014299999999999,34.113640000000004,111,57,183,2.269,25.905,881.92,False,False
SD001,Andhra Pradesh,CHITTOOR,2002,2.5944552419549765,13.486399999999996,33.49136,124,79,183,2.484,26.141,482.06,False,False
SD001,Andhra Pradesh,CHITTOOR,2003,2.8578299442003496,16.1549,36.27554,125,69,183,2.085,26.343,521.0,False,False
SD001,Andhra Pradesh,CHITTOOR,2004,2.6127999631630727,11.5093,33.37434,103,48,183,2.274,25.504,567.4,False,False
SD001,Andhra Pradesh,CHITTOOR,2005,3.110191080826834,13.6475,34.49322,111,46,183,2.289,25.706,934.2,False,False
SD001,Andhra Pradesh,CHITTOOR,2006,2.551751867638442,12.189,33.869730000000004,122,59,183,2.494,26.059,580.66,False,False
SD001,Andhra Pradesh,CHITTOOR,2007,2.3145162385809477,12.521999999999998,32.67311,89,20,183,2.8,25.283,824.88,False,False
SD001,Andhra Pradesh,CHITTOOR,2008,2.3979100401012845,13.293399999999998,33.90211,99,44,183,2.628,25.804,811.75,False,False
SD001,Andhra Pradesh,CHITTOOR,2009,2.634632023454317,12.9909,34.44569,132,77,183,2.844,26.401,645.25,False,False
SD001,Andhra Pradesh,CHITTOOR,2010,2.4492633229671505,16.156,33.33657,89,25,183,2.9768,25.628,958.85,False,False
SD001,Andhra Pradesh,CHITTOOR,2011,2.4554482182531703,11.585399999999996,33.90342,121,66,183,3.213,26.009,616.46,False,False
SD001,Andhra Pradesh,CHITTOOR,2012,2.806420049235905,15.993500000000001,35.82311,126,82,183,3.493,26.612,535.02,False,False
SD002,Andhra Pradesh,EAST GODAVARI,2000,1.7781425799193686,9.947400000000002,32.6361,93,20,183,2.691,26.454,1242.52,False,False
SD002,Andhra Pradesh,EAST GODAVARI,2001,2.0880685135676056,13.660200000000003,32.86534,89,25,183,2.626,26.639,979.38,False,False
SD002,Andhra Pradesh,EAST GODAVARI,2002,2.515328144240992,10.934199999999997,34.77776,97,61,183,2.829,27.047,763.68,False,False
SD002,Andhra Pradesh,EAST GODAVARI,2003,3.200764035514592,17.8018,38.04480000000001,72,20,183,3.249,26.673,1309.19,False,False
SD002,Andhra Pradesh,EAST GODAVARI,2004,2.124727769484746,11.218000000000004,33.8095,81,26,183,3.312,26.511,1073.05,False,False
SD002,Andhra Pradesh,EAST GODAVARI,2005,3.4544835758977404,17.4832,37.72869,82,32,183,1.604,26.881,1269.64,False,False
SD002,Andhra Pradesh,EAST GODAVARI,2006,2.567364422733882,12.558700000000002,34.73967,99,34,183,2.403,26.763,1416.43,False,False
SD002,Andhra Pradesh,EAST GODAVARI,2007,1.972517544228765,11.748600000000003,33.48886,68,16,183,2.9545,26.486,1540.13,False,False
SD002,Andhra Pradesh,EAST GODAVARI,2008,1.9536538621302069,11.5015,33.16373,96,21,183,2.983,26.636,1072.4,False,False
SD002,Andhra Pradesh,EAST GODAVARI,2009,2.9968693584265584,13.269100000000002,37.230199999999996,119,55,183,3.05,27.581,1004.49,False,False
SD002,Andhra Pradesh,EAST GODAVARI,2010,2.66425657805408,16.114800000000002,33.56082,83,20,183,1.926,26.661,1763.38,False,False
SD002,Andhra Pradesh,EAST GODAVARI,2011,1.9443932270821271,10.771200000000004,34.013040000000004,106,36,183,2.9869,26.971,990.38,False,False
SD002,Andhra Pradesh,EAST GODAVARI,2012,3.17313339915353,18.301000000000002,35.66259,74,26,183,1.531,26.679,1367.88,False,False
SD003,Andhra Pradesh,GUNTUR,2000,1.7931067774573821,9.917200000000005,33.85723,140,61,183,3.371,27.334,933.66,False,False
SD003,Andhra Pradesh,GUNTUR,2001,2.776662629698486,15.171200000000002,36.983689999999996,143,92,183,3.432,28.33,666.64,False,False
SD003,Andhra Pradesh,GUNTUR,2002,3.161153472642895,13.223300000000002,37.77346,148,116,183,3.187,28.74,500.67,False,False
SD003,Andhra Pradesh,GUNTUR,2003,3.4739062264370437,18.238,39.93014,118,75,183,2.833,28.079,810.63,False,False
SD003,Andhra Pradesh,GUNTUR,2004,2.8497184081304283,17.7652,36.88263,147,78,183,3.469,27.938,707.85,False,False
SD003,Andhra Pradesh,GUNTUR,2005,3.7670826568852083,17.224700000000002,40.5067,116,84,183,3.09,28.13,824.32,False,False
SD003,Andhra Pradesh,GUNTUR,2006,3.222820640289274,15.285099999999996,37.29734,134,100,183,2.716,28.302,864.83,False,False
SD003,Andhra Pradesh,GUNTUR,2007,2.6368998801955117,15.813300000000002,36.01268,117,57,183,3.4488,27.399,1124.48,False,False
SD003,Andhra Pradesh,GUNTUR,2008,2.9473305234761478,15.276799999999998,37.401030000000006,149,88,183,3.408,28.187,831.24,False,False
SD003,Andhra Pradesh,GUNTUR,2009,3.383744892668699,15.0059,39.23223,149,124,183,3.586,29.293,668.81,False,False
SD003,Andhra Pradesh,GUNTUR,2010,2.7714848045945915,16.5661,35.17264,116,49,183,2.397,27.625,1177.76,False,False
SD003,Andhra Pradesh,GUNTUR,2011,2.314396797250636,12.497,37.207969999999996,165,113,183,3.8359,28.575,574.45,False,False
SD003,Andhra Pradesh,GUNTUR,2012,3.011539203488708,18.3173,39.32187000000001,150,103,183,3.479,28.403,664.45,False,False
SD005,Andhra Pradesh,KRISHNA,2000,1.6603377374741062,10.310199999999998,33.21675,137,44,183,3.088,27.339,1161.06,False,False
SD005,Andhra Pradesh,KRISHNA,2001,2.4671373170104274,14.697100000000002,36.07878,133,69,183,2.915,28.028,804.84,False,False
SD005,Andhra Pradesh,KRISHNA,2002,2.9763436416950975,12.650099999999998,37.27054,145,96,183,3.121,28.625,550.57,False,False
SD005,Andhra Pradesh,KRISHNA,2003,3.302817601825775,17.4155,38.88414,116,53,183,2.368,27.842,983.7,False,False
SD005,Andhra Pradesh,KRISHNA,2004,2.5502019727930314,15.970099999999995,35.702420000000004,123,70,183,3.281,27.655,834.7,False,False
SD005,Andhra Pradesh,KRISHNA,2005,3.5819811447096797,17.6657,39.497060000000005,110,63,183,2.735,28.004,1003.71,False,False
SD005,Andhra Pradesh,KRISHNA,2006,2.812152080993281,13.643499999999996,36.65641,127,77,183,2.073,27.987,1162.39,False,False
SD005,Andhra Pradesh,KRISHNA,2007,2.332659534241893,14.886800000000001,35.076370000000004,113,48,183,3.6169,27.437,1233.32,False,False
SD005,Andhra Pradesh,KRISHNA,2008,2.5010567522824974,13.9235,36.19716,147,69,183,3.503,27.964,914.08,False,False
SD005,Andhra Pradesh,KRISHNA,2009,3.253012053026587,14.4225,38.9087,146,107,183,3.437,29.082,781.29,False,False
SD005,Andhra Pradesh,KRISHNA,2010,2.6752767589737374,15.982200000000002,35.08006,109,40,183,2.7769,27.652,1347.54,False,False
SD005,Andhra Pradesh,KRISHNA,2011,2.2406617324925584,11.9312,36.98982,160,73,183,3.7291,28.335,681.23,False,False
SD005,Andhra Pradesh,KRISHNA,2012,3.0535941414682903,17.187000000000005,38.839000000000006,138,67,183,3.588,28.002,817.37,False,False
SD006,Andhra Pradesh,KURNOOL,2000,1.8306998545392623,10.640799999999999,33.10161,112,25,183,3.299,25.934,734.82,False,False
SD006,Andhra Pradesh,KURNOOL,2001,2.495374594396804,13.1419,34.882310000000004,120,75,183,2.792,26.782,577.77,False,False
SD006,Andhra Pradesh,KURNOOL,2002,2.184590124449369,12.304099999999998,35.04143,144,78,183,2.096,26.905,461.12,False,False
SD006,Andhra Pradesh,KURNOOL,2003,2.618605861356888,17.9084,38.21894,158,76,183,2.907,27.177,456.69,False,False
SD006,Andhra Pradesh,KURNOOL,2004,2.087893322782417,12.504700000000003,34.54782,131,46,183,3.428,26.399,512.49,False,False
SD006,Andhra Pradesh,KURNOOL,2005,2.749398616749762,14.452200000000001,36.299949999999995,95,48,183,3.304,26.258,720.68,False,False
SD006,Andhra Pradesh,KURNOOL,2006,2.085093160018008,10.084500000000002,34.58782,130,64,183,3.349,26.835,493.56,False,False
SD006,Andhra Pradesh,KURNOOL,2007,2.308199751123436,13.683000000000003,34.40626,96,23,183,3.6889,25.964,940.07,False,False
SD006,Andhra Pradesh,KURNOOL,2008,2.6969974020920473,13.428500000000003,35.30311,123,68,183,3.329,26.667,624.12,False,False
SD006,Andhra Pradesh,KURNOOL,2009,2.485080833164474,12.593500000000002,34.82687000000001,124,77,183,3.131,26.865,800.24,False,False
SD006,Andhra Pradesh,KURNOOL,2010,2.494556601192399,15.212800000000001,33.8741,89,24,183,2.7997,26.294,878.07,False,False
SD006,Andhra Pradesh,KURNOOL,2011,2.0845716917760555,9.580799999999996,34.60789,129,72,183,3.6298,26.702,605.93,False,False
SD006,Andhra Pradesh,KURNOOL,2012,2.442465251321461,14.651499999999999,36.001470000000005,134,63,183,3.811,26.871,557.87,False,False
SD007,Andhra Pradesh,PRAKASAM,2000,2.030342542660435,10.338900000000002,33.99543,129,60,183,3.094,27.035,833.48,False,False
SD007,Andhra Pradesh,PRAKASAM,2001,2.942333103544229,15.1963,36.18484,133,94,183,3.286,28.0,606.35,False,False
SD007,Andhra Pradesh,PRAKASAM,2002,3.0710501561052173,14.9103,36.23275,130,102,183,2.437,27.966,529.36,False,False
SD007,Andhra Pradesh,PRAKASAM,2003,3.256746460277643,18.0427,39.40063000000001,125,79,183,2.872,27.924,616.78,False,False
SD007,Andhra Pradesh,PRAKASAM,2004,2.851303175329742,15.134000000000004,36.0234,118,76,183,3.479,27.504,603.62,False,False
SD007,Andhra Pradesh,PRAKASAM,2005,3.4960304530197845,15.782100000000003,38.65811,118,80,183,2.654,27.696,732.52,False,False
SD007,Andhra Pradesh,PRAKASAM,2006,3.0606693694886817,13.8167,36.557230000000004,134,114,183,3.03,28.055,579.29,False,False
SD007,Andhra Pradesh,PRAKASAM,2007,2.7119000539665943,14.166599999999999,36.17358,111,61,183,3.6809,27.099,888.67,False,False
SD007,Andhra Pradesh,PRAKASAM,2008,2.987275954342964,15.761199999999995,36.38604,142,89,183,3.537,27.835,803.67,False,False
SD007,Andhra Pradesh,PRAKASAM,2009,3.2308957939737777,13.305600000000002,37.56022,147,121,183,3.572,28.677,601.67,False,False
SD007,Andhra Pradesh,PRAKASAM,2010,2.704154742116404,16.4012,34.94513,113,46,183,2.9318,27.265,1018.1,False,False
SD007,Andhra Pradesh,PRAKASAM,2011,2.521156442803273,10.345500000000005,36.629760000000005,154,103,183,3.449,28.191,499.5,False,False
SD007,Andhra Pradesh,PRAKASAM,2012,2.98379997762412,16.865399999999998,38.29464,142,105,183,3.593,28.21,592.51,False,False
SD009,Andhra Pradesh,SRIKAKULAM,2000,1.7562437728139648,9.8411,33.47538,120,47,183,1.924,27.071,1134.5,False,False
SD009,Andhra Pradesh,SRIKAKULAM,2001,2.219453294791617,11.965899999999998,33.42751,105,40,183,2.202,26.982,1615.19,False,False
SD009,Andhra Pradesh,SRIKAKULAM,2002,2.495478663981152,12.511499999999998,35.45247,109,57,183,1.747,27.273,910.96,False,False
SD009,Andhra Pradesh,SRIKAKULAM,2003,2.8282386092701217,14.540599999999998,38.155480000000004,93,36,183,2.241,27.078,1360.81,False,False
SD009,Andhra Pradesh,SRIKAKULAM,2004,2.1966292887852346,11.006399999999996,35.51327,101,49,183,2.351,27.083,1103.79,False,False
SD009,Andhra Pradesh,SRIKAKULAM,2005,3.6284483138298427,16.769400000000005,39.521370000000005,94,45,183,1.768,27.299,1406.03,False,False
SD009,Andhra Pradesh,SRIKAKULAM,2006,2.557939505046085,11.563199999999998,35.354260000000004,107,52,183,2.535,27.231,1527.05,False,False
SD009,Andhra Pradesh,SRIKAKULAM,2007,1.9699528005031721,11.447299999999998,34.243759999999995,101,31,183,3.0498,26.998,1428.47,False,False
SD009,Andhra Pradesh,SRIKAKULAM,2008,1.7779776527421243,10.340599999999998,33.36311,124,24,183,2.01,27.028,1201.61,False,False
SD009,Andhra Pradesh,SRIKAKULAM,2009,3.1724934492773476,13.9954,38.680299999999995,129,72,183,2.1,27.952,1014.93,False,False
SD009,Andhra Pradesh,SRIKAKULAM,2010,2.5608508139365354,16.2482,34.67946,105,31,183,0.8136,27.15,1541.3,False,False
SD009,Andhra Pradesh,SRIKAKULAM,2011,1.8861041684107904,11.380200000000002,34.41297,128,49,183,1.9172,27.26,920.24,False,False
SD009,Andhra Pradesh,SRIKAKULAM,2012,3.0608557937804686,16.655599999999996,37.02892000000001,99,32,183,2.53,27.059,1469.15,False,False
SD011,Andhra Pradesh,VIZIANAGARAM,2000,1.8365027150930886,9.501299999999997,33.62695,115,37,183,1.65,26.349,996.24,False,False
SD011,Andhra Pradesh,VIZIANAGARAM,2001,2.2796422456799217,13.450600000000001,33.17392,95,36,183,1.878,26.252,1233.42,False,False
SD011,Andhra Pradesh,VIZIANAGARAM,2002,2.4971478683146313,11.5548,35.06619,105,56,183,1.228,26.635,812.47,False,False
SD011,Andhra Pradesh,VIZIANAGARAM,2003,3.331789360604752,18.9752,39.85808,82,29,183,2.101,26.45,1298.93,False,False
SD011,Andhra Pradesh,VIZIANAGARAM,2004,2.3693397152251165,12.6006,35.19712,92,43,183,2.327,26.298,1130.61,False,False
SD011,Andhra Pradesh,VIZIANAGARAM,2005,3.778755937280032,16.746100000000002,39.39978,86,37,183,1.39,26.566,1240.0,False,False
SD011,Andhra Pradesh,VIZIANAGARAM,2006,2.7062554512103825,12.5762,35.20829,100,45,183,2.397,26.449,1384.04,False,False
SD011,Andhra Pradesh,VIZIANAGARAM,2007,2.204101316064625,12.955399999999997,34.297560000000004,83,28,183,2.9194,26.285,1327.58,False,False
SD011,Andhra Pradesh,VIZIANAGARAM,2008,1.8835560327681873,11.698899999999998,33.28066,115,21,183,2.388,26.373,1090.04,False,False
SD011,Andhra Pradesh,VIZIANAGARAM,2009,3.2595914120156064,14.140999999999998,38.17539,125,67,183,2.198,27.235,973.86,False,False
SD011,Andhra Pradesh,VIZIANAGARAM,2010,2.851736355933851,17.3613,34.550470000000004,89,25,183,2.5751,26.402,1653.48,False,False
SD011,Andhra Pradesh,VIZIANAGARAM,2011,1.9283759049396507,12.142800000000001,34.33456,110,40,183,2.1468,26.534,834.03,False,False
SD011,Andhra Pradesh,VIZIANAGARAM,2012,3.2757275312343497,18.695899999999998,36.55821,82,29,183,2.574,26.299,1492.21,False,False
SD012,Andhra Pradesh,WEST GODAVARI,2000,1.7062759360509534,10.1539,32.93212,140,40,183,2.911,27.043,1270.69,False,False
SD012,Andhra Pradesh,WEST GODAVARI,2001,2.1858318301080715,14.7927,34.60487,112,47,183,2.589,27.369,892.18,False,False
SD012,Andhra Pradesh,WEST GODAVARI,2002,2.7732292284269957,12.412299999999998,36.5291,144,79,183,3.072,28.018,611.08,False,False
SD012,Andhra Pradesh,WEST GODAVARI,2003,3.2961112606015677,18.2461,38.53372,100,40,183,3.499,27.369,1148.33,False,False
SD012,Andhra Pradesh,WEST GODAVARI,2004,2.2716910316980314,14.960999999999999,34.92725,116,50,183,3.448,27.139,954.59,False,False
SD012,Andhra Pradesh,WEST GODAVARI,2005,3.5681543962777806,18.222800000000003,38.86008,106,49,183,1.877,27.564,1120.03,False,False
SD012,Andhra Pradesh,WEST GODAVARI,2006,2.626972675635588,13.307299999999998,35.818819999999995,118,63,183,2.781,27.476,1261.35,False,False
SD012,Andhra Pradesh,WEST GODAVARI,2007,2.127047807094755,14.1711,34.226580000000006,114,29,183,3.248,27.118,1431.47,False,False
SD012,Andhra Pradesh,WEST GODAVARI,2008,2.1505054424548624,12.974700000000002,34.52053,142,52,183,3.048,27.423,1016.52,False,False
SD012,Andhra Pradesh,WEST GODAVARI,2009,3.072036712034684,14.163499999999999,38.453959999999995,137,87,183,3.101,28.405,881.01,False,False
SD012,Andhra Pradesh,WEST GODAVARI,2010,2.7745743482130885,16.618,34.9153,100,36,183,2.1816,27.333,1537.2,False,False
SD012,Andhra Pradesh,WEST GODAVARI,2011,2.062343230486447,11.3991,35.76218,151,62,183,3.1808,27.854,823.06,False,False
SD012,Andhra Pradesh,WEST GODAVARI,2012,3.1443571611525387,17.8072,37.98351000000001,121,44,183,1.989,27.44,1069.91,False,False
SD013,Tamil Nadu,ARIYALUR,2009,3.255394635024268,14.2899,37.92885,153,143,183,3.0973,29.186,692.9,False,False
SD013,Tamil Nadu,ARIYALUR,2010,2.915941923296867,16.095000000000002,37.41778,153,119,183,3.882,28.342,951.22,False,False
SD013,Tamil Nadu,ARIYALUR,2011,3.2043780994189666,13.471500000000002,37.95826,150,133,183,4.0361,28.668,731.59,False,False
SD013,Tamil Nadu,ARIYALUR,2012,3.597719459658818,18.2638,38.82314,153,131,183,2.0768,29.273,646.48,False,False
SD016,Tamil Nadu,COIMBATORE,2009,1.830023361651002,9.378599999999999,30.73147,19,0,183,3.5087,24.022,1242.63,True,True
SD016,Tamil Nadu,COIMBATORE,2010,1.7904511421692146,11.6939,29.80631,8,4,183,3.9081,23.806,1335.78,True,True
SD016,Tamil Nadu,COIMBATORE,2011,1.5970375575744138,8.493299999999998,30.12669,12,0,183,3.9886,23.619,1280.2,True,True
SD016,Tamil Nadu,COIMBATORE,2012,1.8844388646029964,9.366400000000002,31.3797,35,5,183,3.6596,24.212,826.39,True,True
SD017,Tamil Nadu,CUDDALORE,2000,2.6135578159478294,13.069399999999998,36.97325,154,115,183,3.8127,28.462,689.42,False,False
SD017,Tamil Nadu,CUDDALORE,2001,3.114266764449913,12.141199999999998,37.47164,147,116,183,3.7168,28.742,637.38,False,False
SD017,Tamil Nadu,CUDDALORE,2002,2.983656757057525,13.248999999999999,36.905730000000005,151,134,183,2.7528,28.999,501.49,False,False
SD017,Tamil Nadu,CUDDALORE,2003,3.4580623181559247,17.2166,38.45389,149,123,183,3.0496,29.0,806.76,False,False
SD017,Tamil Nadu,CUDDALORE,2004,3.158858807446102,13.926199999999998,36.549330000000005,130,107,183,2.7548,27.991,882.66,False,False
SD017,Tamil Nadu,CUDDALORE,2005,3.519531742885057,14.495600000000003,37.4575,144,117,183,1.9104,28.495,1184.86,False,False
SD017,Tamil Nadu,CUDDALORE,2006,3.429485193497179,14.205800000000004,37.37974,138,125,183,3.7214,28.647,859.7,False,False
SD017,Tamil Nadu,CUDDALORE,2007,2.689018047762636,14.246300000000002,35.74164,135,114,183,3.26,27.996,897.68,False,False
SD017,Tamil Nadu,CUDDALORE,2008,2.8055715058847097,13.1052,36.59302,159,123,183,2.0765,28.574,929.45,False,False
SD017,Tamil Nadu,CUDDALORE,2009,3.1264247038267423,13.1129,37.456700000000005,151,137,183,2.8961,29.141,743.08,False,False
SD017,Tamil Nadu,CUDDALORE,2010,2.748143803427714,15.427400000000002,36.345420000000004,146,101,183,2.6033,28.199,1089.68,False,False
SD017,Tamil Nadu,CUDDALORE,2011,3.002534866320997,12.9436,37.25383,145,128,183,2.0519,28.547,817.82,False,False
SD017,Tamil Nadu,CUDDALORE,2012,3.3424559130603075,16.930899999999998,38.318200000000004,147,124,183,3.0305,29.073,820.93,False,False
SD018,Tamil Nadu,DHARMAPURI,2004,2.0407454260592783,10.361800000000002,31.595560000000003,64,3,183,2.7717,24.434,635.38,False,False
SD018,Tamil Nadu,DHARMAPURI,2005,2.4134201915030915,10.874899999999997,32.272670000000005,76,12,183,2.9421,24.746,951.96,False,False
SD018,Tamil Nadu,DHARMAPURI,2006,1.941949588074714,10.020600000000002,31.980169999999998,88,9,183,3.6118,24.976,597.31,False,False
SD018,Tamil Nadu,DHARMAPURI,2007,2.053866558487786,11.915300000000002,32.40301,62,11,183,3.7442,24.654,724.71,False,False
SD018,Tamil Nadu,DHARMAPURI,2008,1.9869219847176562,12.5501,32.01182,77,10,183,3.8161,24.862,738.14,False,False
SD018,Tamil Nadu,DHARMAPURI,2009,2.0073224521027773,10.462900000000005,32.05794,80,12,183,3.9229,24.984,731.3,False,False
SD018,Tamil Nadu,DHARMAPURI,2010,2.033331034264175,13.5074,31.94705,49,8,183,4.0769,24.757,844.24,False,False
SD018,Tamil Nadu,DHARMAPURI,2011,1.935516406200451,9.525000000000002,31.959030000000002,65,8,183,4.7374,24.682,683.22,False,False
SD018,Tamil Nadu,DHARMAPURI,2012,2.2876060998807755,14.473200000000002,33.69565,106,45,183,4.4713,25.337,594.42,False,False
SD019,Tamil Nadu,DINDIGUL,2000,2.0372352518394377,10.718200000000003,33.19605,94,32,183,4.415,25.184,800.85,True,True
SD019,Tamil Nadu,DINDIGUL,2001,2.178753350637375,11.451800000000002,33.08276,103,35,183,4.7392,25.374,771.68,True,True
SD019,Tamil Nadu,DINDIGUL,2002,2.4302170334219158,11.8186,33.67303,121,69,183,3.4289,25.789,700.05,True,True
SD019,Tamil Nadu,DINDIGUL,2003,2.8634259649448093,15.1889,34.299659999999996,107,45,183,2.831,25.38,999.97,True,True
SD019,Tamil Nadu,DINDIGUL,2004,2.596662838993487,11.767999999999997,32.64656,96,27,183,3.5303,24.893,964.95,True,True
SD019,Tamil Nadu,DINDIGUL,2005,2.5811459717878593,12.467799999999997,33.00517,103,43,183,3.1727,25.343,1069.02,True,True
SD019,Tamil Nadu,DINDIGUL,2006,2.5109508531140827,10.567800000000002,32.77411,107,43,183,4.3665,25.229,1080.29,True,True
SD019,Tamil Nadu,DINDIGUL,2007,2.2100977368593693,11.962899999999998,32.255750000000006,76,16,183,3.9267,24.969,1123.1,True,True
SD019,Tamil Nadu,DINDIGUL,2008,2.2194916155850994,11.160600000000002,32.75596,106,34,183,3.7,25.36,934.11,True,True
SD019,Tamil Nadu,DINDIGUL,2009,2.3233589062646782,12.2239,32.987049999999996,105,32,183,4.7365,25.451,1045.61,True,True
SD019,Tamil Nadu,DINDIGUL,2010,2.1674952018265583,13.596599999999999,32.15038,82,11,183,5.3438,25.093,1323.46,True,True
SD019,Tamil Nadu,DINDIGUL,2011,2.2879270611780353,11.231999999999996,32.47957,97,24,183,5.396,25.122,1088.5,True,True
SD019,Tamil Nadu,DINDIGUL,2012,2.2428430831018122,11.411400000000004,33.59163,126,61,183,3.2509,25.778,707.96,True,True
SD020,Tamil Nadu,ERODE,2009,2.146931141992387,11.600100000000001,33.09915,103,28,183,4.104,25.41,919.29,True,True
SD020,Tamil Nadu,ERODE,2010,2.008178829846428,13.5502,32.07033,67,10,183,4.2156,25.032,1114.17,True,True
SD020,Tamil Nadu,ERODE,2011,1.8293687359131807,9.461300000000001,32.07582,69,11,183,4.2812,24.869,1008.09,True,True
SD020,Tamil Nadu,ERODE,2012,2.1887944613659287,13.533100000000001,34.20633,119,53,183,4.4109,25.657,659.77,True,True
SD022,Tamil Nadu,KANCHEEPURAM,2000,2.333044242213899,10.678300000000004,35.783210000000004,151,110,183,3.3289,28.251,605.71,False,False
SD022,Tamil Nadu,KANCHEEPURAM,2001,3.1847885306550405,13.008,37.302260000000004,143,111,183,3.5435,28.685,879.64,False,False
SD022,Tamil Nadu,KANCHEEPURAM,2002,3.0453093975994343,13.1186,36.68668,142,126,183,2.8545,28.857,493.17,False,False
SD022,Tamil Nadu,KANCHEEPURAM,2003,2.745535554437049,12.970799999999997,37.47022,146,112,183,3.0441,28.679,572.42,False,False
SD022,Tamil Nadu,KANCHEEPURAM,2004,3.0898017502103907,12.308499999999999,36.521179999999994,127,102,183,3.0205,28.221,778.65,False,False
SD022,Tamil Nadu,KANCHEEPURAM,2005,3.450036208882732,13.459700000000002,37.26829,140,116,183,2.5617,28.52,1099.14,False,False
SD022,Tamil Nadu,KANCHEEPURAM,2006,3.154597966108483,12.7132,36.8096,136,119,183,3.8323,28.595,846.42,False,False
SD022,Tamil Nadu,KANCHEEPURAM,2007,2.479422139894414,12.955099999999998,35.09993,128,83,183,3.7778,27.712,1010.9,False,False
SD022,Tamil Nadu,KANCHEEPURAM,2008,2.599723603818284,12.499100000000002,36.3426,152,105,183,3.6227,28.374,973.5,False,False
SD022,Tamil Nadu,KANCHEEPURAM,2009,3.088965849281598,12.972500000000004,37.48455,152,133,183,3.6413,29.251,630.84,False,False
SD022,Tamil Nadu,KANCHEEPURAM,2010,2.411413673302884,14.783699999999996,35.24343,138,91,183,3.9548,28.126,1117.1,False,False
SD022,Tamil Nadu,KANCHEEPURAM,2011,2.750383955898847,11.428599999999996,36.57837,147,120,183,4.3731,28.576,750.08,False,False
SD022,Tamil Nadu,KANCHEEPURAM,2012,3.1427121897916854,15.253799999999998,38.39957,149,120,183,4.4338,29.02,673.48,False,False
SD023,Tamil Nadu,KANNIYAKUMARI,2000,1.5428953734956605,8.761399999999998,30.77298,26,0,183,4.526,25.335,934.21,True,True
SD023,Tamil Nadu,KANNIYAKUMARI,2001,1.3201380229978255,6.9386000000000045,31.06056,24,2,183,4.3002,25.468,676.46,True,True
SD023,Tamil Nadu,KANNIYAKUMARI,2002,1.490986547964029,7.8672,31.70797,47,4,183,3.7797,25.697,831.44,True,True
SD023,Tamil Nadu,KANNIYAKUMARI,2003,1.467361004572408,8.945799999999995,31.160610000000002,38,1,183,3.0541,25.67,800.04,True,True
SD023,Tamil Nadu,KANNIYAKUMARI,2004,1.1260853859626776,6.362399999999997,29.99931,10,0,183,3.9283,25.234,750.82,True,True
SD023,Tamil Nadu,KANNIYAKUMARI,2005,1.359204914682138,6.776500000000002,30.55153,21,1,183,3.8013,25.44,1045.43,True,True
SD023,Tamil Nadu,KANNIYAKUMARI,2006,1.2993469136434794,6.776400000000002,30.16883,15,0,183,4.3974,25.36,1140.28,True,True
SD023,Tamil Nadu,KANNIYAKUMARI,2007,1.1602522928269818,7.181899999999999,29.836039999999997,8,0,183,4.4331,25.316,871.39,True,True
SD023,Tamil Nadu,KANNIYAKUMARI,2008,1.375513280494212,6.961200000000002,30.844950000000004,21,0,183,4.5998,25.483,1017.93,True,True
SD023,Tamil Nadu,KANNIYAKUMARI,2009,1.36283836874886,7.5349,30.54579,26,0,183,4.405,25.523,1156.47,True,True
SD023,Tamil Nadu,KANNIYAKUMARI,2010,1.1988887750269441,7.321400000000001,29.587780000000002,7,0,183,4.7317,25.294,1177.35,True,True
SD023,Tamil Nadu,KANNIYAKUMARI,2011,1.425329868438941,6.837600000000002,30.79882,29,0,183,5.4228,25.506,910.99,True,True
SD023,Tamil Nadu,KANNIYAKUMARI,2012,1.470710167384481,7.905700000000003,31.425819999999998,38,3,183,4.6634,25.833,723.42,True,True
SD024,Tamil Nadu,KARUR,2000,2.2654454349996045,12.939599999999999,36.57997,170,123,183,3.3905,27.746,469.03,True,True
SD024,Tamil Nadu,KARUR,2001,2.604204763169667,14.0034,36.891220000000004,158,129,183,3.6116,27.948,424.62,True,True
SD024,Tamil Nadu,KARUR,2002,2.859622672159781,12.6204,37.49909,161,139,183,2.922,28.433,339.66,True,True
SD024,Tamil Nadu,KARUR,2003,3.412458668081992,17.3999,38.47234,153,120,183,2.5823,28.076,531.79,True,True
SD024,Tamil Nadu,KARUR,2004,3.135808187600786,13.637600000000003,36.657120000000006,138,119,183,2.9769,27.478,468.01,True,True
SD024,Tamil Nadu,KARUR,2005,3.3489894455569265,14.661599999999996,37.309990000000006,148,125,183,2.6212,27.893,746.66,True,True
SD024,Tamil Nadu,KARUR,2006,3.0789828841564484,12.710899999999999,36.887519999999995,142,127,183,3.512,27.866,588.38,True,True
SD024,Tamil Nadu,KARUR,2007,2.8299701090805174,14.449799999999996,36.45456,146,117,183,3.2397,27.555,636.58,True,True
SD024,Tamil Nadu,KARUR,2008,2.735126489660916,12.983699999999999,36.87204,166,139,183,3.8494,28.07,635.01,True,True
SD024,Tamil Nadu,KARUR,2009,2.8569551536217785,14.006799999999998,36.89562,153,129,183,4.2688,28.07,671.8,True,True
SD024,Tamil Nadu,KARUR,2010,2.7294620406332877,15.1207,36.31812,151,120,183,3.8487,27.715,866.82,True,True
SD024,Tamil Nadu,KARUR,2011,2.8001067855389987,12.479599999999998,36.297070000000005,145,119,183,3.8465,27.632,582.79,True,True
SD024,Tamil Nadu,KARUR,2012,2.7713297596506834,15.831899999999997,37.66136,170,140,183,4.0408,28.393,359.22,True,True
SD025,Tamil Nadu,KRISHNAGIRI,2004,1.7950725044863278,9.477,30.68503,30,0,183,2.5683,23.831,608.77,False,False
SD025,Tamil Nadu,KRISHNAGIRI,2005,2.212219998377105,10.431000000000001,31.18214,51,4,183,2.6295,24.116,969.72,False,False
SD025,Tamil Nadu,KRISHNAGIRI,2006,1.7655973058963936,9.502300000000002,31.26981,52,2,183,2.8528,24.433,559.35,False,False
SD025,Tamil Nadu,KRISHNAGIRI,2007,1.9586295836733276,11.6526,31.769750000000002,37,7,183,3.182,24.11,712.56,False,False
SD025,Tamil Nadu,KRISHNAGIRI,2008,1.8418264636975845,12.208800000000004,31.07288,49,1,183,3.5773,24.232,709.46,False,False
SD025,Tamil Nadu,KRISHNAGIRI,2009,1.8535047196642287,9.607,31.25576,48,0,183,3.9403,24.358,729.74,False,False
SD025,Tamil Nadu,KRISHNAGIRI,2010,1.9463651655424432,13.015899999999998,31.24468,33,5,183,4.2925,24.235,824.23,False,False
SD025,Tamil Nadu,KRISHNAGIRI,2011,1.7731678480138107,8.827599999999997,31.13534,38,0,183,4.5469,24.091,667.47,False,False
SD025,Tamil Nadu,KRISHNAGIRI,2012,2.118279722063387,13.936,32.70586,78,21,183,4.0661,24.665,602.04,False,False
SD026,Tamil Nadu,MADURAI,2000,2.7251890214805825,13.4056,36.868390000000005,156,113,183,4.5787,27.424,552.32,True,True
SD026,Tamil Nadu,MADURAI,2001,3.0475789706416934,14.083499999999997,37.090650000000004,146,127,183,3.9863,27.769,543.1,True,True
SD026,Tamil Nadu,MADURAI,2002,3.2854763744851656,14.993300000000001,37.73931,152,132,183,2.5517,28.267,505.73,True,True
SD026,Tamil Nadu,MADURAI,2003,3.5950611047325665,16.8789,38.22141,149,123,183,2.7168,27.846,597.97,True,True
SD026,Tamil Nadu,MADURAI,2004,3.535224718596429,14.138699999999996,36.64992,130,111,183,3.2564,27.166,787.47,True,True
SD026,Tamil Nadu,MADURAI,2005,3.325321772197225,14.065999999999999,36.95476,146,121,183,3.3029,27.817,672.44,True,True
SD026,Tamil Nadu,MADURAI,2006,3.4042087459215193,12.409200000000002,36.81958,132,117,183,3.9791,27.51,810.53,True,True
SD026,Tamil Nadu,MADURAI,2007,2.8498498502377103,13.023800000000005,35.918800000000005,138,108,183,3.4734,27.223,760.24,True,True
SD026,Tamil Nadu,MADURAI,2008,2.8758541597866984,12.759500000000003,36.604380000000006,156,121,183,4.0065,27.78,638.59,True,True
SD026,Tamil Nadu,MADURAI,2009,3.012698313163805,14.466700000000003,36.7244,146,129,183,3.9936,27.764,734.56,True,True
SD026,Tamil Nadu,MADURAI,2010,2.8184353419709374,16.275100000000002,35.97809,134,100,183,4.2587,27.152,894.57,True,True
SD026,Tamil Nadu,MADURAI,2011,3.0018614479841954,12.832699999999999,36.131789999999995,138,118,183,4.6353,27.364,773.34,True,True
SD026,Tamil Nadu,MADURAI,2012,2.984621337158686,13.357700000000005,37.46832,157,127,183,3.6063,28.18,472.86,True,True
SD028,Tamil Nadu,NAGAPATTINAM,2000,2.40900740181429,11.5045,35.83449,146,114,183,3.3067,28.632,602.84,False,False
SD028,Tamil Nadu,NAGAPATTINAM,2001,2.7736582334509983,11.1782,36.2954,147,120,183,2.5406,28.861,603.15,False,False
SD028,Tamil Nadu,NAGAPATTINAM,2002,2.734262070156042,11.496099999999998,35.86435,147,127,183,1.1577,29.042,581.99,False,False
SD028,Tamil Nadu,NAGAPATTINAM,2003,2.9764993766573475,12.650200000000002,36.218979999999995,146,122,183,1.9102,28.952,784.32,False,False
SD028,Tamil Nadu,NAGAPATTINAM,2004,3.073611269641793,12.907499999999999,35.83765,131,110,183,0.9185,28.332,985.46,False,False
SD028,Tamil Nadu,NAGAPATTINAM,2005,3.0630654345689527,11.383700000000001,35.651160000000004,144,118,183,0.8642,28.741,1001.06,False,False
SD028,Tamil Nadu,NAGAPATTINAM,2006,2.9741986609932,11.2563,35.87135,136,119,183,3.8054,28.594,862.58,False,False
SD028,Tamil Nadu,NAGAPATTINAM,2007,2.4585729270310805,11.402000000000001,35.14266,137,103,183,1.8782,28.25,862.78,False,False
SD028,Tamil Nadu,NAGAPATTINAM,2008,2.427098528386544,11.894199999999998,35.037819999999996,152,113,183,1.3179,28.6,1096.07,False,False
SD028,Tamil Nadu,NAGAPATTINAM,2009,2.605008906711937,10.215899999999998,35.56293,148,136,183,2.7369,29.022,748.73,False,False
SD028,Tamil Nadu,NAGAPATTINAM,2010,2.428539100078255,11.512600000000003,35.55166,143,92,183,2.0603,28.407,1002.81,False,False
SD028,Tamil Nadu,NAGAPATTINAM,2011,2.627735845254655,10.441599999999998,35.61246,143,121,183,3.3934,28.584,863.19,False,False
SD028,Tamil Nadu,NAGAPATTINAM,2012,2.7818637413265144,13.183299999999996,36.21423,142,120,183,1.4173,28.919,685.98,False,False
SD052,Telangana,ADILABAD,2000,2.063509269156937,10.8066,33.84155,118,39,183,2.07,26.488,1031.48,False,False
SD052,Telangana,ADILABAD,2001,2.1712636417965445,14.931800000000003,32.90695,95,25,183,2.232,26.298,927.95,False,False
SD052,Telangana,ADILABAD,2002,2.9115908508041852,16.290600000000005,35.93967,122,55,183,1.545,26.747,947.96,False,False
SD052,Telangana,ADILABAD,2003,3.56018033005485,20.104599999999998,41.163210000000014,64,20,183,2.468,26.465,1031.97,False,False
SD052,Telangana,ADILABAD,2004,2.7518349650064775,17.298000000000002,35.39023,107,32,183,1.519,26.527,817.34,False,False
SD052,Telangana,ADILABAD,2005,3.9379178011794322,17.508200000000002,41.23362,74,35,183,2.572,26.607,992.06,False,False
SD052,Telangana,ADILABAD,2006,2.9464416589779963,15.6465,37.29711,97,33,183,2.399,26.655,1122.57,False,False
SD052,Telangana,ADILABAD,2007,2.610117033550918,15.500100000000003,36.94671,114,22,183,2.4,26.497,993.22,False,False
SD052,Telangana,ADILABAD,2008,2.391026707058784,16.545399999999997,33.857350000000004,116,29,183,2.441,26.552,1187.62,False,False
SD052,Telangana,ADILABAD,2009,3.5486747074920046,16.084,39.48535,124,51,183,1.987,27.307,938.57,False,False
SD052,Telangana,ADILABAD,2010,3.4771000923263755,18.934799999999996,40.036640000000006,105,35,183,2.7862,26.99,1757.75,False,False
SD052,Telangana,ADILABAD,2011,2.5240675837126196,15.545800000000003,36.12455,127,40,183,2.4935,26.914,800.7,False,False
SD054,Telangana,KARIMNAGAR,2000,1.9806715931851095,10.587499999999999,33.74732,130,37,183,3.127,26.612,994.99,False,False
SD054,Telangana,KARIMNAGAR,2001,2.1382202457451007,15.675999999999998,32.86701,104,29,183,3.04,26.468,818.36,False,False
SD054,Telangana,KARIMNAGAR,2002,2.557184040550845,15.424000000000003,35.46423,127,59,183,2.587,26.982,766.04,False,False
SD054,Telangana,KARIMNAGAR,2003,3.5638663926334457,19.856399999999997,41.08543000000002,77,21,183,3.221,26.619,972.61,False,False
SD054,Telangana,KARIMNAGAR,2004,2.588295853419844,16.2752,35.8973,121,34,183,2.261,26.77,697.14,False,False
SD054,Telangana,KARIMNAGAR,2005,3.8753520169591282,17.1712,40.38531,83,34,183,3.413,26.738,1000.69,False,False
SD054,Telangana,KARIMNAGAR,2006,2.8540470112469016,15.145400000000002,37.07849,108,34,183,3.125,26.881,998.44,False,False
SD054,Telangana,KARIMNAGAR,2007,2.5226113412212086,15.072100000000002,36.414390000000004,112,27,183,3.3923,26.604,938.8,False,False
SD054,Telangana,KARIMNAGAR,2008,2.417072742348703,16.885499999999997,34.2655,125,37,183,3.386,26.749,1136.75,False,False
SD054,Telangana,KARIMNAGAR,2009,3.323046194341568,15.648100000000003,39.217620000000004,127,54,183,3.23,27.558,792.48,False,False
SD054,Telangana,KARIMNAGAR,2010,3.5133656406347074,18.9929,39.02716,103,35,183,3.2809,27.026,1654.08,False,False
SD054,Telangana,KARIMNAGAR,2011,2.445317415277943,14.581100000000003,36.215790000000005,134,41,183,3.2406,27.116,756.87,False,False
SD055,Telangana,KHAMMAM,2000,1.8496318523547275,10.305299999999995,33.20037,139,40,183,2.729,26.822,1238.05,False,False
SD055,Telangana,KHAMMAM,2001,2.124994646772039,14.996299999999998,33.67834,114,37,183,2.582,26.964,913.13,False,False
SD055,Telangana,KHAMMAM,2002,2.5453508079382074,13.939199999999996,35.65932,142,80,183,1.709,27.635,736.5,False,False
SD055,Telangana,KHAMMAM,2003,3.5910435891643266,20.250500000000002,40.10611,94,29,183,2.901,27.027,1354.4,False,False
SD055,Telangana,KHAMMAM,2004,2.3207056383790263,14.896399999999996,35.03892,111,40,183,2.844,26.832,1075.92,False,False
SD055,Telangana,KHAMMAM,2005,3.6930289056251624,18.6153,40.283930000000005,101,46,183,2.573,27.238,1264.83,False,False
SD055,Telangana,KHAMMAM,2006,2.693709264038775,14.2729,36.27151,115,59,183,2.46,27.211,1372.68,False,False
SD055,Telangana,KHAMMAM,2007,2.316312106735568,13.678700000000003,35.29312000000001,114,31,183,3.0822,26.848,1370.8,False,False
SD055,Telangana,KHAMMAM,2008,2.190112378238669,14.751899999999996,34.5597,140,41,183,3.018,27.153,1028.43,False,False
SD055,Telangana,KHAMMAM,2009,3.211370463732139,15.6475,39.34528,139,84,183,2.257,28.113,832.66,False,False
SD055,Telangana,KHAMMAM,2010,2.895727472512867,17.5635,35.64246000000001,103,37,183,3.1306,27.024,1596.1,False,False
SD055,Telangana,KHAMMAM,2011,2.137912177285303,12.145600000000002,35.41078,151,61,183,2.4399,27.541,957.69,False,False
SD056,Telangana,MAHBUBNAGAR,2000,1.7442524787191231,9.909400000000002,31.475540000000002,67,4,183,2.492,25.147,826.53,False,False
SD056,Telangana,MAHBUBNAGAR,2001,2.068898930457998,13.625299999999996,33.57633,95,39,183,2.422,26.018,636.85,False,False
SD056,Telangana,MAHBUBNAGAR,2002,2.1001142949123484,11.773400000000002,33.92939,115,45,183,2.025,26.177,483.64,False,False
SD056,Telangana,MAHBUBNAGAR,2003,3.007074566583838,18.9778,38.53340000000001,81,21,183,2.43,26.046,615.1,False,False
SD056,Telangana,MAHBUBNAGAR,2004,2.2202362178109247,15.338200000000004,33.511430000000004,84,27,183,2.269,25.648,627.96,False,False
SD056,Telangana,MAHBUBNAGAR,2005,2.955434269504554,16.037100000000002,37.07391,61,31,183,2.463,25.56,770.12,False,False
SD056,Telangana,MAHBUBNAGAR,2006,2.154984481144321,11.157699999999998,33.76414,93,26,183,2.44,25.87,634.73,False,False
SD056,Telangana,MAHBUBNAGAR,2007,2.1220211584391966,13.677,33.05277,55,15,183,2.9118,25.267,936.55,False,False
SD056,Telangana,MAHBUBNAGAR,2008,2.5860140338400015,16.0051,34.51668,98,39,183,2.962,25.886,689.72,False,False
SD056,Telangana,MAHBUBNAGAR,2009,2.554211740602212,13.266499999999997,35.23061,113,47,183,2.272,26.417,792.45,False,False
SD056,Telangana,MAHBUBNAGAR,2010,2.7201957812075666,15.953399999999998,35.123170000000016,55,15,183,2.7623,25.55,1033.3,False,False
SD056,Telangana,MAHBUBNAGAR,2011,1.803621923189193,11.705700000000004,32.80494,98,36,183,2.2066,25.969,612.08,False,False
SD057,Telangana,MEDAK,2000,1.920881849402685,9.953600000000002,31.557389999999998,67,5,183,2.508,25.042,826.44,False,True
SD057,Telangana,MEDAK,2001,2.039769562242211,13.134799999999998,31.982100000000003,55,9,183,2.509,25.116,691.1,False,True
SD057,Telangana,MEDAK,2002,2.2043955045339607,14.573699999999999,32.78715,64,17,183,2.112,25.222,719.99,False,True
SD057,Telangana,MEDAK,2003,3.311108380259241,19.083000000000002,38.729510000000005,27,17,183,2.569,25.138,855.53,False,True
SD057,Telangana,MEDAK,2004,2.339825707030592,14.692699999999999,33.81967,48,21,183,1.937,25.141,652.74,False,True
SD057,Telangana,MEDAK,2005,3.4007977989249993,16.192099999999996,37.38202,48,23,183,2.885,25.027,955.21,False,True
SD057,Telangana,MEDAK,2006,2.4416875340577175,13.832000000000004,34.02924,46,14,183,2.615,25.06,830.21,False,True
SD057,Telangana,MEDAK,2007,2.075356301121814,13.653200000000002,32.81469,37,14,183,2.8276,24.967,803.22,False,True
SD057,Telangana,MEDAK,2008,2.513609432188426,16.838000000000005,34.259550000000004,60,22,183,2.625,25.307,866.1,False,True
SD057,Telangana,MEDAK,2009,2.854493741175148,13.579099999999997,36.33574,74,32,183,2.694,25.899,743.32,False,True
SD057,Telangana,MEDAK,2010,3.16461501116178,17.7324,36.6177,44,22,183,3.4902,25.281,1248.62,False,True
SD057,Telangana,MEDAK,2011,2.0260547563882927,14.2929,33.375499999999995,60,20,183,3.159,25.365,696.7,False,True
SD058,Telangana,NALGONDA,2000,1.7577726178913162,10.0472,33.30214,138,40,183,3.174,26.582,878.88,False,False
SD058,Telangana,NALGONDA,2001,2.2239706565323463,13.891900000000003,35.14368,128,65,183,2.774,27.221,617.87,False,False
SD058,Telangana,NALGONDA,2002,2.484828449789362,12.833200000000001,35.83359,155,92,183,2.244,27.708,484.28,False,False
SD058,Telangana,NALGONDA,2003,3.4705925293742936,19.080700000000004,40.00968,107,55,183,2.995,27.138,778.82,False,False
SD058,Telangana,NALGONDA,2004,2.515721945146828,17.2427,36.203120000000006,140,54,183,2.818,27.009,692.6,False,False
SD058,Telangana,NALGONDA,2005,3.588689715048646,17.5101,39.718759999999996,104,48,183,2.845,26.958,905.21,False,False
SD058,Telangana,NALGONDA,2006,2.793464850604439,13.671700000000001,36.20563,125,77,183,2.591,27.214,773.07,False,False
SD058,Telangana,NALGONDA,2007,2.357847729477591,13.966899999999995,35.11104,104,35,183,3.1656,26.579,944.4,False,False
SD058,Telangana,NALGONDA,2008,2.8076761176910203,17.0709,36.63201,138,62,183,3.111,27.25,763.33,False,False
SD058,Telangana,NALGONDA,2009,2.985249246492798,14.5911,38.61269,141,111,183,3.235,28.141,623.02,False,False
SD058,Telangana,NALGONDA,2010,3.076293961275135,18.362,36.06476000000001,102,33,183,3.117,26.835,1147.71,False,False
SD058,Telangana,NALGONDA,2011,2.1201730373723953,13.338100000000004,36.004670000000004,153,64,183,2.928,27.432,608.41,False,False
SD059,Telangana,NIZAMABAD,2000,2.0355609890395527,10.916300000000003,32.88042,104,20,183,2.557,25.915,826.49,False,False
SD059,Telangana,NIZAMABAD,2001,2.1950784666536887,14.318700000000003,32.43556,81,16,183,2.484,25.731,805.04,False,False
SD059,Telangana,NIZAMABAD,2002,2.509004434983228,15.096800000000002,33.96086,93,32,183,1.559,25.964,869.74,False,False
SD059,Telangana,NIZAMABAD,2003,3.2908482435435804,19.648300000000003,39.222960000000015,45,18,183,3.111,25.794,910.03,False,False
SD059,Telangana,NIZAMABAD,2004,2.5277429750047182,16.076800000000002,34.413039999999995,85,29,183,2.247,25.901,641.45,False,False
SD059,Telangana,NIZAMABAD,2005,3.5524243431147577,16.3349,39.145500000000006,62,25,183,3.482,25.853,924.45,False,False
SD059,Telangana,NIZAMABAD,2006,2.65605161104483,14.6083,35.56344,78,20,183,3.163,25.847,923.68,False,False
SD059,Telangana,NIZAMABAD,2007,2.1946213546888615,14.207500000000003,34.7314,82,17,183,3.5775,25.801,800.82,False,False
SD059,Telangana,NIZAMABAD,2008,2.5159105779506397,15.790100000000002,34.29276,98,25,183,3.651,26.038,1036.23,False,False
SD059,Telangana,NIZAMABAD,2009,3.0719009310585514,14.642699999999998,37.88886,109,39,183,3.248,26.651,760.19,False,False
SD059,Telangana,NIZAMABAD,2010,3.2768333178129825,17.8843,38.31148,68,25,183,3.6623,26.184,1330.26,False,False
SD059,Telangana,NIZAMABAD,2011,2.349060479432053,15.207600000000003,34.90278,97,32,183,3.9064,26.224,713.9,False,False
SD060,Telangana,RANGAREDDI,2000,1.8391426474803907,9.7257,30.8196,40,0,183,2.572,24.538,819.03,False,False
SD060,Telangana,RANGAREDDI,2001,1.9104384150611995,13.086299999999998,31.94669,53,7,183,2.65,24.978,674.02,False,False
SD060,Telangana,RANGAREDDI,2002,2.1022811413843496,13.438199999999998,32.60117,69,14,183,1.787,25.06,576.37,False,False
SD060,Telangana,RANGAREDDI,2003,3.233155226935323,18.910100000000003,38.482040000000005,28,18,183,2.322,24.984,736.85,False,False
SD060,Telangana,RANGAREDDI,2004,2.3179766002458297,14.965400000000002,33.39753,49,20,183,2.593,24.886,654.05,False,False
SD060,Telangana,RANGAREDDI,2005,3.202841127572135,16.220099999999995,36.28564,40,23,183,2.785,24.693,877.69,False,False
SD060,Telangana,RANGAREDDI,2006,2.2537913005955645,12.2927,32.78404,46,13,183,2.736,24.821,721.2,False,False
SD060,Telangana,RANGAREDDI,2007,2.0267816899472275,13.9405,32.270500000000006,26,11,183,2.4211,24.578,872.46,False,False
SD060,Telangana,RANGAREDDI,2008,2.54976817035198,16.8306,33.95613,54,22,183,2.94,25.032,761.19,False,False
SD060,Telangana,RANGAREDDI,2009,2.7346176496809487,13.923099999999998,35.67519,82,28,183,2.605,25.615,731.67,False,False
SD060,Telangana,RANGAREDDI,2010,3.0096261668027475,17.215899999999998,35.696900000000014,30,15,183,2.5444,24.857,1205.93,False,False
SD060,Telangana,RANGAREDDI,2011,1.7853619541235133,13.339399999999998,32.01114,58,10,183,2.3074,25.028,650.17,False,False
SD061,Telangana,WARANGAL,2000,1.9058225352517522,10.7915,33.29301,133,37,183,2.854,26.602,1143.88,False,False
SD061,Telangana,WARANGAL,2001,2.158239515245942,14.459899999999998,33.66913,109,37,183,2.841,26.654,837.46,False,False
SD061,Telangana,WARANGAL,2002,2.456647722605715,14.264400000000002,35.01512,133,67,183,2.076,27.231,767.73,False,False
SD061,Telangana,WARANGAL,2003,3.5546519716652605,20.488900000000005,40.53906000000001,91,26,183,3.071,26.745,1159.72,False,False
SD061,Telangana,WARANGAL,2004,2.451037631620071,15.8033,35.246539999999996,104,33,183,2.692,26.613,849.31,False,False
SD061,Telangana,WARANGAL,2005,3.787390546789809,17.842900000000004,40.36467,93,41,183,3.164,26.908,1167.14,False,False
SD061,Telangana,WARANGAL,2006,2.78584192255744,14.7397,36.95595,115,48,183,2.909,26.982,1098.58,False,False
SD061,Telangana,WARANGAL,2007,2.408390269905396,14.064800000000002,35.59201,109,29,183,3.0783,26.593,1135.61,False,False
SD061,Telangana,WARANGAL,2008,2.377129846562548,16.766000000000002,34.74401,128,35,183,3.009,26.89,1032.58,False,False
SD061,Telangana,WARANGAL,2009,3.192482834889402,14.975099999999998,39.120000000000005,130,72,183,2.481,27.742,771.66,False,False
SD061,Telangana,WARANGAL,2010,3.206303740555797,18.871100000000002,37.320230000000016,98,31,183,3.0678,26.854,1665.67,False,False
SD061,Telangana,WARANGAL,2011,2.23246800148111,14.101100000000002,35.56147,137,42,183,2.5168,27.146,877.67,False,False
