week,temp_c,precip_mm,humidity_pct,wind_speed_ms,ndvi,evi,ndwi,ndvi_observed,field_id,crop,growth_stage,phh2o,soc,clay,sand,nitrogen
2022-01-02,11.8745115,0.0,73.19099,1.71785815,0.4195565362545457,0.25915649302620003,0.12659064019550625,1,F007,wheat_punjab,0.4428571428571429,77.63,131.7,282.89,287.14,147.91
2022-01-09,13.349483142857142,72.04914086,90.12878742857143,1.6598618314285714,0.33428557675380216,0.24578751699196838,0.11522821929180106,0,F007,wheat_punjab,0.4928571428571429,77.63,131.7,282.89,287.14,147.91
2022-01-16,11.458413285714286,0.320434573,90.84949571428571,0.8822126057142857,0.2490146172530586,0.23241854095773673,0.10386579838809587,0,F007,wheat_punjab,0.5428571428571429,77.63,131.7,282.89,287.14,147.91
2022-01-23,11.826738714285714,46.568870318,93.472761,1.593694255714286,0.16374365775231503,0.21904956492350505,0.09250337748439069,0,F007,wheat_punjab,0.5928571428571429,77.63,131.7,282.89,287.14,147.91
2022-01-30,12.687800785714286,0.33473968200000004,80.61707428571428,1.6388138,0.0784726982515715,0.2056805888892734,0.0811409565806855,1,F007,wheat_punjab,0.6428571428571429,77.63,131.7,282.89,287.14,147.91
2022-02-06,12.261649142857141,3.58772272,84.96940014285714,1.0893069442857144,0.0849272424612621,0.2378124033554768,0.0784760834378517,1,F007,wheat_punjab,0.6928571428571428,77.63,131.7,282.89,287.14,147.91
2022-02-13,15.274653642857142,1.2617111,69.38086328571428,1.394841177142857,0.5690110861144617,0.4202077182691682,0.2457001958654418,1,F007,wheat_punjab,0.7428571428571429,77.63,131.7,282.89,287.14,147.91
2022-02-20,16.598968714285714,0.0,68.617949,1.2006210257142855,0.539872177849118,0.4016302884648164,0.2282013594920691,1,F007,wheat_punjab,0.7928571428571429,77.63,131.7,282.89,287.14,147.91
2022-02-27,16.289908142857144,77.570915895,76.77257999999999,2.09883502,0.568485104570577,0.44252952358265246,0.25381628704966885,1,F007,wheat_punjab,0.8428571428571429,77.63,131.7,282.89,287.14,147.91
2022-03-06,17.67245042857143,6.594658115,74.86899485714287,1.45873448,0.5769303776812666,0.4458286737817546,0.2634899048066591,0,F007,wheat_punjab,0.8928571428571429,77.63,131.7,282.89,287.14,147.91
2022-03-13,21.314165428571425,0.0,70.32588142857142,1.7195710571428573,0.5853756507919564,0.4491278239808567,0.2731635225636494,1,F007,wheat_punjab,0.9428571428571428,77.63,131.7,282.89,287.14,147.91
2022-03-20,26.666569285714285,0.0,69.31271742857142,1.3895769085714285,0.5618214236769379,0.3739711368318298,0.2103087922323399,1,F007,wheat_punjab,0.9928571428571429,77.63,131.7,282.89,287.14,147.91
2022-03-27,26.575064571428573,0.0,50.88842542857143,1.6846570585714284,0.5669047561275495,0.3806573929904571,0.2317226508138628,1,F007,wheat_punjab,1.0,77.63,131.7,282.89,287.14,147.91
2022-04-03,28.105098142857145,0.0,44.61860028571429,1.173987777142857,0.498972079931635,0.30486456331713285,0.16491175254803814,1,F007,wheat_punjab,1.0,77.63,131.7,282.89,287.14,147.91
2022-04-10,29.878156285714287,0.0,34.047130571428575,1.3730245357142858,0.3674003213328504,0.2245766940900591,0.0606288093631872,1,F007,wheat_punjab,1.0,77.63,131.7,282.89,287.14,147.91
2022-04-17,30.282361714285713,0.92697144,37.85661542857143,1.2121688414285714,0.2852055533018954,0.2315496373178469,0.0253008544943934,1,F007,wheat_punjab,1.0,77.63,131.7,282.89,287.14,147.91
2022-04-24,29.57112342857143,7.704734844000001,38.63047385714286,2.044289657142857,0.2642853288272825,0.1948073125062495,-0.0049132989673396,1,F007,wheat_punjab,1.0,77.63,131.7,282.89,287.14,147.91
2022-05-01,32.93388142857143,6.9465638,29.683013857142857,1.5806382014285714,0.2690076681177006,0.1801775788111508,-0.0348399568557139,1,F007,wheat_punjab,1.0,77.63,131.7,282.89,287.14,147.91
2022-05-08,31.294485857142856,6.5832138,41.899452571428576,1.7472111857142856,0.22824534808263713,0.1488050810130522,-0.07998574606400019,1,F007,wheat_punjab,1.0,77.63,131.7,282.89,287.14,147.91
2022-05-15,34.68212471428571,1.26457219,34.57985214285714,1.3762145928571428,0.1916328886255471,0.1298582976237856,-0.0873067372323478,1,F007,wheat_punjab,1.0,77.63,131.7,282.89,287.14,147.91
2022-05-22,34.05068085714286,5.0039291729999995,30.72578985714286,1.3674940071428572,0.19666703254100876,0.12600820095428666,-0.07667376565892965,1,F007,wheat_punjab,1.0,77.63,131.7,282.89,287.14,147.91
2022-05-29,30.194928714285712,44.966696999999996,50.818922,1.7772442857142856,0.2080509438016487,0.120000427343306,-0.0862636400185905,1,F007,wheat_punjab,1.0,77.63,131.7,282.89,287.14,147.91
2022-06-05,34.119825285714285,0.0743866,28.962646714285714,1.0324120085714286,0.2059887849872176,0.1409970040877723,-0.0400582441019935,1,F007,wheat_punjab,1.0,77.63,131.7,282.89,287.14,147.91
2022-06-12,36.996046,3.049850423,25.46776071428571,1.1413778757142856,0.1850152221588392,0.12944382188700024,-0.04930115546841895,1,F007,wheat_punjab,1.0,77.63,131.7,282.89,287.14,147.91
2022-06-19,32.24345614285714,23.697853446,52.72898385714286,2.0894006714285713,0.1817129140612439,0.1211443956266977,-0.0477367644990929,1,F007,wheat_punjab,1.0,77.63,131.7,282.89,287.14,147.91
2022-06-26,29.735626285714286,159.193041,60.36576842857143,1.3378488114285716,0.1839855641569432,0.1438027847702554,-0.0228511687714178,1,F007,wheat_punjab,1.0,77.63,131.7,282.89,287.14,147.91
2022-07-03,32.49135028571429,16.67118092,68.603425,2.17271463,0.19595858940100805,0.15384630108834466,0.04630723607606531,0,F007,wheat_punjab,1.0,77.63,131.7,282.89,287.14,147.91
2022-07-10,31.518262571428572,120.77236006000001,74.99417371428571,1.2769156771428574,0.20793161464507287,0.16388981740643394,0.11546564092354841,0,F007,wheat_punjab,1.0,77.63,131.7,282.89,287.14,147.91
2022-07-17,29.605211714285712,28.36132006,78.459012,1.6645463628571429,0.21990463988913772,0.1739333337245232,0.18462404577103153,1,F007,wheat_punjab,1.0,77.63,131.7,282.89,287.14,147.91
2022-07-24,30.20137642857143,66.91646534,79.58335014285714,1.8300271842857145,0.292812526735795,0.22420224481519152,0.17392517700026003,0,F007,wheat_punjab,1.0,77.63,131.7,282.89,287.14,147.91
2022-07-31,29.207545714285715,109.3225485,84.03499985714286,1.7262449285714285,0.3657204135824522,0.2744711559058599,0.16322630822948853,0,F007,wheat_punjab,1.0,77.63,131.7,282.89,287.14,147.91
2022-08-07,30.110966,23.19431353,81.22171228571428,1.2226140057142858,0.4386283004291095,0.32474006699652824,0.152527439458717,0,F007,wheat_punjab,1.0,77.63,131.7,282.89,287.14,147.91
2022-08-14,31.099317285714285,9.687423730999999,74.80901085714287,1.7061261285714284,0.5115361872757668,0.3750089780871966,0.1418285706879455,1,F007,wheat_punjab,1.0,77.63,131.7,282.89,287.14,147.91
2022-08-21,30.060725571428573,19.323349234,76.79370800000001,1.5438079185714286,0.515033025657043,0.4320673135110657,0.1854676098125515,1,F007,wheat_punjab,1.0,77.63,131.7,282.89,287.14,147.91
2022-08-28,30.336674428571428,87.86201531,78.31687285714285,1.27030244,0.5000749592585098,0.41946165405221136,0.17341286734689676,0,F007,wheat_punjab,1.0,77.63,131.7,282.89,287.14,147.91
2022-09-04,30.916556285714286,12.348174666,72.82994699999999,0.9199104942857143,0.48511689285997645,0.4068559945933571,0.16135812488124204,1,F007,wheat_punjab,1.0,77.63,131.7,282.89,287.14,147.91
2022-09-11,29.419542571428572,41.934013384,76.8184542857143,0.95824187,0.532957362961473,0.4955020620029476,0.2268341470283839,1,F007,wheat_punjab,1.0,77.63,131.7,282.89,287.14,147.91
2022-09-18,29.654349142857143,2.603530913,74.48173,0.7329142857142857,0.6483090142385903,0.4752424669948999,0.2683173378724395,1,F007,wheat_punjab,1.0,77.63,131.7,282.89,287.14,147.91
2022-09-25,28.081259714285714,75.46520164,78.897083,0.9435662571428571,0.5583200255507761,0.4354549737110054,0.2127998646465451,1,F007,wheat_punjab,1.0,77.63,131.7,282.89,287.14,147.91
2022-10-02,28.580701428571427,5.29003143,73.42102685714285,0.6462282557142858,0.5258175943977494,0.4102799688915864,0.2020688905938288,1,F007,wheat_punjab,1.0,77.63,131.7,282.89,287.14,147.91
2022-10-09,28.13749914285714,0.025749207,69.50711914285714,0.807780077142857,0.5214673909381161,0.3412061186456809,0.1584076526039614,1,F007,wheat_punjab,1.0,77.63,131.7,282.89,287.14,147.91
2022-10-16,25.481519428571428,3.109931924,67.91386057142857,1.2063403214285715,0.4736718079418051,0.3037918075301483,0.1095004008996761,1,F007,wheat_punjab,1.0,77.63,131.7,282.89,287.14,147.91
2022-10-23,23.577745857142855,0.0,59.47006657142857,1.9280617085714287,0.3949452314619125,0.2750781276126292,0.0933694400972852,1,F007,wheat_punjab,1.0,77.63,131.7,282.89,287.14,147.91
2022-10-30,22.752585285714286,0.0,66.39463657142856,1.1407278328571429,0.35698263347272485,0.22196892677425223,0.0407076433138542,1,F007,wheat_punjab,1.0,77.63,131.7,282.89,287.14,147.91
2022-11-06,22.23024642857143,52.99759,73.89926785714285,1.664817042857143,0.3372611054314392,0.206654248418561,0.028415629868177,0,F007,wheat_punjab,0.03571428571428571,77.63,131.7,282.89,287.14,147.91
2022-11-13,19.208012142857143,1.95407866,73.87218928571428,1.7114221142857144,0.3175395773901536,0.19133957006286978,0.0161236164224998,0,F007,wheat_punjab,0.08571428571428572,77.63,131.7,282.89,287.14,147.91
2022-11-20,17.207558857142857,1.367569,76.36221871428572,2.1315104,0.2978180493488679,0.17602489170717853,0.0038316029768225984,0,F007,wheat_punjab,0.13571428571428573,77.63,131.7,282.89,287.14,147.91
2022-11-27,15.688206214285714,0.0,74.16999942857144,1.6126413528571428,0.2780965213075823,0.1607102133514873,-0.0084604104688546,1,F007,wheat_punjab,0.18571428571428572,77.63,131.7,282.89,287.14,147.91
2022-12-04,15.047167285714284,0.0,81.90225199999999,1.65288596,0.31059655783651446,0.1811553608640028,0.023853801747312102,1,F007,wheat_punjab,0.2357142857142857,77.63,131.7,282.89,287.14,147.91
2022-12-11,14.731031142857143,0.011444092,74.80118228571429,2.0548666857142854,0.2880593450508487,0.1923024757283398,0.04575963777213672,0,F007,wheat_punjab,0.2857142857142857,77.63,131.7,282.89,287.14,147.91
2022-12-18,13.706203,0.0,74.16230128571429,2.0798490428571426,0.2655221322651829,0.2034495905926768,0.06766547379696135,1,F007,wheat_punjab,0.33571428571428574,77.63,131.7,282.89,287.14,147.91
2022-12-25,10.110831000000001,0.005722046,91.10718014285715,1.4197649485714285,0.31699274835015834,0.23369637286792871,0.09573411958935091,0,F007,wheat_punjab,0.38571428571428573,77.63,131.7,282.89,287.14,147.91
2023-01-01,11.288543785714285,6.23703,84.20093657142857,1.6579243971428572,0.36846336443513383,0.2639431551431806,0.12380276538174045,0,F007,wheat_punjab,0.43571428571428567,77.63,131.7,282.89,287.14,147.91
2023-01-08,9.358834428571429,0.56648254,89.004922,1.0609593057142856,0.4199339805201093,0.2941899374184325,0.15187141117413,0,F007,wheat_punjab,0.48571428571428565,77.63,131.7,282.89,287.14,147.91
2023-01-15,11.778080857142857,14.159202293,86.07635,1.2072728928571428,,,,0,F007,wheat_punjab,0.5357142857142857,77.63,131.7,282.89,287.14,147.91
2023-01-22,11.495500857142858,3.4790039,74.31483371428571,1.7452155571428574,0.5228752126900602,0.35468350196893633,0.20800870275890915,1,F007,wheat_punjab,0.5857142857142856,77.63,131.7,282.89,287.14,147.91
2023-01-29,13.214211571428573,9.51576233,78.61688857142858,1.9458883557142859,0.5162619290578614,0.3811674115266881,0.2266939722599418,1,F007,wheat_punjab,0.6357142857142857,77.63,131.7,282.89,287.14,147.91
2023-02-05,15.091325999999999,18.118858,75.44394285714286,2.1475335857142857,0.5363682898484057,0.40061005877406874,0.2266190856584479,0,F007,wheat_punjab,0.6857142857142857,77.63,131.7,282.89,287.14,147.91
2023-02-12,16.338400857142858,2.949714658,68.31711,2.023091952857143,0.55647465063895,0.4200527060214494,0.226544199056954,1,F007,wheat_punjab,0.7357142857142857,77.63,131.7,282.89,287.14,147.91
2023-02-19,17.81483257142857,0.0,68.31136771428571,1.648094607142857,0.5437972375451581,0.4147373408146364,0.22460330430558684,0,F007,wheat_punjab,0.7857142857142857,77.63,131.7,282.89,287.14,147.91
2023-02-26,20.529022285714287,0.6122589,65.31519414285715,1.246586077142857,0.5311198244513662,0.4094219756078234,0.22266240955421965,1,F007,wheat_punjab,0.8357142857142857,77.63,131.7,282.89,287.14,147.91
2023-03-05,20.78233142857143,7.304191346,64.68330685714285,1.4668465185714286,0.5631233707311367,0.4211514966643963,0.2389368878042229,1,F007,wheat_punjab,0.8857142857142858,77.63,131.7,282.89,287.14,147.91
2023-03-12,22.985905,0.0,58.77111785714286,0.6494672757142858,0.5421176982159676,0.4221052880113917,0.2331341419312571,1,F007,wheat_punjab,0.9357142857142857,77.63,131.7,282.89,287.14,147.91
2023-03-19,21.742052285714287,19.54937016,69.20184928571429,1.1286398385714287,0.5412094739692686,0.383186385662979,0.2170872934957503,1,F007,wheat_punjab,0.9857142857142858,77.63,131.7,282.89,287.14,147.91
2023-03-26,19.92456457142857,45.4931259,74.31823271428571,1.1541797,0.5019947965996245,0.35370742912519804,0.19185546790926478,0,F007,wheat_punjab,1.0,77.63,131.7,282.89,287.14,147.91
2023-04-02,21.235565,54.825781805,70.58571028571428,1.5675467642857142,0.4627801192299804,0.324228472587417,0.1666236423227793,1,F007,wheat_punjab,1.0,77.63,131.7,282.89,287.14,147.91
2023-04-09,23.19032485714286,1.2931824,58.25771414285714,1.545716592857143,0.4053373284185636,0.2841930846910298,0.1293502503986579,1,F007,wheat_punjab,1.0,77.63,131.7,282.89,287.14,147.91
2023-04-16,28.859562714285715,0.0,38.087041285714285,1.4696640285714284,0.309550201992767,0.2120316639641459,0.0410188572111331,1,F007,wheat_punjab,1.0,77.63,131.7,282.89,287.14,147.91
2023-04-23,25.852674142857143,23.9753715,48.17566514285714,1.4215623485714286,0.2862550826232732,0.1895079285999248,-0.0110359021688498,1,F007,wheat_punjab,1.0,77.63,131.7,282.89,287.14,147.91
2023-04-30,27.476113571428574,1.130104046,39.655342857142855,1.63695972,0.26372795684627826,0.18115542882447988,-0.02971534256357905,0,F007,wheat_punjab,1.0,77.63,131.7,282.89,287.14,147.91
2023-05-07,25.022543857142857,32.787323074,62.97420699999999,1.9860399857142856,0.2412008310692833,0.172802929049035,-0.0483947829583083,1,F007,wheat_punjab,1.0,77.63,131.7,282.89,287.14,147.91
2023-05-14,29.23601414285714,1.4591217,34.62323828571429,1.9410429757142857,0.2354403654308003,0.1407761878155506,-0.1070337331026902,1,F007,wheat_punjab,1.0,77.63,131.7,282.89,287.14,147.91
2023-05-21,31.936702,10.3340149,35.373124142857144,1.7432513085714285,0.2065711717130159,0.1371405229903999,-0.0870553298577996,1,F007,wheat_punjab,1.0,77.63,131.7,282.89,287.14,147.91
2023-05-28,29.675763714285715,16.076088,49.21951871428571,1.6514111085714285,0.18010635902597066,0.14519868516331813,-0.07405217212551965,1,F007,wheat_punjab,1.0,77.63,131.7,282.89,287.14,147.91
2023-06-04,26.22219857142857,70.6644059,65.3549,1.208959119285714,0.20995054830682738,0.16334280139467688,-0.05829938267733757,0,F007,wheat_punjab,1.0,77.63,131.7,282.89,287.14,147.91
2023-06-11,30.54940357142857,59.835435367,55.750572,1.1234948414285715,0.2397947375876841,0.18148691762603564,-0.042546593229155494,1,F007,wheat_punjab,1.0,77.63,131.7,282.89,287.14,147.91
2023-06-18,32.08235814285714,14.75143435,58.392641857142856,0.6826189542857143,0.2982866799929796,0.1957816906554693,0.0315347730739452,1,F007,wheat_punjab,1.0,77.63,131.7,282.89,287.14,147.91
2023-06-25,34.87115442857143,1.0814667,59.23005057142858,1.697685957142857,0.2666890100010553,0.184827328395806,-0.0046163073827738,1,F007,wheat_punjab,1.0,77.63,131.7,282.89,287.14,147.91
2023-07-02,30.753570571428572,39.33048319,73.89319428571427,1.2742874914285713,0.2779364387216792,0.1917761576672596,0.051456172133178435,0,F007,wheat_punjab,1.0,77.63,131.7,282.89,287.14,147.91
2023-07-09,28.526428142857146,177.8011298,81.243908,2.0192733428571428,0.2891838674423031,0.1987249869387132,0.10752865164913067,0,F007,wheat_punjab,1.0,77.63,131.7,282.89,287.14,147.91
2023-07-16,30.714137571428573,11.392593423000001,75.37993371428571,1.164708632857143,0.300431296162927,0.2056738162101668,0.1636011311650829,1,F007,wheat_punjab,1.0,77.63,131.7,282.89,287.14,147.91
2023-07-23,30.361859857142857,118.60942707,82.84783357142858,1.5922539857142854,0.31780302592643944,0.23532317175435832,0.15966178501176084,0,F007,wheat_punjab,1.0,77.63,131.7,282.89,287.14,147.91
2023-07-30,30.04367057142857,82.00550086,82.23113714285715,0.9399647285714285,0.33517475568995186,0.26497252729854986,0.1557224388584388,0,F007,wheat_punjab,1.0,77.63,131.7,282.89,287.14,147.91
2023-08-06,31.57569271428571,63.43746213,78.87820428571429,0.6783859799999999,0.3525464854534643,0.2946218828427414,0.15178309270511675,1,F007,wheat_punjab,1.0,77.63,131.7,282.89,287.14,147.91
2023-08-13,31.72737357142857,17.9357529,77.03719857142858,1.0382039285714286,0.4539042229962444,0.3464276211376015,0.1781830763908591,1,F007,wheat_punjab,1.0,77.63,131.7,282.89,287.14,147.91
2023-08-20,31.274767285714287,22.750854898,77.68738499999999,0.9745206785714285,0.4529535226667971,0.4947629226304189,0.2497973232376215,1,F007,wheat_punjab,1.0,77.63,131.7,282.89,287.14,147.91
2023-08-27,30.72631857142857,45.112609670000005,78.32097571428572,1.4041158228571429,0.5699258190858157,0.4404833225479896,0.2052511023375816,1,F007,wheat_punjab,1.0,77.63,131.7,282.89,287.14,147.91
2023-09-03,31.623639857142855,2.520561168,68.65280357142858,0.8505046885714286,0.5765300124904021,0.4030798999769629,0.1960273237224729,1,F007,wheat_punjab,1.0,77.63,131.7,282.89,287.14,147.91
2023-09-10,31.433781142857146,5.84220884,69.81627871428572,0.7228120742857141,0.5674023435249367,0.4098009698319566,0.1923284141121126,1,F007,wheat_punjab,1.0,77.63,131.7,282.89,287.14,147.91
2023-09-17,30.26603057142857,61.185836149000004,79.12477257142858,1.362969542,0.5353888376576393,0.5401366494493969,0.2442120554622119,1,F007,wheat_punjab,1.0,77.63,131.7,282.89,287.14,147.91
2023-09-24,28.345751142857143,87.959288774,79.75534571428571,1.1651065485714285,0.5410013364768949,0.4609865445449259,0.2173559201907741,0,F007,wheat_punjab,1.0,77.63,131.7,282.89,287.14,147.91
2023-10-01,27.70577557142857,2.74086,72.50020471428572,1.1177068428571428,0.5466138352961505,0.3818364396404549,0.1904997849193363,1,F007,wheat_punjab,1.0,77.63,131.7,282.89,287.14,147.91
2023-10-08,27.490579,0.0,64.93338957142858,1.1289563428571427,0.5044609844710973,0.3540453769829121,0.1698220225909817,1,F007,wheat_punjab,1.0,77.63,131.7,282.89,287.14,147.91
2023-10-15,25.516723714285714,6.89506532,70.51615885714286,1.0837280457142857,0.4394489982628617,0.3097799393125978,0.1249463103634813,1,F007,wheat_punjab,1.0,77.63,131.7,282.89,287.14,147.91
2023-10-22,21.146985714285712,38.6524185,81.20152142857144,1.5586390542857143,0.4795600338182986,0.298304810729739,0.1244950379905342,1,F007,wheat_punjab,1.0,77.63,131.7,282.89,287.14,147.91
2023-10-29,22.85355057142857,0.45776367,76.13058414285715,1.24611643,0.3936272744029183,0.2535713084936256,0.0672273887654643,1,F007,wheat_punjab,1.0,77.63,131.7,282.89,287.14,147.91
2023-11-05,22.77819385714286,0.0,78.72305985714286,1.123406502857143,0.2659474862962446,0.200573045774098,0.0400616464971003,1,F007,wheat_punjab,0.02857142857142857,77.63,131.7,282.89,287.14,147.91
2023-11-12,19.78017314285714,39.9942393,81.29154942857143,1.3519857171428573,0.28368860729382017,0.19039404291969286,0.019224780402986273,0,F007,wheat_punjab,0.07857142857142857,77.63,131.7,282.89,287.14,147.91
2023-11-19,18.271118142857144,0.0,78.08665085714286,1.810570557142857,0.30142972829139575,0.18021504006528774,-0.0016120856911277506,1,F007,wheat_punjab,0.1285714285714286,77.63,131.7,282.89,287.14,147.91
2023-11-26,16.860587,0.0,78.96365371428571,1.4285175914285715,0.2799598992321097,0.1849161046906878,0.0122543350504578,1,F007,wheat_punjab,0.17857142857142858,77.63,131.7,282.89,287.14,147.91
2023-12-03,17.267142,47.44148264,82.62932785714285,1.652380507142857,0.2912591876933197,0.1812013494964455,0.0160143432426469,1,F007,wheat_punjab,0.22857142857142856,77.63,131.7,282.89,287.14,147.91
2023-12-10,15.163504285714286,0.0,81.27853628571428,1.479714357142857,0.3687860379864456,0.2114542887936572,0.056484065531831,1,F007,wheat_punjab,0.2785714285714286,77.63,131.7,282.89,287.14,147.91
2023-12-17,13.00689257142857,0.5722046,80.03595714285714,1.3895213614285713,0.4098367237132798,0.2389652291173607,0.0943721909551041,1,F007,wheat_punjab,0.32857142857142857,77.63,131.7,282.89,287.14,147.91
2023-12-24,12.667959857142858,0.0,80.26062357142857,1.3502141742857143,0.40616514352356914,0.272522123166494,0.10567022629420625,1,F007,wheat_punjab,0.37857142857142856,77.63,131.7,282.89,287.14,147.91
2023-12-31,11.966413142857144,0.7410049400000001,87.32889371428573,0.9345139885714285,0.3335745499862671,0.24980055130320114,0.09917605205637287,0,F007,wheat_punjab,0.42857142857142855,77.63,131.7,282.89,287.14,147.91
2024-01-07,8.628709914285714,0.317573545,94.45363057142858,0.9632463271428572,0.2609839564489651,0.2270789794399083,0.09268187781853948,0,F007,wheat_punjab,0.47857142857142854,77.63,131.7,282.89,287.14,147.91
2024-01-14,7.904728528571428,0.472068783,91.67224314285714,0.9211489657142857,0.1883933629116631,0.20435740757661544,0.08618770358070608,0,F007,wheat_punjab,0.5285714285714286,77.63,131.7,282.89,287.14,147.91
2024-01-21,9.014011885714286,0.5779266319999999,89.61353071428572,0.9511979771428571,0.1158027693743611,0.1816358357133226,0.0796935293428727,1,F007,wheat_punjab,0.5785714285714285,77.63,131.7,282.89,287.14,147.91
2024-01-28,10.2077505,0.9727478209999999,84.49782285714286,1.264468065714286,0.5080276250576292,0.2940605940439115,0.1654753508163202,1,F007,wheat_punjab,0.6285714285714286,77.63,131.7,282.89,287.14,147.91
2024-02-04,13.827300857142857,24.88231626,78.88595071428571,1.1249740128571428,0.5969479046187136,0.3792003903467986,0.2328369995817144,1,F007,wheat_punjab,0.6785714285714286,77.63,131.7,282.89,287.14,147.91
2024-02-11,13.869450071428572,0.0,70.99976885714285,1.5756370471428571,0.5422265636571614,0.38128040988124967,0.2139036611577383,1,F007,wheat_punjab,0.7285714285714285,77.63,131.7,282.89,287.14,147.91
2024-02-18,16.23491985714286,0.0,72.52097914285714,1.9055555,0.5441562931526751,0.3792272910686404,0.2106537345490505,1,F007,wheat_punjab,0.7785714285714286,77.63,131.7,282.89,287.14,147.91
2024-02-25,16.63259442857143,0.7238388099999999,64.20254271428571,2.0967434371428575,0.5575899922546317,0.4293379862107531,0.2406086733242574,1,F007,wheat_punjab,0.8285714285714286,77.63,131.7,282.89,287.14,147.91
2024-03-03,16.693145714285713,24.802208,66.57649714285715,2.526350585714286,0.5647060797685104,0.4309837384694377,0.2391584350687303,0,F007,wheat_punjab,0.8785714285714287,77.63,131.7,282.89,287.14,147.91
2024-03-10,16.421011714285715,1.0213852,61.778616,1.6280984714285716,0.5718221672823892,0.4326294907281224,0.2377081968132032,1,F007,wheat_punjab,0.9285714285714286,77.63,131.7,282.89,287.14,147.91
2024-03-17,19.932869857142858,3.78227233,59.28143071428571,1.5147540385714287,0.5561449290185586,0.4344092369588649,0.2409164334150738,1,F007,wheat_punjab,0.9785714285714286,77.63,131.7,282.89,287.14,147.91
2024-03-24,23.88545442857143,1.22451785,56.18491814285714,1.204492407142857,0.5077364839540998,0.3745579273633539,0.2450825048285288,1,F007,wheat_punjab,1.0,77.63,131.7,282.89,287.14,147.91
2024-03-31,24.719539285714287,7.15255735,60.95436228571428,1.7070463,0.5306717062991134,0.3799795713370796,0.23390895380495255,0,F007,wheat_punjab,1.0,77.63,131.7,282.89,287.14,147.91
2024-04-07,24.848998857142856,1.2989044,45.30324928571429,1.9120710714285714,0.5536069286441271,0.38540121531080535,0.2227354027813763,1,F007,wheat_punjab,1.0,77.63,131.7,282.89,287.14,147.91
2024-04-14,25.78187757142857,6.726265146,46.45847042857143,1.4904227857142858,0.4440083669850295,0.2792622468702477,0.1188329751259291,1,F007,wheat_punjab,1.0,77.63,131.7,282.89,287.14,147.91
2024-04-21,25.193847428571427,49.24392666,56.724508428571426,1.736670237142857,0.34202373575448686,0.20796462159428786,0.02983509747084225,1,F007,wheat_punjab,1.0,77.63,131.7,282.89,287.14,147.91
2024-04-28,27.088243857142857,14.35375217,46.42494071428571,1.509119355714286,0.3016330820848776,0.19340002077790241,-0.003661679286062227,0,F007,wheat_punjab,1.0,77.63,131.7,282.89,287.14,147.91
2024-05-05,25.861424,36.8042,47.04856242857143,2.4627015142857145,0.2612424284152684,0.178835419961517,-0.0371584560429667,1,F007,wheat_punjab,1.0,77.63,131.7,282.89,287.14,147.91
2024-05-12,31.916809142857144,0.366210936,41.36292471428572,1.6957738,0.20759091603290555,0.15284597046612164,-0.04919187516472275,1,F007,wheat_punjab,1.0,77.63,131.7,282.89,287.14,147.91
2024-05-19,33.82180328571429,1.5563965039999998,31.804753142857145,1.8480627,0.1772063945483919,0.1174403490265283,-0.1220438310061406,1,F007,wheat_punjab,1.0,77.63,131.7,282.89,287.14,147.91
2024-05-26,35.91929414285714,8.268356,33.61267514285714,1.9594039142857143,0.1709078608976666,0.1170577031995972,-0.0927560986817917,1,F007,wheat_punjab,1.0,77.63,131.7,282.89,287.14,147.91
2024-06-02,36.49881871428572,1.35612491,24.616517285714284,1.7666275714285715,0.1709751297579619,0.1256863943947109,-0.0749179011702858,1,F007,wheat_punjab,1.0,77.63,131.7,282.89,287.14,147.91
2024-06-09,33.50089814285714,17.0860296,37.41482528571429,2.2069622714285715,0.1721296377495795,0.12552024785945964,-0.0690099464459571,0,F007,wheat_punjab,1.0,77.63,131.7,282.89,287.14,147.91
2024-06-16,36.641457571428575,0.0,28.49230114285714,2.4556858999999998,0.17328414574119716,0.12535410132420835,-0.06310199172162839,1,F007,wheat_punjab,1.0,77.63,131.7,282.89,287.14,147.91
2024-06-23,34.94361228571429,9.055137616,44.03146171428572,1.8888613657142859,0.1913000308848799,0.1394173594673525,-0.0444286245001876,1,F007,wheat_punjab,1.0,77.63,131.7,282.89,287.14,147.91
2024-06-30,35.158533999999996,17.629623139,51.85112742857143,1.5889431942857144,0.1788852965944148,0.1268277214690167,-0.0395155882603304,1,F007,wheat_punjab,1.0,77.63,131.7,282.89,287.14,147.91
2024-07-07,31.871141714285717,61.6464596,73.344608,1.862954362857143,0.1793337965394483,0.16707240238429522,0.08003572450040149,0,F007,wheat_punjab,1.0,77.63,131.7,282.89,287.14,147.91
2024-07-14,32.08572342857143,26.498794353,68.84831785714286,0.9315645499999999,0.1797822964844818,0.2073170832995737,0.1995870372611334,1,F007,wheat_punjab,1.0,77.63,131.7,282.89,287.14,147.91
2024-07-21,33.84359785714286,3.593444822,65.50137114285714,1.0830315485714286,0.4033141187095341,0.2945492944825668,0.14251918643981445,1,F007,wheat_punjab,1.0,77.63,131.7,282.89,287.14,147.91
2024-07-28,32.49812085714286,70.37830297,75.9267097142857,1.3476806428571428,0.3896362128542875,0.3351483270635821,0.14714095330326754,0,F007,wheat_punjab,1.0,77.63,131.7,282.89,287.14,147.91
2024-08-04,31.183079,207.298276492,81.03738842857142,1.8080790357142857,0.3759583069990409,0.3757473596445975,0.1517627201667206,1,F007,wheat_punjab,1.0,77.63,131.7,282.89,287.14,147.91
2024-08-11,30.391444857142858,77.6996615,83.53533728571428,2.022435814285714,0.4330221547755743,0.4005972094121365,0.16586987437905162,0,F007,wheat_punjab,1.0,77.63,131.7,282.89,287.14,147.91
2024-08-18,30.087759857142856,64.29004702,84.1538212857143,1.016366082142857,0.49008600255210777,0.42544705917967557,0.17997702859138268,0,F007,wheat_punjab,1.0,77.63,131.7,282.89,287.14,147.91
2024-08-25,30.65396542857143,28.0065535,80.33930657142857,0.8821943428571428,0.5471498503286412,0.4502969089472146,0.1940841828037137,1,F007,wheat_punjab,1.0,77.63,131.7,282.89,287.14,147.91
2024-09-01,28.713867142857143,61.079977738000004,83.92562485714286,1.7855834142857143,0.5436328569574418,0.5133935540936088,0.2173213306435856,0,F007,wheat_punjab,1.0,77.63,131.7,282.89,287.14,147.91
2024-09-08,29.27362042857143,104.6705249,82.20820314285713,0.9950742914285714,0.5401158635862424,0.5764901992400029,0.24055847848345754,1,F007,wheat_punjab,1.0,77.63,131.7,282.89,287.14,147.91
2024-09-15,30.36370414285714,20.9512712,75.54363785714285,0.7774266599999999,0.598674305301944,0.4582717609727343,0.2212726331618108,1,F007,wheat_punjab,1.0,77.63,131.7,282.89,287.14,147.91
2024-09-22,30.178772000000002,0.9441376,71.17880428571429,0.8841047700000001,0.5672613316300525,0.4222360639939052,0.2016085291234508,1,F007,wheat_punjab,1.0,77.63,131.7,282.89,287.14,147.91
2024-09-29,29.809740428571427,1.66797638,76.23413728571428,0.8764587828571428,0.5584352042574552,0.3920594008469059,0.1821476408758464,1,F007,wheat_punjab,1.0,77.63,131.7,282.89,287.14,147.91
2024-10-06,29.46274657142857,0.042915346,70.81991071428571,0.7448797614285715,0.5088159518943987,0.350975248268904,0.1486450333969755,1,F007,wheat_punjab,1.0,77.63,131.7,282.89,287.14,147.91
2024-10-13,26.572623142857143,0.0,65.44892200000001,0.9148034942857143,0.46543909292257646,0.3498377052964994,0.11274359401160897,1,F007,wheat_punjab,1.0,77.63,131.7,282.89,287.14,147.91
2024-10-20,25.97703357142857,0.0,70.90399985714285,1.0608524685714287,0.4143531796740327,0.3004015170210536,0.0792685343432198,1,F007,wheat_punjab,1.0,77.63,131.7,282.89,287.14,147.91
2024-10-27,25.186078857142856,0.120162964,68.73009414285714,1.44616699,0.2745531263546985,0.2306895612062251,0.0558789011336061,1,F007,wheat_punjab,1.0,77.63,131.7,282.89,287.14,147.91
2024-11-03,24.458823142857142,0.0,64.87406114285714,1.3371243428571429,0.2390635925027739,0.19753257770720456,0.0254792427533263,1,F007,wheat_punjab,0.014285714285714285,77.63,131.7,282.89,287.14,147.91
2024-11-10,22.562120714285715,0.0,75.82689728571428,1.1358247885714285,0.11272952367031,0.1173805158190088,0.0214018442433078,1,F007,wheat_punjab,0.0642857142857143,77.63,131.7,282.89,287.14,147.91
2024-11-17,19.587236571428573,2.15148923,86.57471628571429,0.9569386314285715,0.0264715516812918,0.0628858612821612,0.0293719201540467,1,F007,wheat_punjab,0.11428571428571428,77.63,131.7,282.89,287.14,147.91
2024-11-24,17.811292428571427,0.0,72.93061728571429,1.3845931057142857,0.2010196888966384,0.1309073964392095,-0.0315595691067516,1,F007,wheat_punjab,0.16428571428571428,77.63,131.7,282.89,287.14,147.91
2024-12-01,16.40192957142857,0.0,73.212585,1.3692657385714286,0.2558903579432717,0.1554151579079871,-0.014791458971656,1,F007,wheat_punjab,0.21428571428571427,77.63,131.7,282.89,287.14,147.91
2024-12-08,15.089377285714287,1.1844635,68.372662,1.3929376485714287,0.31263319527661515,0.17201586384122614,0.005206323541333149,1,F007,wheat_punjab,0.2642857142857143,77.63,131.7,282.89,287.14,147.91
2024-12-15,11.535003714285713,0.0,64.19031571428572,1.6725018571428572,0.35381159870744666,0.19355626777307794,0.0486002722870851,1,F007,wheat_punjab,0.3142857142857143,77.63,131.7,282.89,287.14,147.91
2024-12-22,10.818778,0.0,74.89029500000001,1.4130482942857143,0.3773494877408149,0.2277208686778632,0.0889607793665404,1,F007,wheat_punjab,0.36428571428571427,77.63,131.7,282.89,287.14,147.91
2024-12-29,12.328691928571429,8.480072,81.73487157142857,1.4203591928571428,0.4065610647260542,0.25953563424446446,0.11060676649266651,0,F007,wheat_punjab,0.4142857142857143,77.63,131.7,282.89,287.14,147.91
2025-01-05,10.982474,7.544517482,90.03636942857143,1.1218521585714285,0.4357726417112935,0.29135039981106575,0.13225275361879263,0,F007,wheat_punjab,0.4642857142857143,77.63,131.7,282.89,287.14,147.91
2025-01-12,12.2150225,2.9382705099999997,82.85329628571428,1.1591692571428571,0.4649842186965327,0.32316516537766704,0.15389874074491872,0,F007,wheat_punjab,0.5142857142857143,77.63,131.7,282.89,287.14,147.91
2025-01-19,12.130100714285716,0.3232956,80.029145,1.3356397442857144,,,,0,F007,wheat_punjab,0.5642857142857143,77.63,131.7,282.89,287.14,147.91
2025-01-26,14.335353285714287,0.0,66.97148714285714,2.208090285714286,0.5234073726670113,0.3867946965108696,0.19719071499717095,1,F007,wheat_punjab,0.6142857142857143,77.63,131.7,282.89,287.14,147.91
2025-02-02,14.683942357142858,1.65081024,77.01890228571428,1.3541068428571428,0.5263721542927969,0.3963448503962398,0.2258622840488002,1,F007,wheat_punjab,0.6642857142857144,77.63,131.7,282.89,287.14,147.91
2025-02-09,14.749237142857144,0.4234314,65.15664271428571,1.4885359785714285,0.535733376047039,0.4185793774792816,0.2224857614941068,1,F007,wheat_punjab,0.7142857142857143,77.63,131.7,282.89,287.14,147.91
2025-02-16,17.072261285714287,1.7967224,58.746031,1.6847095285714284,0.5469466897667545,0.4289887639180449,0.2092776215153879,1,F007,wheat_punjab,0.7642857142857143,77.63,131.7,282.89,287.14,147.91
2025-02-23,17.176600857142855,44.199945115,70.92520985714286,1.2928102914285715,0.5767617321407261,0.4382685286028418,0.24463571206939522,0,F007,wheat_punjab,0.8142857142857143,77.63,131.7,282.89,287.14,147.91
2025-03-02,18.076145571428572,71.333885423,76.29759342857143,1.809428052857143,0.6065767745146976,0.4475482932876388,0.2799938026234025,1,F007,wheat_punjab,0.8642857142857142,77.63,131.7,282.89,287.14,147.91
2025-03-09,17.974618142857143,0.002861023,62.130922428571424,1.8294599285714284,0.5804969829606704,0.4536524769290123,0.258591769969726,1,F007,wheat_punjab,0.9142857142857143,77.63,131.7,282.89,287.14,147.91
2025-03-16,20.649483857142858,11.87038432,69.97979,1.7468238628571429,0.6051441982528432,0.4253577912339973,0.2520534101981155,1,F007,wheat_punjab,0.9642857142857142,77.63,131.7,282.89,287.14,147.91
2025-03-23,22.337023,0.6351471,58.48258414285714,0.6578552571428571,0.582833181655064,0.42215170580650296,0.25262641412422787,1,F007,wheat_punjab,1.0,77.63,131.7,282.89,287.14,147.91
2025-03-30,23.654022142857144,0.0,45.266119714285715,1.9121864714285715,0.5456075894431553,0.3621270181875641,0.208076947580958,1,F007,wheat_punjab,1.0,77.63,131.7,282.89,287.14,147.91
2025-04-06,24.880920428571425,0.0,39.138233428571425,1.5565302042857143,0.4744733596988892,0.31235175244768065,0.18286881713418235,1,F007,wheat_punjab,1.0,77.63,131.7,282.89,287.14,147.91
2025-04-13,28.144993285714285,0.05722046,47.296583428571424,1.50122815,0.3868875957240083,0.24722929540493122,0.08351563419215738,0,F007,wheat_punjab,1.0,77.63,131.7,282.89,287.14,147.91
2025-04-20,30.64810614285714,3.255844184,42.427021,1.6783694657142856,0.2993018317491274,0.1821068383621818,-0.0158375487498676,1,F007,wheat_punjab,1.0,77.63,131.7,282.89,287.14,147.91
2025-04-27,30.706024285714285,1.87397,25.936592714285716,1.22941898,0.24334155960949208,0.1688918430950773,-0.021444473671961135,1,F007,wheat_punjab,1.0,77.63,131.7,282.89,287.14,147.91
2025-05-04,29.967398428571432,33.57410522,45.697605714285714,2.0985555614285714,0.2327751749807112,0.1366764879763868,-0.0871869118216061,1,F007,wheat_punjab,1.0,77.63,131.7,282.89,287.14,147.91
2025-05-11,28.711499857142858,35.342216076,57.72598514285715,1.415418532857143,0.1993820473979727,0.1337961197583996,-0.1127356157174698,1,F007,wheat_punjab,1.0,77.63,131.7,282.89,287.14,147.91
2025-05-18,33.569348857142856,7.4386598,34.803262714285715,1.1879852,0.17521187398479338,0.12277565955549175,-0.10533116279148005,1,F007,wheat_punjab,1.0,77.63,131.7,282.89,287.14,147.91
2025-05-25,33.473266571428574,87.2697823,44.06847414285714,2.2155329814285714,0.1471367097210315,0.0957416913359079,-0.1077812856081437,1,F007,wheat_punjab,1.0,77.63,131.7,282.89,287.14,147.91
2025-06-01,32.359728000000004,7.25269318,45.11226,1.4658192142857143,0.17496944586588303,0.12196651055691365,-0.079776979661233,1,F007,wheat_punjab,1.0,77.63,131.7,282.89,287.14,147.91
2025-06-08,31.97433885714286,6.231307966,43.835027857142855,1.1898049685714285,0.17725930723893002,0.131947063818819,-0.068115069491333,1,F007,wheat_punjab,1.0,77.63,131.7,282.89,287.14,147.91
2025-06-15,37.137403,0.0,34.822392,1.533196232857143,0.1566826592937047,0.1146004336763179,-0.0498703758247758,1,F007,wheat_punjab,1.0,77.63,131.7,282.89,287.14,147.91
2025-06-22,32.662558142857144,5.064010572,60.58711257142857,2.2134671357142857,0.15570493078414666,0.17452007577063808,0.013493889696099395,0,F007,wheat_punjab,1.0,77.63,131.7,282.89,287.14,147.91
2025-06-29,30.718998428571428,70.87039903,77.944182,1.7847063928571427,0.15472720227458864,0.23443971786495826,0.07685815521697459,0,F007,wheat_punjab,1.0,77.63,131.7,282.89,287.14,147.91
2025-07-06,30.940891714285716,36.858558212000005,76.43738785714287,1.957633542857143,0.1537494737650306,0.2943593599592784,0.1402224207378498,1,F007,wheat_punjab,1.0,77.63,131.7,282.89,287.14,147.91
2025-07-13,29.51759985714286,362.32567323,80.34881842857143,1.2923249357142856,0.2782954203857551,0.3948889299378893,0.328467365451116,1,F007,wheat_punjab,1.0,77.63,131.7,282.89,287.14,147.91
2025-07-20,29.702152857142856,86.57741542,81.32543057142857,2.045405214285714,0.4076508549690421,0.3651357708922778,0.1700380744749334,1,F007,wheat_punjab,1.0,77.63,131.7,282.89,287.14,147.91
2025-07-27,30.066101,44.28863509,81.995035,1.6145190357142858,0.4498474436782943,0.39203095255133985,0.18423915565109625,0,F007,wheat_punjab,1.0,77.63,131.7,282.89,287.14,147.91
2025-08-03,29.471832142857146,57.20901499,83.64414371428572,1.6353134571428571,0.49204403238754657,0.41892613421040187,0.19844023682725906,0,F007,wheat_punjab,1.0,77.63,131.7,282.89,287.14,147.91
2025-08-10,30.676736000000002,22.3131179,77.61282614285714,1.258683827142857,0.5342406210967988,0.44582131586946394,0.2126413180034219,1,F007,wheat_punjab,1.0,77.63,131.7,282.89,287.14,147.91
2025-08-17,29.92957442857143,42.74940407,83.01975785714285,1.6991945000000002,0.5710530065126321,0.4434941445451374,0.1986524012240817,0,F007,wheat_punjab,1.0,77.63,131.7,282.89,287.14,147.91
2025-08-24,28.858010285714283,98.55365767,82.80564857142858,1.6793302114285713,0.6078653919284654,0.4411669732208109,0.1846634844447415,1,F007,wheat_punjab,1.0,77.63,131.7,282.89,287.14,147.91
2025-08-31,26.774571285714284,402.946481,90.47287828571429,2.1358833857142856,0.548253710792922,0.3931724836580762,0.15757619431411987,0,F007,wheat_punjab,1.0,77.63,131.7,282.89,287.14,147.91
2025-09-07,26.46095928571429,167.160988646,87.30336,1.89795844,0.4886420296573784,0.34517799409534156,0.13048890418349823,0,F007,wheat_punjab,1.0,77.63,131.7,282.89,287.14,147.91
2025-09-14,29.569580142857145,39.690971178,79.26639085714285,1.2322875971428573,0.4290303485218349,0.2971835045326069,0.1034016140528766,1,F007,wheat_punjab,1.0,77.63,131.7,282.89,287.14,147.91
2025-09-21,30.495056285714288,0.2117157,75.06987428571428,0.49046567714285716,0.4701013697770685,0.285754003239365,0.0897437496986095,1,F007,wheat_punjab,1.0,77.63,131.7,282.89,287.14,147.91
2025-09-28,30.22437842857143,0.0,70.43731371428571,0.480972502,0.4320390605232638,0.2685414369649034,0.039203487548642196,1,F007,wheat_punjab,1.0,77.63,131.7,282.89,287.14,147.91
2025-10-05,28.815333857142857,3.7250519,72.59233785714285,0.9828551428571428,0.44102775657526305,0.2634061521688248,0.02512903251843815,1,F007,wheat_punjab,1.0,77.63,131.7,282.89,287.14,147.91
2025-10-12,22.691502142857143,66.70474765499999,78.51249914285714,1.6133765714285713,0.3527369168462715,0.264255939101967,0.0973055789668469,1,F007,wheat_punjab,1.0,77.63,131.7,282.89,287.14,147.91
2025-10-19,24.840654714285712,0.0,72.86791600000001,1.2877402500000001,0.39597065417387467,0.22871406513659565,0.020768594463402748,1,F007,wheat_punjab,1.0,77.63,131.7,282.89,287.14,147.91
2025-10-26,23.78894485714286,0.0,70.24614071428572,1.2824121414285714,0.3737824133960343,0.21650687346932646,0.0015185161328422,1,F007,wheat_punjab,1.0,77.63,131.7,282.89,287.14,147.91
2025-11-02,22.285125571428573,0.0,76.63971442857142,1.125514252857143,0.2667588536668356,0.18337476707730876,-0.0023991885874629,1,F007,wheat_punjab,0.007142857142857143,77.63,131.7,282.89,287.14,147.91
2025-11-09,19.544023857142857,0.8068085,69.45768428571428,2.0908826142857144,0.2960740790569299,0.1708393996637637,-0.019708541616280748,1,F007,wheat_punjab,0.05714285714285714,77.63,131.7,282.89,287.14,147.91
2025-11-16,16.233197714285716,0.0,70.564037,1.6210377714285715,0.2662612801580775,0.1655149769980375,-0.0143467838470957,1,F007,wheat_punjab,0.10714285714285714,77.63,131.7,282.89,287.14,147.91
2025-11-23,16.514818428571427,0.0,72.58850428571428,0.8667052785714287,0.23142383683091505,0.1518705882256754,-0.00426308930109455,1,F007,wheat_punjab,0.15714285714285714,77.63,131.7,282.89,287.14,147.91
2025-11-30,13.47858107142857,0.0,74.32713714285714,1.908047922857143,0.3142333537868538,0.17223162252073726,0.013266156249242149,1,F007,wheat_punjab,0.20714285714285716,77.63,131.7,282.89,287.14,147.91
2025-12-07,12.850677714285714,0.0,73.30847785714286,1.6257131714285715,0.3377546632028088,0.19022054123213955,0.0463102684128189,1,F007,wheat_punjab,0.2571428571428572,77.63,131.7,282.89,287.14,147.91
2025-12-14,13.990919,0.0,76.169033,1.4287041714285713,0.37326162317396916,0.2149095655933621,0.07882780240674131,0,F007,wheat_punjab,0.30714285714285716,77.63,131.7,282.89,287.14,147.91
2025-12-21,13.828133571428571,0.0,85.408237,1.5406366714285713,0.4087685831451296,0.2395985899545847,0.1113453364006637,1,F007,wheat_punjab,0.35714285714285715,77.63,131.7,282.89,287.14,147.91
2025-12-28,13.401798857142856,0.0,81.73569414285714,1.5726743642857142,,,,0,F007,wheat_punjab,0.40714285714285714,77.63,131.7,282.89,287.14,147.91
2026-01-04,12.186086333333334,0.9841919,86.41196333333333,1.2055575766666666,,,,0,F007,wheat_punjab,0.45714285714285713,77.63,131.7,282.89,287.14,147.91
