canonical_district,region,year,fasli,net_irrigated_area_ha,gross_irrigated_area_ha,area_irrigated_more_than_once_ha,net_area_sown_ha,pct_net_irrigated_to_net_area_sown,irrigation_intensity_reported,net_source,pct_source,unit_as_published,unit_conversion_applied,identity_gross_minus_more_equals_net,identity_intensity_check,source_district_name,source_publication,row_status
SRIKAKULAM,Andhra Pradesh,2004-05,1414,182557,197612,15055,,59.4,,published,published,hectares,none,True,,SRIKAKULAM,"DES AP, Season and Crop Report 2004-05, Table III-B (Concld.), p.170",ACCEPTED
SRIKAKULAM,Andhra Pradesh,2011-12,1421,192000,220000,28000,319000,60.19,1.15,derived: gross - area_irrigated_more_than_once,computed: net/net_area_sown,'000 Hect.,x1000 ('000 Hect. -> hectares),True,True,Srikakulam,"DES AP, Districts at a Glance 2012, pp.17/22/23",ACCEPTED
VIZIANAGARAM,Andhra Pradesh,2004-05,1414,142111,163722,21611,,44.1,,published,published,hectares,none,True,,VIZIANAGARAM,"DES AP, Season and Crop Report 2004-05, Table III-B (Concld.), p.170",ACCEPTED
VIZIANAGARAM,Andhra Pradesh,2011-12,1421,147000,179000,32000,287000,51.22,1.22,derived: gross - area_irrigated_more_than_once,computed: net/net_area_sown,'000 Hect.,x1000 ('000 Hect. -> hectares),True,True,Vizianagaram,"DES AP, Districts at a Glance 2012, pp.17/22/23",ACCEPTED
EAST GODAVARI,Andhra Pradesh,2004-05,1414,262840,454927,192087,,63.7,,published,published,hectares,none,True,,EAST GODAVARI,"DES AP, Season and Crop Report 2004-05, Table III-B (Concld.), p.170",ACCEPTED
EAST GODAVARI,Andhra Pradesh,2011-12,1421,284000,435000,151000,419000,67.78,1.53,derived: gross - area_irrigated_more_than_once,computed: net/net_area_sown,'000 Hect.,x1000 ('000 Hect. -> hectares),True,True,East Godavari,"DES AP, Districts at a Glance 2012, pp.17/22/23",ACCEPTED
WEST GODAVARI,Andhra Pradesh,2004-05,1414,358835,584850,226015,,83.0,,published,published,hectares,none,True,,WEST GODAVARI,"DES AP, Season and Crop Report 2004-05, Table III-B (Concld.), p.170",ACCEPTED
WEST GODAVARI,Andhra Pradesh,2011-12,1421,379000,598000,219000,471000,80.47,1.58,derived: gross - area_irrigated_more_than_once,computed: net/net_area_sown,'000 Hect.,x1000 ('000 Hect. -> hectares),True,True,West Godavari,"DES AP, Districts at a Glance 2012, pp.17/22/23",ACCEPTED
KRISHNA,Andhra Pradesh,2004-05,1414,301472,339313,37841,,66.1,,published,published,hectares,none,True,,KRISHNA,"DES AP, Season and Crop Report 2004-05, Table III-B (Concld.), p.170",ACCEPTED
KRISHNA,Andhra Pradesh,2011-12,1421,323000,375000,52000,511000,63.21,1.16,derived: gross - area_irrigated_more_than_once,computed: net/net_area_sown,'000 Hect.,x1000 ('000 Hect. -> hectares),True,True,Krishna,"DES AP, Districts at a Glance 2012, pp.17/22/23",ACCEPTED
GUNTUR,Andhra Pradesh,2004-05,1414,330104,362793,32689,,54.1,,published,published,hectares,none,True,,GUNTUR,"DES AP, Season and Crop Report 2004-05, Table III-B (Concld.), p.170",ACCEPTED
GUNTUR,Andhra Pradesh,2011-12,1421,452000,527000,75000,638000,70.85,1.16,derived: gross - area_irrigated_more_than_once,computed: net/net_area_sown,'000 Hect.,x1000 ('000 Hect. -> hectares),True,True,Guntur,"DES AP, Districts at a Glance 2012, pp.17/22/23",ACCEPTED
PRAKASAM,Andhra Pradesh,2004-05,1414,151994,164553,12559,,26.0,,published,published,hectares,none,True,,PRAKASHAM,"DES AP, Season and Crop Report 2004-05, Table III-B (Concld.), p.170",ACCEPTED
PRAKASAM,Andhra Pradesh,2011-12,1421,233000,245000,12000,608000,38.32,1.05,derived: gross - area_irrigated_more_than_once,computed: net/net_area_sown,'000 Hect.,x1000 ('000 Hect. -> hectares),True,True,Prakasam,"DES AP, Districts at a Glance 2012, pp.17/22/23",ACCEPTED
CHITTOOR,Andhra Pradesh,2004-05,1414,126534,163874,37340,,31.3,,published,published,hectares,none,True,,CHITTOOR,"DES AP, Season and Crop Report 2004-05, Table III-B (Concld.), p.170",ACCEPTED
CHITTOOR,Andhra Pradesh,2011-12,1421,146000,193000,47000,355000,41.13,1.32,derived: gross - area_irrigated_more_than_once,computed: net/net_area_sown,'000 Hect.,x1000 ('000 Hect. -> hectares),True,True,Chittoor,"DES AP, Districts at a Glance 2012, pp.17/22/23",ACCEPTED
ANANTAPUR,Andhra Pradesh,2004-05,1414,112147,141751,29604,,10.4,,published,published,hectares,none,True,,ANANTHAPUR,"DES AP, Season and Crop Report 2004-05, Table III-B (Concld.), p.170",ACCEPTED
ANANTAPUR,Andhra Pradesh,2011-12,1421,142000,172000,30000,1049000,13.54,1.21,derived: gross - area_irrigated_more_than_once,computed: net/net_area_sown,'000 Hect.,x1000 ('000 Hect. -> hectares),True,True,Anantapur,"DES AP, Districts at a Glance 2012, pp.17/22/23",ACCEPTED
KURNOOL,Andhra Pradesh,2004-05,1414,171701,203862,32161,,19.6,,published,published,hectares,none,True,,KURNOOL,"DES AP, Season and Crop Report 2004-05, Table III-B (Concld.), p.170",ACCEPTED
KURNOOL,Andhra Pradesh,2011-12,1421,265000,299000,34000,875000,30.29,1.13,derived: gross - area_irrigated_more_than_once,computed: net/net_area_sown,'000 Hect.,x1000 ('000 Hect. -> hectares),True,True,Kurnool,"DES AP, Districts at a Glance 2012, pp.17/22/23",ACCEPTED
MAHBUBNAGAR,Telangana,2004-05,1414,127324,159492,32168,,18.6,,published,published,hectares,none,True,,MAHABOOBNAGAR,"DES AP, Season and Crop Report 2004-05, Table III-B (Concld.), p.170",ACCEPTED
MAHBUBNAGAR,Telangana,2011-12,1421,256000,330000,74000,864000,29.63,1.29,derived: gross - area_irrigated_more_than_once,computed: net/net_area_sown,'000 Hect.,x1000 ('000 Hect. -> hectares),True,True,Mahbubnagar,"DES AP, Districts at a Glance 2012, pp.17/22/23",ACCEPTED
RANGAREDDI,Telangana,2004-05,1414,52659,70357,17698,,22.0,,published,published,hectares,none,True,,RANGAREDDY,"DES AP, Season and Crop Report 2004-05, Table III-B (Concld.), p.170",ACCEPTED
RANGAREDDI,Telangana,2011-12,1421,77000,99000,22000,235000,32.77,1.28,derived: gross - area_irrigated_more_than_once,computed: net/net_area_sown,'000 Hect.,x1000 ('000 Hect. -> hectares),True,True,Ranga Reddy,"DES AP, Districts at a Glance 2012, pp.17/22/23",ACCEPTED
HYDERABAD,Telangana,2004-05,1414,0,0,0,,0.0,,published,published,hectares,none,True,,HYDERABAD,"DES AP, Season and Crop Report 2004-05, Table III-B (Concld.), p.170",ACCEPTED
HYDERABAD,Telangana,2011-12,1421,0,0,0,,,0.0,derived: gross - area_irrigated_more_than_once,computed: net/net_area_sown,'000 Hect.,x1000 ('000 Hect. -> hectares),True,True,Hyderabad,"DES AP, Districts at a Glance 2012, pp.17/22/23",ACCEPTED
MEDAK,Telangana,2004-05,1414,100934,144412,43478,,25.1,,published,published,hectares,none,True,,MEDAK,"DES AP, Season and Crop Report 2004-05, Table III-B (Concld.), p.170",ACCEPTED
MEDAK,Telangana,2011-12,1421,157000,240000,83000,481000,32.64,1.52,derived: gross - area_irrigated_more_than_once,computed: net/net_area_sown,'000 Hect.,x1000 ('000 Hect. -> hectares),True,True,Medak,"DES AP, Districts at a Glance 2012, pp.17/22/23",ACCEPTED
NIZAMABAD,Telangana,2004-05,1414,114937,189830,74893,,55.6,,published,published,hectares,none,True,,NIZAMABAD,"DES AP, Season and Crop Report 2004-05, Table III-B (Concld.), p.170",ACCEPTED
NIZAMABAD,Telangana,2011-12,1421,214000,398000,184000,337000,63.5,1.86,derived: gross - area_irrigated_more_than_once,computed: net/net_area_sown,'000 Hect.,x1000 ('000 Hect. -> hectares),True,True,Nizamabad,"DES AP, Districts at a Glance 2012, pp.17/22/23",ACCEPTED
ADILABAD,Telangana,2004-05,1414,69881,71795,1914,,13.0,,published,published,hectares,none,True,,ADILABAD,"DES AP, Season and Crop Report 2004-05, Table III-B (Concld.), p.170",ACCEPTED
ADILABAD,Telangana,2011-12,1421,83000,112000,29000,590000,14.07,1.35,derived: gross - area_irrigated_more_than_once,computed: net/net_area_sown,'000 Hect.,x1000 ('000 Hect. -> hectares),True,True,Adilabad,"DES AP, Districts at a Glance 2012, pp.17/22/23",ACCEPTED
KARIMNAGAR,Telangana,2004-05,1414,169330,236430,67100,,50.8,,published,published,hectares,none,True,,KARIMNAGAR,"DES AP, Season and Crop Report 2004-05, Table III-B (Concld.), p.170",ACCEPTED
KARIMNAGAR,Telangana,2011-12,1421,354000,586000,232000,532000,66.54,1.65,derived: gross - area_irrigated_more_than_once,computed: net/net_area_sown,'000 Hect.,x1000 ('000 Hect. -> hectares),True,True,Karimnagar,"DES AP, Districts at a Glance 2012, pp.17/22/23",ACCEPTED
WARANGAL,Telangana,2004-05,1414,284852,328697,43845,,63.6,,published,published,hectares,none,True,,WARANGAL,"DES AP, Season and Crop Report 2004-05, Table III-B (Concld.), p.170",ACCEPTED
WARANGAL,Telangana,2011-12,1421,339000,448000,109000,530000,63.96,1.32,derived: gross - area_irrigated_more_than_once,computed: net/net_area_sown,'000 Hect.,x1000 ('000 Hect. -> hectares),True,True,Warangal,"DES AP, Districts at a Glance 2012, pp.17/22/23",ACCEPTED
KHAMMAM,Telangana,2004-05,1414,173244,205416,32172,,39.5,,published,published,hectares,none,True,,KHAMMAM,"DES AP, Season and Crop Report 2004-05, Table III-B (Concld.), p.170",ACCEPTED
KHAMMAM,Telangana,2011-12,1421,206000,243000,37000,458000,44.98,1.18,derived: gross - area_irrigated_more_than_once,computed: net/net_area_sown,'000 Hect.,x1000 ('000 Hect. -> hectares),True,True,Khammam,"DES AP, Districts at a Glance 2012, pp.17/22/23",ACCEPTED
NALGONDA,Telangana,2004-05,1414,187124,254755,67631,,36.1,,published,published,hectares,none,True,,NALGONDA,"DES AP, Season and Crop Report 2004-05, Table III-B (Concld.), p.170",ACCEPTED
NALGONDA,Telangana,2011-12,1421,298000,408000,110000,573000,52.01,1.37,derived: gross - area_irrigated_more_than_once,computed: net/net_area_sown,'000 Hect.,x1000 ('000 Hect. -> hectares),True,True,Nalgonda,"DES AP, Districts at a Glance 2012, pp.17/22/23",ACCEPTED
KANCHEEPURAM,Tamil Nadu,2004-05,1414,105478,138362,32884,,86.91,1.31,published,published,hectares,none,True,True,Kancheepuram,"DES TN, Season and Crop Report 2004-05, Table III-B, All Sources",ACCEPTED
KANCHEEPURAM,Tamil Nadu,2011-12,1421,101052,115000,13948,,80.73,1.14,published,published,hectares,none,True,True,Kancheepuram,"DES TN, Season and Crop Report 2011-12 (Fasli 1421), Table III-B, p.104",ACCEPTED
CUDDALORE,Tamil Nadu,2004-05,1414,146355,174858,28503,,67.96,1.19,published,published,hectares,none,True,True,Cuddalore,"DES TN, Season and Crop Report 2004-05, Table III-B, All Sources",ACCEPTED
CUDDALORE,Tamil Nadu,2011-12,1421,148549,180345,31796,,69.35,1.21,published,published,hectares,none,True,True,Cuddalore,"DES TN, Season and Crop Report 2011-12 (Fasli 1421), Table III-B, p.104",ACCEPTED
DHARMAPURI,Tamil Nadu,2004-05,1414,51447,57261,5814,,30.28,1.11,published,published,hectares,none,True,True,Dharmapuri,"DES TN, Season and Crop Report 2004-05, Table III-B, All Sources",ACCEPTED
DHARMAPURI,Tamil Nadu,2011-12,1421,83206,121890,38684,,54.28,1.46,published,published,hectares,none,True,True,Dharmapuri,"DES TN, Season and Crop Report 2011-12 (Fasli 1421), Table III-B, p.104",ACCEPTED
KRISHNAGIRI,Tamil Nadu,2004-05,1414,44075,48442,4367,,24.53,1.1,published,published,hectares,none,True,True,Krishnagiri,"DES TN, Season and Crop Report 2004-05, Table III-B, All Sources",ACCEPTED
KRISHNAGIRI,Tamil Nadu,2011-12,1421,52120,60117,7997,,29.99,1.15,published,published,hectares,none,True,True,Krishnagiri,"DES TN, Season and Crop Report 2011-12 (Fasli 1421), Table III-B, p.104",ACCEPTED
KARUR,Tamil Nadu,2004-05,1414,42880,44926,2046,,42.7,1.05,published,published,hectares,none,True,True,Karur,"DES TN, Season and Crop Report 2004-05, Table III-B, All Sources",ACCEPTED
KARUR,Tamil Nadu,2011-12,1421,60478,67158,6680,,62.31,1.11,published,published,hectares,none,True,True,Karur,"DES TN, Season and Crop Report 2011-12 (Fasli 1421), Table III-B, p.104",ACCEPTED
NAGAPATTINAM,Tamil Nadu,2004-05,1414,118174,146099,27925,,82.57,1.24,published,published,hectares,none,True,True,Nagapattinam,"DES TN, Season and Crop Report 2004-05, Table III-B, All Sources",ACCEPTED
NAGAPATTINAM,Tamil Nadu,2011-12,1421,123108,164183,41075,,75.06,1.33,published,published,hectares,none,True,True,Nagapattinam,"DES TN, Season and Crop Report 2011-12 (Fasli 1421), Table III-B, p.104",ACCEPTED
MADURAI,Tamil Nadu,2004-05,1414,77206,85490,8284,,55.72,1.11,published,published,hectares,none,True,True,Madurai,"DES TN, Season and Crop Report 2004-05, Table III-B, All Sources",ACCEPTED
MADURAI,Tamil Nadu,2011-12,1421,88555,96896,8341,,63.64,1.09,published,published,hectares,none,True,True,Madurai,"DES TN, Season and Crop Report 2011-12 (Fasli 1421), Table III-B, p.104",ACCEPTED
DINDIGUL,Tamil Nadu,2004-05,1414,92955,100111,7156,,36.32,1.08,published,published,hectares,none,True,True,Dindigul,"DES TN, Season and Crop Report 2004-05, Table III-B, All Sources",ACCEPTED
DINDIGUL,Tamil Nadu,2011-12,1421,120894,125445,4551,,52.64,1.04,published,published,hectares,none,True,True,Dindigul,"DES TN, Season and Crop Report 2011-12 (Fasli 1421), Table III-B, p.104",ACCEPTED
