Sur_yr,Cult_id/Hhid/Vdsid,Plot_code,crop,area_acres,yield_kg,sow_date,harvest_date,yield_t_ha,days_to_harvest
2010,IBH10A0030,A,Wheat,0.3,400.0,2010-12-05,2011-04-18,3.2946215303517015,134
2010,IBH10A0030,B,Wheat,0.3,350.0,2010-12-07,2011-04-20,2.8827938390577383,134
2010,IBH10A0030,C,Wheat,0.24,280.0,2010-12-06,2011-04-22,2.882793839057739,137
2010,IBH10A0030,CB,Paddy,0.24,480.0,2010-08-06,2010-11-15,4.941932295527551,101
2010,IBH10A0030,D,Wheat,0.12,80.0,2010-12-05,2011-04-16,1.6473107651758505,132
2010,IBH10A0031,C,Wheat,0.21,200.0,2010-11-23,2011-04-23,2.353301093108358,151
2010,IBH10A0032,A,Wheat,0.53,600.0,2010-11-16,2011-04-10,2.7973201672797456,145
2010,IBH10A0032,AB,Paddy,0.53,800.0,2010-08-12,2010-11-16,3.729760223039661,96
2010,IBH10A0032,B,Wheat,0.15,120.0,2010-11-17,2011-04-15,1.9767729182110205,149
2010,IBH10A0032,C,Paddy,0.27,500.0,2010-08-12,2011-03-20,4.575863236599584,220
2010,IBH10A0032,D,Paddy,0.15,370.0,2010-07-03,2010-11-18,6.095049831150647,138
2010,IBH10A0034,B,Wheat,0.2,420.0,2010-11-22,2011-04-16,5.189028910303928,145
2010,IBH10A0037,A,Paddy,0.21,750.0,2010-12-02,2011-04-24,8.824879099156343,143
2010,IBH10A0037,B,Wheat,0.1,120.0,2010-12-02,2011-04-22,2.9651593773165303,141
2010,IBH10A0037,D,Paddy,0.12,320.0,2010-12-11,2011-04-23,6.589243060703402,133
2010,IBH10A0038,B,Wheat,0.3,400.0,2010-12-07,2011-04-18,3.2946215303517015,132
2010,IBH10A0038,C,Wheat,0.24,320.0,2010-12-05,2011-04-18,3.294621530351701,134
2010,IBH10A0039,A,Paddy,0.23,350.0,2010-08-13,2010-11-27,3.760165877031832,106
2010,IBH10A0039,B,Wheat,0.13,160.0,2010-12-15,2011-04-18,3.0411891049400315,124
2010,IBH10A0039,C,Wheat,0.22,240.0,2010-12-15,2011-04-21,2.6955994339241185,127
2010,IBH10A0039,D,Paddy,0.07,90.0,2010-08-13,2010-11-26,3.1769564756962825,105
2010,IBH10A0039,E,Paddy,0.23,590.0,2010-08-13,2010-11-27,6.338565335567945,106
2010,IBH10A0040,H,Paddy,0.1,200.0,2010-08-15,2011-02-25,4.94193229552755,194
2010,IBH10A0040,J,Wheat,0.18,200.0,2010-12-08,2011-04-18,2.745517941959751,131
2010,IBH10A0040,K,Wheat,1.03,1500.0,2010-11-17,2011-04-23,3.598494389947246,157
2010,IBH10A0040,L,Wheat,0.31,300.0,2010-11-22,2011-04-24,2.3912575623520405,153
2010,IBH10A0040,M,Wheat,0.46,480.0,2010-11-23,2011-04-18,2.578399458536113,146
2010,IBH10A0040,N,Wheat,0.31,320.0,2010-11-25,2011-04-22,2.55067473317551,148
2010,IBH10A0041,C,Paddy,0.72,1800.0,2010-08-20,2010-11-25,6.17741536940944,97
2010,IBH10A0041,F,Wheat,0.42,500.0,2010-11-28,2011-04-22,2.9416263663854476,145
2010,IBH10A0042,B,Wheat,0.6,600.0,2010-12-16,2011-04-12,2.4709661477637757,117
2010,IBH10A0042,BB,Paddy,0.6,800.0,2010-08-21,2010-11-22,3.2946215303517015,93
2010,IBH10A0042,D,Paddy,0.3,700.0,2010-08-11,2010-11-20,5.765587678115477,101
2010,IBH10A0043,BA,Paddy,0.24,300.0,2010-08-07,2010-11-25,3.08870768470472,110
2010,IBH10A0043,C,Paddy,0.14,150.0,2010-08-20,2010-11-22,2.647463729746902,94
2010,IBH10A0043,D,Paddy,0.15,550.0,2010-07-10,2010-11-22,9.060209208467178,135
2010,IBH10A0044,A,Wheat,0.24,320.0,2010-11-15,2011-04-15,3.294621530351701,151
2010,IBH10A0044,B,Wheat,0.16,160.0,2010-08-05,2010-11-25,2.4709661477637757,112
2010,IBH10A0044,F,Wheat,0.24,340.0,2010-12-06,2011-04-18,3.5005353759986826,133
2010,IBH10A0045,A,Wheat,0.58,800.0,2010-12-10,2011-04-15,3.408229169329346,126
2010,IBH10A0045,AB,Paddy,0.58,1000.0,2010-08-22,2010-11-22,4.260286461661682,92
2010,IBH10A0045,E,Paddy,0.3,400.0,2010-12-10,2011-03-25,3.2946215303517015,105
2010,IBH10A0045,I,Wheat,0.24,380.0,2010-11-28,2011-04-15,3.9123630672926453,138
2010,IBH10A0047,B,Paddy,0.36,1190.0,2010-12-16,2011-04-22,8.167915877330259,127
2010,IBH10A0047,E,Paddy,0.15,420.0,2010-08-12,2010-11-25,6.918705213738572,105
2010,IBH10A0047,FA,Paddy,0.15,200.0,2010-08-10,2010-11-25,3.2946215303517015,107
2010,IBH10A0047,I,Paddy,0.54,1600.0,2010-08-13,2010-11-26,7.321381178559335,105
2010,IBH10A0048,A,Paddy,0.78,2100.0,2010-12-12,2011-04-18,6.65260116705632,127
2010,IBH10A0048,B,Paddy,1.24,1400.0,2010-07-28,2010-11-25,2.789800489410714,120
2010,IBH10A0048,BC,Wheat,0.96,1500.0,2010-12-10,2011-04-20,3.8608846058808997,131
2010,IBH10A0048,C,Paddy,0.28,360.0,2010-08-04,2010-11-27,3.1769564756962825,115
2010,IBH10A0049,D,Paddy,0.22,450.0,2010-08-04,2010-11-28,5.0542489386077225,116
2010,IBH10A0049,E,Paddy,0.14,310.0,2010-08-04,2010-11-29,5.471425041476931,117
2010,IBH10A0049,GA,Paddy,0.15,180.0,2010-08-20,2010-11-26,2.965159377316531,98
2010,IBH10A0049,L,Wheat,0.11,160.0,2010-12-18,2011-04-20,3.5941325785654916,123
2010,IBH10A0050,A,Wheat,0.62,720.0,2010-11-25,2011-04-18,2.8695090748224485,144
2010,IBH10A0050,B,Wheat,1.38,2000.0,2010-11-22,2011-04-16,3.581110359077936,145
2010,IBH10A0050,CB,Wheat,3.0,4000.0,2010-11-25,2011-04-22,3.294621530351701,148
2010,IBH10A0050,E,Wheat,0.67,800.0,2010-11-16,2011-04-22,2.9504073406134634,157
2010,IBH10A0051,B,Wheat,0.62,600.0,2010-12-04,2011-04-17,2.3912575623520405,134
2010,IBH10A0051,C,Wheat,0.62,640.0,2010-12-09,2011-04-11,2.55067473317551,123
2010,IBH10A0051,CB,Paddy,0.62,800.0,2010-08-05,2010-11-22,3.1883434164693876,109
2010,IBH10A0051,E,Wheat,0.31,280.0,2010-12-05,2011-04-18,2.2318403915285714,134
2010,IBH10A0052,C,Wheat,0.36,480.0,2010-11-03,2011-04-15,3.294621530351701,163
2010,IBH10A0053,D,Wheat,0.3,400.0,2010-11-03,2011-04-10,3.2946215303517015,158
2010,IBH10A0053,N,Paddy,0.36,400.0,2010-08-10,2010-11-24,2.745517941959751,106
2010,IBH10A0054,A,Wheat,1.12,1200.0,2010-12-09,2011-04-15,2.647463729746902,127
2010,IBH10A0054,AB,Paddy,1.12,1700.0,2010-07-27,2010-11-22,3.7505736171414448,118
2010,IBH10A0054,C,Wheat,0.45,480.0,2010-12-25,2011-04-05,2.6356972242813606,101
2010,IBH10A0054,D,Wheat,0.24,240.0,2010-12-14,2011-04-18,2.4709661477637757,125
2010,IBH10A0054,E,Wheat,0.36,400.0,2010-12-14,2011-04-19,2.745517941959751,126
2010,IBH10A0054,F,Wheat,0.18,160.0,2010-12-10,2011-04-20,2.1964143535678007,131
2010,IBH10A0055,B,Wheat,0.42,640.0,2010-11-02,2011-04-08,3.765281748973373,157
2010,IBH10A0055,C,Wheat,0.35,550.0,2010-11-02,2011-04-10,3.8829468036287906,159
2010,IBH10A0055,D,Wheat,0.9,1600.0,2010-11-26,2011-04-25,4.392828707135601,150
2010,IBH10A0055,E,Paddy,0.56,1600.0,2010-12-03,2011-04-28,7.059903279325073,146
2010,IBH10A0055,F,Wheat,0.13,180.0,2010-12-03,2011-04-28,3.421337743057535,146
2010,IBH10A0055,K,Paddy,0.5,700.0,2010-08-01,2010-11-26,3.4593526068692855,117
2010,IBH10A0055,M,Paddy,0.22,350.0,2010-08-01,2010-11-27,3.9310825078060065,118
2010,IBH10A0055,O,Paddy,0.2,320.0,2010-08-02,2010-11-27,3.9535458364220406,117
2010,IBH10A0056,A,Wheat,3.5,3500.0,2010-11-15,2011-04-15,2.4709661477637757,151
2010,IBH10A0056,AB,Paddy,3.35,6000.0,2010-08-03,2010-11-16,4.425611010920195,105
2010,IBH10A0056,B,Paddy,0.66,400.0,2010-07-06,2010-09-30,1.497555241068955,86
2010,IBH10A0056,C,Paddy,0.36,1060.0,2010-08-20,2010-11-25,7.275622546193341,97
2010,IBH10A0056,D,Paddy,0.36,700.0,2010-08-20,2010-11-25,4.804656398429564,97
2010,IBH10A0056,G,Paddy,0.24,450.0,2010-08-20,2010-11-26,4.633061527057079,98
2010,IBH10A0057,C,Wheat,0.58,1000.0,2010-11-20,2011-04-14,4.260286461661682,145
2010,IBH10A0057,E,Paddy,0.43,1640.0,2010-12-18,2011-04-27,9.424149958913004,130
2010,IBH10A0058,A,Wheat,0.77,900.0,2010-11-04,2011-04-15,2.8881422506329844,162
2010,IBH10A0058,B,Wheat,0.31,320.0,2010-11-13,2011-04-17,2.55067473317551,155
2010,IBH10A0058,P,Paddy,0.18,350.0,2010-08-15,2010-11-24,4.804656398429564,101
2010,IBH10A0058,Q,Paddy,0.12,150.0,2010-08-15,2010-11-25,3.08870768470472,102
2010,IBH10A0059,AB,Paddy,2.0,3600.0,2010-08-20,2010-11-16,4.447739065974797,88
2010,IBH10A0059,C,Wheat,0.55,800.0,2010-11-20,2011-04-18,3.5941325785654916,149
2010,IBH10A0059,E,Wheat,0.62,1000.0,2010-11-22,2011-04-16,3.9854292705867347,145
2010,IBH10A0059,F,Paddy,0.4,1300.0,2010-08-11,2010-11-15,8.03063998023227,96
2010,IBH10A0059,G,Wheat,0.62,800.0,2010-11-27,2011-04-15,3.1883434164693876,139
2010,IBH10A0059,H,Wheat,0.46,650.0,2010-11-28,2011-04-16,3.491582600100987,139
2010,IBH10A0059,N,Paddy,0.5,1340.0,2010-08-20,2011-04-18,6.622189276006919,241
2010,IBH10B0003,A,Paddy,0.18,620.0,2010-11-18,2011-04-15,8.511105620075227,148
2010,IBH10B0030,A,Wheat,0.49,750.0,2010-12-03,2011-04-05,3.782091042495575,123
2010,IBH10B0030,B,Wheat,0.24,400.0,2010-12-22,2011-04-06,4.118276912939627,105
2010,IBH10B0030,C,Wheat,0.16,200.0,2010-12-22,2011-04-09,3.0887076847047195,108
2010,IBH10B0031,B,Paddy,0.15,200.0,2010-12-08,2011-01-26,3.2946215303517015,49
2010,IBH10B0032,A,Paddy,0.2,200.0,2010-12-01,2011-04-25,2.470966147763775,145
2010,IBH10B0032,B,Wheat,0.25,350.0,2010-12-06,2011-04-23,3.4593526068692855,138
2010,IBH10B0032,C,Paddy,0.25,600.0,2010-08-15,2010-12-05,5.930318754633062,112
2010,IBH10B0033,B,Paddy,0.35,1065.0,2010-12-10,2011-04-24,7.518796992481203,135
2010,IBH10B0033,E,Wheat,0.3,420.0,2010-12-15,2011-04-26,3.459352606869286,132
2010,IBH10B0033,G,Paddy,0.17,435.0,2010-08-03,2010-11-25,6.322766319277896,114
2010,IBH10B0034,A,Paddy,0.62,1800.0,2010-11-20,2011-04-18,7.173772687056122,149
2010,IBH10B0035,C,Wheat,0.32,400.0,2010-12-04,2011-04-16,3.0887076847047195,133
2010,IBH10B0035,CA,Paddy,0.32,300.0,2010-07-27,2010-11-21,2.3165307635285393,117
2010,IBH10B0036,A,Paddy,0.48,1630.0,2010-07-26,2010-11-25,8.390989210114489,122
2010,IBH10B0037,BA,Wheat,0.5,1200.0,2010-12-28,2011-05-04,5.930318754633062,127
2010,IBH10B0038,B,Wheat,0.38,440.0,2010-12-17,2011-05-04,2.8611186974106877,138
2010,IBH10B0039,D,Wheat,0.4,250.0,2010-12-09,2011-04-08,1.5443538423523595,120
2010,IBH10B0040,A,Wheat,1.15,1480.0,2010-12-20,2011-04-20,3.180025998861207,121
2010,IBH10B0040,E,Paddy,0.62,400.0,2010-08-07,2011-03-24,1.5941717082346938,229
2010,IBH10B0041,A,Paddy,2.0,5800.0,2010-08-08,2010-11-25,7.165801828514949,109
2010,IBH10B0041,B,Wheat,0.22,280.0,2010-12-20,2011-04-24,3.1448660062448055,125
2010,IBH10B0041,C,Wheat,0.22,200.0,2010-12-20,2011-04-24,2.2463328616034324,125
2010,IBH10B0041,D,Wheat,0.24,350.0,2010-12-16,2011-04-24,3.603492298822173,129
2010,IBH10B0041,E,Wheat,0.3,350.0,2010-12-18,2011-04-24,2.8827938390577383,127
2010,IBH10B0042,A,Paddy,0.78,3200.0,2010-08-05,2010-11-25,10.137297016466773,112
2010,IBH10B0042,B,Paddy,0.78,3100.0,2010-08-05,2010-11-22,9.820506484702186,109
2010,IBH10B0042,D,Paddy,0.33,1240.0,2010-08-08,2010-11-28,9.28484249462752,112
2010,IBH10B0042,E,Paddy,0.36,1480.0,2010-08-08,2010-11-24,10.158416385251078,108
2010,IBH10B0042,F,Wheat,0.15,200.0,2010-12-10,2011-04-11,3.2946215303517015,122
2010,IBH10B0043,A,Paddy,1.56,5000.0,2010-08-09,2010-11-28,7.919763294114666,111
2010,IBH10B0043,B,Paddy,1.24,4100.0,2010-08-05,2010-11-25,8.170130004702806,112
2010,IBH10B0043,CA,Paddy,0.31,850.0,2010-08-09,2010-11-30,6.7752297599974485,113
2010,IBH10B0044,A,Paddy,1.62,4900.0,2010-08-05,2010-11-28,7.4739099531126545,115
2010,IBH10B0045,A,Paddy,1.56,4700.0,2010-08-09,2010-11-27,7.444577496467786,110
2010,IBH10B0045,B,Paddy,1.24,4150.0,2010-08-05,2010-11-22,8.269765736467475,109
2010,IBH10B0045,CA,Paddy,0.31,1000.0,2010-08-09,2010-11-27,7.970858541173469,110
2010,IBH10B0047,C,Wheat,0.62,800.0,2010-12-14,2011-04-17,3.1883434164693876,124
2010,IBH10B0047,D,Wheat,0.62,840.0,2010-12-12,2011-04-15,3.3477605872928566,124
2010,IBH10B0047,E,Wheat,0.52,720.0,2010-12-15,2011-04-12,3.421337743057535,118
2010,IBH10B0048,A,Paddy,1.3,2200.0,2010-08-09,2010-11-28,4.181635019292543,111
2010,IBH10B0049,A,Paddy,1.3,3560.0,2010-08-10,2010-11-10,6.76664575849157,92
2010,IBH10B0049,E,Wheat,0.62,800.0,2010-11-18,2011-04-04,3.1883434164693876,137
2010,IBH10B0050,AB,Paddy,1.0,1000.0,2010-08-10,2010-11-28,2.4709661477637757,110
2010,IBH10B0051,B,Paddy,1.09,3640.0,2010-08-06,2010-11-28,8.25166676867903,114
2010,IBH10B0051,C,Paddy,0.77,3100.0,2010-08-06,2010-11-28,9.948045529958057,114
2010,IBH10B0051,E,Paddy,1.09,3700.0,2010-08-08,2010-11-27,8.387683253877036,111
2010,IBH10B0051,F,Paddy,0.43,1400.0,2010-08-06,2010-11-24,8.04500606248671,110
2010,IBH10B0051,GA,Paddy,1.0,3300.0,2010-08-02,2010-11-18,8.154188287620459,108
2010,IBH10B0052,A,Paddy,2.0,5600.0,2010-08-09,2010-11-08,6.918705213738571,91
2010,IBH10B0052,B,Wheat,1.0,1400.0,2010-11-18,2011-04-25,3.4593526068692855,158
2010,IBH10B0052,D,Wheat,1.0,1400.0,2010-12-28,2011-04-23,3.4593526068692855,116
2010,IBH10B0053,A,Paddy,1.25,4140.0,2010-08-03,2010-11-27,8.183839881393626,116
2010,IBH10B0053,B,Paddy,4.62,14000.0,2010-08-02,2010-11-29,7.487776205344774,119
2010,IBH10B0053,C,Wheat,1.1,3300.0,2010-12-04,2011-04-12,7.412898443291326,129
2010,IBH10B0054,A,Paddy,2.62,9200.0,2010-08-03,2010-11-24,8.676675022681959,113
2010,IBH10B0054,B,Wheat,1.5,2200.0,2010-08-05,2010-11-26,3.6240836833868713,113
2010,IBH10B0054,C,Paddy,1.0,4120.0,2010-08-05,2010-11-24,10.180380528786756,111
2010,IBH10B0054,D,Paddy,0.62,1250.0,2010-08-17,2010-11-24,4.981786588233418,99
2010,IBH10B0054,J,Paddy,0.26,800.0,2010-08-08,2010-11-24,7.6029727623500785,108
2010,IBH10B0055,AA,Paddy,3.0,12400.0,2010-11-19,2011-04-10,10.213326744090272,142
2010,IBH10B0055,B,Paddy,1.0,4000.0,2010-11-20,2011-04-09,9.883864591055103,140
2010,IBH10B0055,D,Paddy,1.0,1200.0,2010-08-02,2010-11-20,2.965159377316531,110
2010,IBH10B0055,F,Paddy,1.0,3600.0,2010-08-04,2011-04-09,8.895478131949593,248
2010,IBH10B0056,AA,Paddy,1.0,3250.0,2010-08-07,2010-11-25,8.030639980232271,110
2010,IBH10B0057,C,Paddy,0.76,2650.0,2010-08-08,2010-11-24,8.615868804702638,108
2010,IBH10B0057,D,Paddy,0.68,2460.0,2010-08-24,2010-11-24,8.93908341691013,92
2010,IBH10B0058,BB,Paddy,0.36,200.0,2010-08-01,2010-11-15,1.3727589709798755,106
2010,IBH10B0058,C,Wheat,1.0,1280.0,2010-10-04,2010-12-15,3.162836669137633,72
2010,IBH10B0058,FB,Paddy,0.22,560.0,2010-12-01,2011-01-30,6.289732012489611,60
2010,IBH10B0058,HB,Paddy,0.06,80.0,2010-07-30,2010-10-30,3.294621530351701,92
2010,IBH10B0059,AA,Paddy,7.0,29500.0,2010-07-08,2010-11-26,10.413357337004483,141
2010,IBH10B0059,AB,Paddy,2.0,6900.0,2010-07-08,2010-11-25,8.524833209785026,140
2010,IBH10B0059,AC,Paddy,1.0,2900.0,2010-07-08,2010-11-26,7.165801828514949,141
2010,IBH10B0059,BA,Paddy,3.0,9060.0,2010-07-07,2010-11-25,7.462317766246603,141
2010,IBH10B0059,CA,Paddy,4.0,16400.0,2010-07-07,2010-11-30,10.130961205831479,146
2010,IBH10B0059,CB,Paddy,2.0,7880.0,2010-07-08,2010-11-27,9.735606622189275,142
2010,IBH10B0059,DA,Wheat,5.2,8400.0,2010-12-07,2011-04-13,3.991560700233791,127
2010,IBH10B0059,F,Paddy,2.0,9100.0,2010-07-15,2010-11-30,11.24289597232518,138
2010,IBH10B0059,H,Wheat,1.0,1540.0,2010-12-22,2011-04-20,3.8052878675562147,119
2010,IBH10C0010,A,Paddy,0.1,120.0,2010-11-10,2011-02-18,2.9651593773165303,100
2010,IBH10C0010,C,Wheat,0.1,35.0,2010-12-04,2011-04-14,0.8648381517173215,131
2010,IBH10C0030,A,Paddy,0.4,730.0,2010-07-08,2010-11-16,4.509513219668889,131
2010,IBH10C0030,B,Paddy,0.07,140.0,2010-07-09,2010-11-12,4.941932295527551,126
2010,IBH10C0031,B,Paddy,0.12,110.0,2010-07-15,2010-11-16,2.2650523021167945,124
2010,IBH10C0031,D,Paddy,0.15,150.0,2010-07-17,2010-11-21,2.4709661477637757,127
2010,IBH10C0032,A,Paddy,0.05,60.0,2010-07-24,2010-11-20,2.9651593773165303,119
2010,IBH10C0032,G,Paddy,0.05,60.0,2010-11-08,2011-02-21,2.9651593773165303,105
2010,IBH10C0033,C,Paddy,0.2,930.0,2010-07-15,2010-11-20,11.489992587101556,128
2010,IBH10C0033,E,Paddy,0.02,30.0,2010-07-08,2011-02-28,3.7064492216456633,235
2010,IBH10C0035,A,Paddy,0.15,150.0,2010-07-17,2010-11-24,2.4709661477637757,130
2010,IBH10C0035,B,Paddy,0.25,380.0,2010-12-01,2011-04-15,3.755868544600939,135
2010,IBH10C0035,C,Paddy,0.2,250.0,2010-11-06,2011-01-28,3.088707684704719,83
2010,IBH10C0036,A,Paddy,0.15,130.0,2010-12-05,2011-02-13,2.141503994728606,70
2010,IBH10C0036,C,Paddy,0.17,245.0,2010-12-02,2011-04-16,3.561098271777206,135
2010,IBH10C0036,D,Paddy,0.1,145.0,2010-12-01,2011-04-12,3.5829009142574737,132
2010,IBH10C0036,E,Paddy,0.1,120.0,2011-01-03,2011-02-28,2.9651593773165303,56
2010,IBH10C0037,E,Paddy,0.04,50.0,2010-11-03,2011-03-02,3.0887076847047195,119
2010,IBH10C0037,F,Paddy,0.04,46.0,2011-02-06,2011-04-16,2.8416110699283417,69
2010,IBH10C0037,G,Paddy,0.05,50.0,2010-11-04,2011-02-21,2.470966147763775,109
2010,IBH10C0038,A,Paddy,0.2,330.0,2010-07-05,2010-11-13,4.077094143810229,131
2010,IBH10C0038,D,Paddy,0.16,200.0,2010-12-04,2011-04-10,3.0887076847047195,127
2010,IBH10C0039,B,Paddy,0.15,180.0,2010-12-07,2011-04-07,2.965159377316531,121
2010,IBH10C0039,C,Paddy,0.15,210.0,2010-12-07,2011-04-06,3.459352606869286,120
2010,IBH10C0039,D,Paddy,0.4,450.0,2010-07-13,2010-11-29,2.779836916234247,139
2010,IBH10C0040,AB,Paddy,0.75,200.0,2010-09-09,2010-12-30,0.6589243060703402,112
2010,IBH10C0040,E,Paddy,0.13,120.0,2010-07-18,2010-11-21,2.2808918287050233,126
2010,IBH10C0041,E,Paddy,0.1,80.0,2010-07-18,2010-11-10,1.9767729182110203,115
2010,IBH10C0041,G,Paddy,0.03,30.0,2010-07-19,2010-11-10,2.4709661477637757,114
2010,IBH10C0041,H,Paddy,0.15,150.0,2010-07-19,2011-02-23,2.4709661477637757,219
2010,IBH10C0041,I,Paddy,0.05,50.0,2010-07-20,2010-11-17,2.470966147763775,120
2010,IBH10C0042,C,Paddy,0.15,240.0,2010-11-09,2011-04-14,3.953545836422041,156
2010,IBH10C0043,B,Paddy,0.45,450.0,2010-07-06,2011-02-20,2.4709661477637757,229
2010,IBH10C0043,BA,Paddy,0.05,45.0,2010-06-07,2010-11-09,2.223869532987398,155
2010,IBH10C0043,C,Paddy,0.35,300.0,2010-07-08,2010-11-13,2.117970983797522,128
2010,IBH10C0043,CA,Wheat,0.28,80.0,2010-12-01,2011-04-20,0.7059903279325073,140
2010,IBH10C0043,D,Paddy,0.05,55.0,2010-07-13,2011-02-18,2.718062762540153,220
2010,IBH10C0044,D,Paddy,0.03,20.0,2010-07-16,2010-11-14,1.6473107651758505,121
2010,IBH10C0045,C,Paddy,0.3,440.0,2010-07-14,2010-11-19,3.6240836833868713,128
2010,IBH10C0045,G,Paddy,0.1,100.0,2010-12-01,2011-02-20,2.470966147763775,81
2010,IBH10C0046,B,Paddy,0.3,660.0,2010-12-01,2011-04-18,5.436125525080307,138
2010,IBH10C0046,G,Paddy,0.25,200.0,2010-11-13,2011-02-22,1.9767729182110205,101
2010,IBH10C0046,H,Paddy,0.1,180.0,2010-07-15,2010-11-24,4.447739065974796,132
2010,IBH10C0047,A,Paddy,0.2,500.0,2010-11-09,2011-02-21,6.177415369409438,104
2010,IBH10C0047,B,Paddy,0.45,610.0,2010-12-01,2011-04-21,3.349531889190896,141
2010,IBH10C0047,C,Paddy,0.3,420.0,2010-12-05,2011-04-19,3.459352606869286,135
2010,IBH10C0047,E,Paddy,0.06,80.0,2010-12-05,2011-04-19,3.294621530351701,135
2010,IBH10C0047,F,Paddy,0.05,90.0,2010-07-09,2010-11-23,4.447739065974796,137
2010,IBH10C0048,A,Paddy,0.04,30.0,2010-07-16,2011-02-27,1.8532246108228316,226
2010,IBH10C0048,D,Paddy,0.07,60.0,2010-11-09,2011-03-08,2.117970983797522,119
2010,IBH10C0048,E,Paddy,0.04,40.0,2010-07-16,2010-10-24,2.4709661477637757,100
2010,IBH10C0048,F,Paddy,0.03,40.0,2010-07-24,2010-10-28,3.294621530351701,96
2010,IBH10C0049,C,Wheat,0.05,40.0,2010-12-07,2011-04-18,1.9767729182110203,132
2010,IBH10C0049,D,Paddy,0.25,540.0,2010-07-21,2010-11-18,5.337286879169755,120
2010,IBH10C0049,G,Paddy,0.07,150.0,2010-07-23,2010-11-25,5.294927459493804,125
2010,IBH10C0049,I,Paddy,0.2,380.0,2010-11-26,2011-04-16,4.694835680751173,141
2010,IBH10C0050,B,Paddy,0.6,730.0,2010-12-06,2011-04-20,3.006342146445927,135
2010,IBH10C0050,O,Wheat,0.6,220.0,2010-12-03,2011-04-17,0.9060209208467178,135
2010,IBH10C0050,R,Wheat,1.0,415.0,2010-12-08,2011-04-12,1.0254509513219667,125
2010,IBH10C0051,A,Paddy,0.04,50.0,2010-05-21,2010-10-25,3.0887076847047195,157
2010,IBH10C0051,B,Paddy,0.2,200.0,2010-07-09,2010-11-27,2.470966147763775,141
2010,IBH10C0051,D,Paddy,0.1,150.0,2010-11-04,2011-04-14,3.706449221645663,161
2010,IBH10C0051,G,Paddy,0.2,300.0,2010-07-14,2010-11-22,3.706449221645663,131
2010,IBH10C0051,H,Paddy,0.12,200.0,2010-07-15,2010-10-28,4.118276912939627,105
2010,IBH10C0051,I,Paddy,0.3,300.0,2010-07-15,2010-11-25,2.4709661477637757,133
2010,IBH10C0052,B,Paddy,0.9,900.0,2010-07-05,2010-11-26,2.4709661477637757,144
2010,IBH10C0052,G,Paddy,0.5,500.0,2010-07-09,2010-11-19,2.4709661477637757,133
2010,IBH10C0052,H,Paddy,0.45,650.0,2010-07-10,2010-11-22,3.569173324547676,135
2010,IBH10C0052,P,Paddy,0.4,400.0,2010-07-05,2010-11-28,2.470966147763775,146
2010,IBH10C0052,Q,Paddy,0.9,1000.0,2010-07-18,2010-10-27,2.7455179419597506,101
2010,IBH10C0052,T,Paddy,0.25,300.0,2010-06-06,2010-11-03,2.965159377316531,150
2010,IBH10C0053,A,Paddy,0.4,500.0,2010-11-02,2011-01-21,3.088707684704719,80
2010,IBH10C0053,F,Paddy,0.4,580.0,2010-06-12,2010-11-21,3.5829009142574737,162
2010,IBH10C0053,H,Paddy,0.4,550.0,2010-12-02,2011-04-23,3.3975784531751914,142
2010,IBH10C0053,J,Paddy,0.4,560.0,2010-12-07,2011-04-19,3.459352606869286,133
2010,IBH10C0053,M,Paddy,0.25,330.0,2010-07-11,2010-11-14,3.261675315048184,126
2010,IBH10C0053,Q,Paddy,0.25,360.0,2010-12-11,2011-04-10,3.558191252779837,120
2010,IBH10C0054,A,Paddy,0.15,200.0,2010-07-08,2011-02-20,3.2946215303517015,227
2010,IBH10C0054,B,Paddy,0.2,120.0,2010-07-08,2011-02-23,1.4825796886582652,230
2010,IBH10C0054,C,Paddy,0.15,180.0,2010-07-09,2010-12-04,2.965159377316531,148
2010,IBH10C0054,D,Paddy,0.15,250.0,2010-07-09,2010-11-13,4.118276912939627,127
2010,IBH10C0054,J,Paddy,0.05,50.0,2010-07-12,2010-11-11,2.470966147763775,122
2010,IBH10C0054,K,Paddy,0.2,250.0,2010-07-20,2010-11-18,3.088707684704719,121
2010,IBH10C0055,D,Paddy,0.21,90.0,2010-05-21,2010-10-27,1.0589854918987611,159
2010,IBH10C0055,F,Paddy,0.1,80.0,2010-07-07,2010-11-09,1.9767729182110203,125
2010,IBH10C0055,H,Paddy,0.1,150.0,2010-12-03,2011-04-14,3.706449221645663,132
2010,IBH10C0055,I,Paddy,0.31,420.0,2010-12-04,2011-04-15,3.3477605872928566,132
2010,IBH10C0055,K,Paddy,0.25,330.0,2010-07-13,2010-11-18,3.261675315048184,128
2010,IBH10C0056,A,Paddy,0.15,180.0,2010-11-04,2011-02-23,2.965159377316531,111
2010,IBH10C0056,E,Paddy,0.35,570.0,2010-07-05,2010-11-14,4.0241448692152915,132
2010,IBH10C0056,F,Paddy,0.12,180.0,2010-07-08,2011-02-14,3.7064492216456637,221
2010,IBH10C0056,G,Paddy,0.1,125.0,2010-07-04,2011-02-18,3.088707684704719,229
2010,IBH10C0057,C,Paddy,0.1,100.0,2010-07-06,2011-02-25,2.470966147763775,234
2010,IBH10C0057,E,Paddy,0.02,25.0,2010-11-07,2011-03-25,3.0887076847047195,138
2010,IBH10C0057,F,Paddy,0.03,40.0,2010-07-18,2010-10-19,3.294621530351701,93
2010,IBH10C0057,G,Paddy,0.03,30.0,2010-11-08,2011-02-28,2.4709661477637757,112
2010,IBH10C0057,H,Paddy,0.11,120.0,2010-11-08,2011-02-22,2.6955994339241185,106
2010,IBH10C0057,I,Paddy,0.1,130.0,2010-07-12,2010-11-16,3.212255992092908,127
2010,IBH10C0057,J,Paddy,0.16,286.0,2010-12-10,2011-04-19,4.416851989127748,130
2010,IBH10C0057,M,Paddy,0.25,375.0,2010-06-01,2010-11-19,3.7064492216456633,171
2010,IBH10C0057,N,Wheat,0.25,100.0,2010-12-01,2011-04-06,0.9883864591055103,126
2010,IBH10C0058,A,Paddy,0.75,1050.0,2010-12-03,2011-04-15,3.4593526068692864,133
2010,IBH10C0058,C,Paddy,0.3,430.0,2010-07-07,2010-11-16,3.541718145128079,132
2010,IBH10C0058,D,Paddy,1.05,1505.0,2010-12-06,2011-04-16,3.541718145128078,131
2010,IBH10C0058,E,Paddy,0.3,350.0,2010-07-09,2010-11-19,2.8827938390577383,133
2010,IBH10C0058,G,Paddy,0.12,120.0,2010-11-08,2011-02-18,2.4709661477637757,102
2010,IBH10C0058,I,Paddy,0.15,130.0,2010-11-07,2011-02-24,2.141503994728606,109
2010,IBH10C0059,A,Paddy,0.25,200.0,2010-11-06,2011-04-06,1.9767729182110205,151
2010,IBH10C0059,B,Paddy,0.09,160.0,2010-11-04,2011-01-20,4.392828707135601,77
2010,IBH10C0059,C,Wheat,0.1,60.0,2010-10-01,2010-11-25,1.4825796886582652,55
2010,IBH10C0059,I,Paddy,0.2,200.0,2010-07-04,2011-02-24,2.470966147763775,235
2010,IBH10D0001,A,Paddy,0.05,66.0,2010-07-19,2010-11-26,3.2616753150481834,130
2010,IBH10D0001,B,Paddy,0.1,80.0,2010-07-20,2011-03-26,1.9767729182110203,249
2010,IBH10D0030,D,Paddy,0.1,80.0,2010-07-12,2010-12-06,1.9767729182110203,147
2010,IBH10D0032,C,Paddy,0.15,154.0,2010-11-18,2011-04-18,2.53685857837081,151
2010,IBH10D0032,D,Paddy,0.15,171.0,2010-11-19,2011-04-16,2.8169014084507045,148
2010,IBH10D0032,E,Paddy,0.15,145.0,2010-11-20,2011-04-19,2.388600609504983,150
2010,IBH10D0033,A,Paddy,0.15,242.0,2010-07-20,2010-11-19,3.986492051725558,122
2010,IBH10D0033,C,Paddy,0.22,160.0,2010-07-21,2010-12-12,1.7970662892827458,144
2010,IBH10D0033,D,Wheat,0.15,91.0,2010-11-03,2011-04-19,1.499052796310024,167
2010,IBH10D0034,D,Paddy,0.15,260.0,2010-07-19,2010-11-16,4.283007989457212,120
2010,IBH10D0035,AB,Paddy,0.6,280.0,2010-07-20,2010-11-24,1.1531175356230956,127
2010,IBH10D0035,B,Wheat,0.6,281.0,2010-12-24,2011-04-20,1.1572358125360351,117
2010,IBH10D0035,BA,Paddy,0.1,40.0,2010-07-22,2010-11-10,0.9883864591055102,111
2010,IBH10D0036,A,Paddy,0.35,640.0,2010-07-23,2010-11-05,4.518338098768047,105
2010,IBH10D0036,B,Paddy,0.35,560.0,2010-07-20,2010-11-03,3.9535458364220415,106
2010,IBH10D0036,BA,Wheat,0.2,232.0,2010-11-26,2011-04-14,2.8663207314059793,139
2010,IBH10D0037,B,Paddy,0.45,828.0,2010-07-18,2010-11-20,4.546577711885347,125
2010,IBH10D0038,B,Paddy,0.45,352.0,2010-07-20,2010-11-21,1.9328446311396643,124
2010,IBH10D0039,A,Paddy,0.15,120.0,2010-11-15,2011-03-16,1.9767729182110205,121
2010,IBH10D0040,A,Paddy,0.45,360.0,2010-07-22,2010-11-06,1.9767729182110205,107
2010,IBH10D0040,AA,Wheat,0.3,204.0,2010-11-29,2011-04-20,1.6802569804793674,142
2010,IBH10D0041,A,Paddy,0.25,360.0,2010-07-22,2010-11-05,3.558191252779837,106
2010,IBH10D0041,AA,Wheat,0.1,70.0,2010-11-28,2011-04-21,1.729676303434643,144
2010,IBH10D0041,C,Paddy,0.45,568.0,2010-07-17,2010-11-29,3.1189083820662766,135
2010,IBH10D0042,D,Paddy,0.2,200.0,2010-07-23,2011-03-19,2.470966147763775,239
2010,IBH10D0043,A,Paddy,0.5,624.0,2010-07-16,2010-11-22,3.083765752409192,129
2010,IBH10D0043,D,Paddy,0.35,280.0,2010-07-27,2011-03-19,1.9767729182110207,235
2010,IBH10D0044,C,Paddy,0.1,120.0,2010-07-22,2010-11-06,2.9651593773165303,107
2010,IBH10D0045,A,Paddy,0.6,1690.0,2010-12-08,2011-04-17,6.9598879828679685,130
2010,IBH10D0045,B,Paddy,0.3,452.0,2010-12-15,2011-04-18,3.7229223292974223,124
2010,IBH10D0045,C,Paddy,0.45,1146.0,2010-07-21,2010-11-23,6.2927271229717485,125
2010,IBH10D0045,D,Paddy,0.35,280.0,2010-07-26,2010-11-20,1.9767729182110207,117
2010,IBH10D0046,BA,Wheat,0.1,42.0,2010-11-28,2011-04-24,1.0378057820607858,147
2010,IBH10D0046,C,Paddy,0.5,544.0,2010-07-20,2010-11-24,2.6884111687669883,127
2010,IBH10D0047,C,Paddy,0.35,280.0,2010-07-19,2011-03-24,1.9767729182110207,248
2010,IBH10D0048,C,Paddy,0.3,336.0,2010-12-06,2011-04-17,2.767482085495429,132
2010,IBH10D0048,E,Paddy,0.6,400.0,2010-12-10,2011-05-20,1.6473107651758507,161
2010,IBH10D0049,D,Paddy,0.2,160.0,2010-07-19,2010-12-06,1.9767729182110203,140
2010,IBH10D0049,F,Paddy,0.2,466.0,2010-12-02,2011-04-14,5.757351124289596,133
2010,IBH10D0049,G,Paddy,0.2,200.0,2010-07-22,2010-11-20,2.470966147763775,121
2010,IBH10D0049,H,Paddy,0.2,491.0,2010-07-22,2010-11-24,6.066221892760068,125
2010,IBH10D0050,A,Paddy,2.0,1200.0,2010-07-13,2010-11-25,1.4825796886582654,135
2010,IBH10D0050,AA,Wheat,1.0,410.0,2010-12-17,2011-04-23,1.013096120583148,127
2010,IBH10D0050,D,Paddy,4.0,1800.0,2010-07-13,2010-11-27,1.1119347664936992,137
2010,IBH10D0052,A,Paddy,0.45,393.0,2010-07-19,2010-11-29,2.157977102380364,133
2010,IBH10D0052,B,Wheat,0.75,275.0,2010-07-18,2010-11-25,0.9060209208467178,130
2010,IBH10D0052,C,Paddy,0.55,592.0,2010-07-20,2010-11-26,2.6596581081384634,129
2010,IBH10D0052,D,Paddy,0.95,200.0,2010-07-27,2010-11-20,0.5202033995292159,116
2010,IBH10D0053,D,Paddy,1.25,907.0,2010-12-20,2011-04-18,1.7929330368173957,119
2010,IBH10D0053,G,Paddy,1.0,300.0,2010-07-27,2010-12-08,0.7412898443291327,134
2010,IBH10D0053,GA,Wheat,1.0,368.0,2010-12-29,2011-02-21,0.9093155423770695,54
2010,IBH10D0053,H,Paddy,1.0,668.0,2010-12-19,2011-04-15,1.6506053867062023,117
2010,IBH10D0054,A,Paddy,0.6,720.0,2010-07-20,2010-11-17,2.965159377316531,120
2010,IBH10D0054,B,Paddy,1.35,250.0,2010-07-21,2010-12-24,0.4575863236599584,156
2010,IBH10D0054,D,Paddy,1.25,920.0,2010-07-27,2011-03-18,1.8186310847541391,234
2010,IBH10D0054,E,Paddy,1.25,920.0,2010-07-30,2010-11-21,1.8186310847541391,114
2010,IBH10D0055,A,Paddy,0.3,600.0,2010-07-26,2010-11-03,4.941932295527551,100
2010,IBH10D0055,AA,Wheat,0.15,73.0,2010-11-25,2011-04-23,1.202536858578371,149
2010,IBH10D0055,C,Wheat,0.8,304.0,2010-11-20,2011-04-22,0.9389671361502345,153
2010,IBH10D0055,E,Paddy,0.3,595.0,2010-11-27,2011-04-25,4.9007495263981555,149
2010,IBH10D0056,A,Paddy,1.35,600.0,2010-07-16,2011-03-22,1.0982071767839001,249
2010,IBH10D0056,J,Paddy,0.65,200.0,2010-07-23,2010-11-09,0.7602972762350079,109
2010,IBH10D0057,A,Paddy,0.2,200.0,2010-07-14,2010-12-05,2.470966147763775,144
2010,IBH10D0058,A,Paddy,0.55,600.0,2010-11-12,2011-03-15,2.6955994339241185,123
2010,IBH10D0058,B,Paddy,0.45,500.0,2010-07-21,2010-11-07,2.7455179419597506,109
2010,IBH10D0058,E,Wheat,0.45,184.0,2010-11-25,2011-04-09,1.0103506026411881,135
2010,IBH10D0058,F,Paddy,0.15,220.0,2010-07-19,2010-11-04,3.6240836833868713,108
2010,IBH10D0059,B,Paddy,0.4,320.0,2010-07-25,2010-11-06,1.9767729182110203,104
2010,IJH10A0030,A,Paddy,0.35,300.0,2010-08-17,2010-11-14,2.117970983797522,89
2010,IJH10A0030,B,Paddy,0.15,200.0,2010-08-07,2010-11-05,3.2946215303517015,90
2010,IJH10A0032,A,Paddy,0.56,200.0,2010-06-23,2010-11-17,0.8824879099156341,147
2010,IJH10A0032,BA,Wheat,0.22,200.0,2010-11-04,2011-02-26,2.2463328616034324,114
2010,IJH10A0034,A,Paddy,0.4,100.0,2010-07-20,2010-09-23,0.6177415369409438,65
2010,IJH10A0035,A,Paddy,0.25,100.0,2010-08-10,2010-12-02,0.9883864591055103,114
2010,IJH10A0039,AA,Paddy,0.5,700.0,2010-07-21,2010-11-02,3.4593526068692855,104
2010,IJH10A0040,A,Paddy,0.75,500.0,2010-07-04,2010-11-26,1.6473107651758505,145
2010,IJH10A0052,A,Paddy,0.75,480.0,2010-07-21,2010-11-05,1.5814183345688164,107
2010,IJH10A0053,B,Paddy,0.5,600.0,2010-07-01,2010-11-02,2.965159377316531,124
2010,IJH10A0056,B,Paddy,1.5,1920.0,2010-07-20,2010-11-05,3.162836669137633,108
2010,IJH10B0002,D,Paddy,0.6,1000.0,2010-06-18,2010-12-20,4.118276912939627,185
2010,IJH10B0002,F,Paddy,0.8,1200.0,2010-08-16,2010-12-02,3.706449221645663,108
2010,IJH10B0002,GA,Paddy,0.6,1000.0,2010-06-22,2010-12-13,4.118276912939627,174
2010,IJH10B0002,H,Paddy,0.8,1000.0,2010-06-04,2010-12-02,3.088707684704719,181
2010,IJH10B0005,B,Paddy,0.8,600.0,2010-08-02,2010-12-13,1.8532246108228314,133
2010,IJH10B0005,C,Paddy,0.4,200.0,2010-08-07,2010-11-25,1.2354830738818876,110
2010,IJH10B0008,D,Paddy,0.1,175.0,2010-08-03,2010-12-13,4.324190758586607,132
2010,IJH10B0008,E,Paddy,0.1,150.0,2010-06-17,2010-11-08,3.706449221645663,144
2010,IJH10B0008,FA,Paddy,0.6,500.0,2010-06-12,2010-12-15,2.0591384564698134,186
2010,IJH10B0008,FB,Paddy,0.6,500.0,2010-06-12,2010-12-18,2.0591384564698134,189
2010,IJH10B0010,A,Paddy,0.2,200.0,2010-08-02,2010-12-04,2.470966147763775,124
2010,IJH10B0010,B,Paddy,0.1,100.0,2010-08-06,2010-11-20,2.470966147763775,106
2010,IJH10B0030,A,Paddy,0.45,500.0,2010-08-02,2010-11-20,2.7455179419597506,110
2010,IJH10B0030,B,Paddy,0.2,200.0,2010-08-05,2010-11-25,2.470966147763775,112
2010,IJH10B0030,C,Paddy,0.2,200.0,2010-08-07,2010-11-26,2.470966147763775,111
2010,IJH10B0032,A,Paddy,0.5,300.0,2010-08-02,2010-12-10,1.4825796886582654,130
2010,IJH10B0032,C,Paddy,0.2,200.0,2010-08-02,2010-12-14,2.470966147763775,134
2010,IJH10B0033,A,Paddy,0.14,200.0,2010-07-30,2010-11-27,3.5299516396625363,120
2010,IJH10B0033,B,Paddy,0.1,100.0,2010-07-27,2010-11-22,2.470966147763775,118
2010,IJH10B0033,C,Paddy,0.05,50.0,2010-08-09,2010-11-18,2.470966147763775,101
2010,IJH10B0034,A,Paddy,0.2,250.0,2010-08-03,2010-12-02,3.088707684704719,121
2010,IJH10B0034,B,Paddy,0.48,600.0,2010-08-11,2010-11-25,3.08870768470472,106
2010,IJH10B0034,C,Paddy,0.12,100.0,2010-08-18,2010-12-05,2.0591384564698134,109
2010,IJH10B0034,D,Paddy,0.12,60.0,2010-08-05,2010-11-20,1.2354830738818878,107
2010,IJH10B0035,A,Paddy,0.4,400.0,2010-06-16,2010-11-17,2.470966147763775,154
2010,IJH10B0036,AA,Paddy,0.1,275.0,2010-06-05,2010-11-25,6.795156906350383,173
2010,IJH10B0037,A,Paddy,0.1,150.0,2010-06-13,2010-11-28,3.706449221645663,168
2010,IJH10B0038,A,Paddy,0.04,40.0,2010-06-04,2010-12-04,2.4709661477637757,183
2010,IJH10B0038,B,Paddy,0.4,400.0,2010-06-06,2010-11-12,2.470966147763775,159
2010,IJH10B0038,C,Paddy,0.12,150.0,2010-08-11,2010-12-06,3.08870768470472,117
2010,IJH10B0039,C,Wheat,0.04,40.0,2010-11-10,2011-03-15,2.4709661477637757,125
2010,IJH10B0040,AA,Paddy,0.3,300.0,2010-06-15,2010-12-10,2.4709661477637757,178
2010,IJH10B0040,C,Paddy,0.2,150.0,2010-06-05,2010-12-02,1.8532246108228314,180
2010,IJH10B0041,A,Paddy,1.0,700.0,2010-06-08,2010-11-24,1.7296763034346427,169
2010,IJH10B0042,A,Paddy,0.6,300.0,2010-06-05,2010-11-28,1.2354830738818878,176
2010,IJH10B0043,A,Paddy,0.4,400.0,2010-06-12,2010-11-20,2.470966147763775,161
2010,IJH10B0046,AA,Paddy,0.85,300.0,2010-06-10,2010-12-05,0.8721056992107443,178
2010,IJH10B0047,A,Paddy,0.06,100.0,2010-08-07,2010-11-15,4.118276912939627,100
2010,IJH10B0048,A,Paddy,0.2,250.0,2010-08-13,2010-11-28,3.088707684704719,107
2010,IJH10B0048,AA,Wheat,0.1,50.0,2010-12-23,2011-03-22,1.2354830738818876,89
2010,IJH10B0048,B,Paddy,0.2,250.0,2010-06-07,2010-11-22,3.088707684704719,168
2010,IJH10B0048,C,Paddy,0.2,200.0,2010-06-08,2010-11-18,2.470966147763775,163
2010,IJH10B0049,AA,Paddy,0.06,100.0,2010-08-12,2010-11-10,4.118276912939627,90
2010,IJH10B0049,AB,Paddy,0.04,60.0,2010-08-11,2010-11-28,3.7064492216456633,109
2010,IJH10B0049,AC,Paddy,0.18,200.0,2010-08-09,2010-12-15,2.745517941959751,128
2010,IJH10B0049,AD,Paddy,0.02,40.0,2010-08-16,2010-11-18,4.941932295527551,94
2010,IJH10B0049,BA,Paddy,0.1,150.0,2010-07-24,2010-11-11,3.706449221645663,110
2010,IJH10B0049,BB,Paddy,0.06,100.0,2010-07-25,2010-11-16,4.118276912939627,114
2010,IJH10B0049,BC,Paddy,0.1,150.0,2010-06-14,2010-11-06,3.706449221645663,145
2010,IJH10B0049,BD,Paddy,0.08,100.0,2010-07-28,2010-11-20,3.0887076847047195,115
2010,IJH10B0050,A,Paddy,0.25,200.0,2010-06-14,2010-12-15,1.9767729182110205,184
2010,IJH10B0050,B,Paddy,0.13,150.0,2010-06-08,2010-11-20,2.851114785881279,165
2010,IJH10B0050,C,Paddy,0.4,600.0,2010-06-06,2010-11-18,3.706449221645663,165
2010,IJH10B0050,D,Paddy,0.2,300.0,2010-06-15,2010-12-05,3.706449221645663,173
2010,IJH10B0051,BA,Paddy,0.7,600.0,2010-08-04,2010-12-05,2.117970983797522,123
2010,IJH10B0051,C,Paddy,0.43,450.0,2010-06-10,2010-12-08,2.5858948057993,181
2010,IJH10B0052,A,Paddy,0.12,150.0,2010-06-13,2010-12-15,3.08870768470472,185
2010,IJH10B0052,B,Paddy,0.2,250.0,2010-08-15,2010-12-12,3.088707684704719,119
2010,IJH10B0052,C,Paddy,0.4,350.0,2010-08-18,2010-11-24,2.1620953792933033,98
2010,IJH10B0052,CA,Wheat,0.2,200.0,2010-12-23,2011-03-18,2.470966147763775,85
2010,IJH10B0052,F,Paddy,0.2,250.0,2010-08-08,2010-12-10,3.088707684704719,124
2010,IJH10B0053,A,Paddy,0.8,600.0,2010-06-14,2010-12-10,1.8532246108228314,179
2010,IJH10B0053,B,Paddy,0.4,400.0,2010-06-04,2010-11-25,2.470966147763775,174
2010,IJH10B0053,C,Paddy,0.3,350.0,2010-06-05,2010-11-28,2.8827938390577383,176
2010,IJH10B0053,D,Paddy,0.2,250.0,2010-07-19,2010-12-10,3.088707684704719,144
2010,IJH10B0054,A,Paddy,0.4,500.0,2010-06-06,2010-11-25,3.088707684704719,172
2010,IJH10B0054,B,Paddy,0.3,150.0,2010-08-04,2010-11-15,1.2354830738818878,103
2010,IJH10B0054,D,Paddy,0.3,250.0,2010-06-18,2010-11-28,2.0591384564698134,163
2010,IJH10B0055,AA,Paddy,0.48,850.0,2010-08-09,2010-12-10,4.375669219998353,123
2010,IJH10B0055,AB,Paddy,0.52,1000.0,2010-08-10,2010-11-28,4.7518579764687985,110
2010,IJH10B0055,B,Paddy,0.52,950.0,2010-06-12,2010-11-20,4.514265077645359,161
2010,IJH10B0055,C,Paddy,0.16,150.0,2010-08-09,2010-12-05,2.3165307635285393,118
2010,IJH10B0056,D,Paddy,0.3,250.0,2010-08-10,2010-11-05,2.0591384564698134,87
2010,IJH10B0057,AA,Paddy,1.2,1000.0,2010-08-09,2010-11-25,2.0591384564698134,108
2010,IJH10B0057,BA,Paddy,0.03,60.0,2010-06-03,2010-11-13,4.941932295527551,163
2010,IJH10B0057,BB,Paddy,0.1,150.0,2010-07-22,2010-11-15,3.706449221645663,116
2010,IJH10B0058,A,Paddy,0.3,400.0,2010-08-10,2010-11-25,3.2946215303517015,107
2010,IJH10B0058,BA,Paddy,0.8,800.0,2010-06-04,2010-11-16,2.470966147763775,165
2010,IJH10B0059,A,Paddy,1.0,1400.0,2010-06-04,2010-11-29,3.4593526068692855,178
2010,IJH10B0059,BA,Paddy,0.75,600.0,2010-06-06,2010-12-08,1.9767729182110205,185
2010,IJH10B0059,BB,Paddy,0.75,600.0,2010-06-06,2010-12-09,1.9767729182110205,186
2010,IJH10B0059,C,Paddy,0.5,750.0,2010-06-13,2010-12-05,3.7064492216456633,175
2010,IJH10B0059,D,Paddy,0.2,300.0,2010-06-12,2010-12-04,3.706449221645663,175
2010,IJH10C0002,BA,Paddy,0.16,200.0,2010-08-22,2010-11-30,3.0887076847047195,100
2010,IJH10C0006,A,Paddy,0.3,100.0,2010-07-15,2010-11-27,0.8236553825879254,135
2010,IJH10C0007,A,Paddy,0.2,60.0,2010-08-21,2010-11-26,0.7412898443291326,97
2010,IJH10C0009,AA,Paddy,0.08,80.0,2010-07-20,2010-11-28,2.4709661477637757,131
2010,IJH10C0030,B,Paddy,0.18,200.0,2010-07-14,2010-11-28,2.745517941959751,137
2010,IJH10C0031,AA,Paddy,0.17,340.0,2010-08-22,2010-12-04,4.941932295527551,104
2010,IJH10C0032,CA,Paddy,0.17,300.0,2010-08-23,2010-11-28,4.360528496053721,97
2010,IJH10C0034,A,Paddy,0.6,100.0,2010-08-24,2010-11-24,0.4118276912939627,92
2010,IJH10C0034,B,Paddy,0.3,60.0,2010-07-12,2011-01-28,0.49419322955275513,200
2010,IJH10C0035,AA,Paddy,0.06,100.0,2010-08-23,2010-12-16,4.118276912939627,115
2010,IJH10C0035,BA,Paddy,0.16,160.0,2010-08-21,2010-11-27,2.4709661477637757,98
2010,IJH10C0036,A,Paddy,0.12,150.0,2010-07-15,2010-11-26,3.08870768470472,134
2010,IJH10C0037,A,Paddy,0.16,50.0,2010-08-22,2010-11-29,0.7721769211761799,99
2010,IJH10C0037,E,Paddy,1.5,800.0,2010-08-25,2010-12-14,1.3178486121406805,111
2010,IJH10C0038,D,Paddy,0.3,100.0,2010-08-23,2010-11-27,0.8236553825879254,96
2010,IJH10C0039,E,Paddy,1.0,700.0,2010-08-22,2010-11-23,1.7296763034346427,93
2010,IJH10C0040,AA,Paddy,0.33,250.0,2010-07-15,2010-11-28,1.8719440513361936,136
2010,IJH10C0041,AA,Paddy,0.17,400.0,2010-08-21,2010-12-02,5.814037994738296,103
2010,IJH10C0045,BA,Paddy,0.08,50.0,2010-08-23,2010-11-23,1.5443538423523597,92
2010,IJH10C0045,CA,Paddy,0.04,50.0,2010-07-16,2010-11-25,3.0887076847047195,132
2010,IJH10C0046,CA,Paddy,0.1,50.0,2010-07-12,2010-11-23,1.2354830738818876,134
2010,IJH10C0048,A,Paddy,0.03,30.0,2010-08-24,2010-11-26,2.4709661477637757,94
2010,IJH10C0049,BA,Paddy,0.26,100.0,2010-08-22,2010-12-10,0.9503715952937598,110
2010,IJH10C0049,C,Paddy,0.03,50.0,2010-08-21,2010-11-28,4.118276912939627,99
2010,IJH10C0050,CA,Paddy,0.33,200.0,2010-08-22,2010-11-27,1.497555241068955,97
2010,IJH10C0051,AA,Paddy,0.72,700.0,2010-07-15,2010-11-26,2.402328199214782,134
2010,IJH10C0051,BB,Paddy,0.08,30.0,2010-07-12,2010-09-26,0.9266123054114158,76
2010,IJH10C0052,AA,Paddy,0.66,500.0,2010-08-21,2010-11-26,1.8719440513361936,97
2010,IJH10C0052,BA,Paddy,0.33,300.0,2010-08-22,2010-12-28,2.2463328616034324,128
2010,IJH10C0054,AA,Paddy,0.17,300.0,2010-08-21,2010-11-26,4.360528496053721,97
2010,IJH10C0054,C,Paddy,0.5,100.0,2010-08-06,2010-11-26,0.49419322955275513,112
2010,IJH10C0055,BA,Paddy,0.33,600.0,2010-07-07,2010-11-22,4.492665723206865,138
2010,IJH10C0055,CA,Paddy,0.33,500.0,2010-07-23,2010-11-24,3.743888102672387,124
2010,IJH10C0057,AA,Paddy,1.0,600.0,2010-07-12,2010-11-24,1.4825796886582654,135
2010,IJH10C0057,AC,Paddy,0.66,300.0,2010-08-23,2010-11-28,1.1231664308017162,97
2010,IJH10C0058,AA,Paddy,0.5,250.0,2010-08-24,2010-11-28,1.2354830738818878,96
2010,IJH10C0058,BA,Paddy,0.2,70.0,2010-08-21,2010-11-24,0.8648381517173215,95
2010,IJH10C0059,BA,Paddy,0.17,300.0,2010-08-22,2010-12-12,4.360528496053721,112
2010,IJH10D0001,A,Paddy,0.35,380.0,2010-08-23,2010-11-19,2.682763246143528,88
2010,IJH10D0009,A,Paddy,0.12,130.0,2010-08-21,2010-12-04,2.676879993410757,105
2010,IJH10D0009,B,Paddy,0.6,80.0,2010-08-24,2010-11-29,0.3294621530351701,97
2010,IJH10D0031,A,Paddy,0.24,220.0,2010-08-26,2010-12-11,2.2650523021167945,107
2010,IJH10D0033,A,Paddy,0.45,350.0,2010-08-21,2010-11-16,1.9218625593718255,87
2010,IJH10D0034,A,Paddy,0.19,180.0,2010-09-14,2010-12-12,2.3409152978814713,89
2010,IJH10D0034,D,Paddy,0.12,120.0,2010-08-24,2010-12-06,2.4709661477637757,104
2010,IJH10D0035,A,Paddy,0.35,400.0,2010-07-22,2010-12-14,2.8239613117300295,145
2010,IJH10D0035,B,Paddy,0.58,80.0,2010-08-27,2010-12-19,0.3408229169329346,114
2010,IJH10D0037,B,Paddy,0.05,65.0,2010-07-27,2010-12-16,3.212255992092908,142
2010,IJH10D0037,D,Paddy,0.18,220.0,2010-07-09,2010-10-03,3.020069736155726,86
2010,IJH10D0037,G,Paddy,0.09,55.0,2010-08-19,2011-01-17,1.510034868077863,151
2010,IJH10D0037,J,Paddy,0.04,40.0,2010-09-08,2010-12-22,2.4709661477637757,105
2010,IJH10D0038,B,Paddy,0.15,160.0,2010-07-20,2010-11-29,2.635697224281361,132
2010,IJH10D0038,E,Paddy,0.1,90.0,2010-07-21,2010-11-27,2.223869532987398,129
2010,IJH10D0039,A,Paddy,0.3,125.0,2010-08-16,2010-12-15,1.0295692282349067,121
2010,IJH10D0040,A,Paddy,0.36,440.0,2010-07-27,2010-12-12,3.020069736155726,138
2010,IJH10D0040,B,Paddy,0.12,160.0,2010-07-29,2010-12-09,3.294621530351701,133
2010,IJH10D0040,CA,Paddy,0.05,75.0,2010-07-30,2010-12-09,3.706449221645663,132
2010,IJH10D0041,A,Paddy,0.12,130.0,2010-07-09,2010-12-03,2.676879993410757,147
2010,IJH10D0042,FA,Paddy,0.2,65.0,2010-08-21,2010-12-28,0.803063998023227,129
2010,IJH10D0043,A,Paddy,0.54,350.0,2010-07-20,2010-11-23,1.6015521328098543,126
2010,IJH10D0044,A,Paddy,0.36,280.0,2010-08-17,2010-12-22,1.921862559371826,127
2010,IJH10D0044,B,Paddy,0.8,480.0,2010-08-12,2010-12-31,1.4825796886582652,141
2010,IJH10D0044,F,Paddy,0.17,290.0,2010-07-29,2010-12-09,4.215177546185264,133
2010,IJH10D0044,JA,Paddy,0.12,240.0,2010-09-02,2011-01-04,4.941932295527551,124
2010,IJH10D0045,A,Paddy,0.36,360.0,2010-07-23,2010-11-27,2.4709661477637757,127
2010,IJH10D0045,B,Paddy,0.47,250.0,2010-07-25,2010-11-24,1.3143436956190298,122
2010,IJH10D0045,E,Paddy,0.17,170.0,2010-08-16,2010-11-19,2.4709661477637757,95
2010,IJH10D0046,A,Paddy,1.0,850.0,2010-08-01,2010-12-24,2.100321225599209,145
2010,IJH10D0046,B,Paddy,0.22,135.0,2010-08-24,2011-01-05,1.516274681582317,134
2010,IJH10D0046,D,Paddy,0.12,120.0,2010-08-03,2011-01-02,2.4709661477637757,152
2010,IJH10D0047,AA,Paddy,0.15,160.0,2010-08-23,2011-01-05,2.635697224281361,135
2010,IJH10D0047,E,Paddy,0.36,200.0,2010-07-20,2010-12-28,1.3727589709798755,161
2010,IJH10D0048,E,Paddy,0.17,180.0,2010-08-11,2010-12-04,2.616317097632233,115
2010,IJH10D0049,A,Paddy,0.36,390.0,2010-09-01,2010-12-29,2.676879993410757,119
2010,IJH10D0049,B,Paddy,0.18,80.0,2010-09-06,2010-12-25,1.0982071767839003,110
2010,IJH10D0049,C,Paddy,0.15,110.0,2010-09-13,2011-01-03,1.8120418416934356,112
2010,IJH10D0050,A,Paddy,0.9,450.0,2010-08-01,2010-12-16,1.2354830738818878,137
2010,IJH10D0050,B,Paddy,0.55,210.0,2010-07-11,2010-11-27,0.9434598018734415,139
2010,IJH10D0051,AA,Paddy,0.25,240.0,2010-08-01,2010-12-24,2.3721275018532246,145
2010,IJH10D0052,C,Paddy,0.26,750.0,2010-07-29,2010-12-26,7.127786964703199,150
2010,IJH10D0052,E,Paddy,0.49,600.0,2010-08-30,2011-01-03,3.0256728339964596,126
2010,IJH10D0052,F,Paddy,1.37,450.0,2010-07-29,2010-12-07,0.8116312164187585,131
2010,IJH10D0053,AA,Paddy,0.9,850.0,2010-08-18,2010-11-30,2.333690250665788,104
2010,IJH10D0053,AB,Paddy,0.5,80.0,2010-09-22,2010-12-02,0.3953545836422041,71
2010,IJH10D0053,B,Paddy,0.2,300.0,2010-07-20,2010-11-11,3.706449221645663,114
2010,IJH10D0053,D,Paddy,1.0,380.0,2010-07-02,2010-12-26,0.9389671361502347,177
2010,IJH10D0054,A,Paddy,1.5,680.0,2010-09-03,2010-12-11,1.1201713203195784,99
2010,IJH10D0054,BA,Paddy,1.0,330.0,2010-07-08,2010-11-15,0.815418828762046,130
2010,IJH10D0054,BB,Paddy,0.45,160.0,2010-07-28,2010-11-18,0.8785657414271203,113
2010,IJH10D0054,C,Paddy,1.2,420.0,2010-07-01,2010-11-23,0.8648381517173215,145
2010,IJH10D0055,A,Paddy,0.94,650.0,2010-08-14,2010-12-17,1.7086468043047387,125
2010,IJH10D0056,D,Paddy,0.72,840.0,2010-08-24,2010-12-19,2.8827938390577383,117
2010,IJH10D0057,B,Paddy,0.45,130.0,2010-07-18,2010-11-13,0.7138346649095352,118
2010,IJH10D0057,C,Paddy,1.25,500.0,2010-08-25,2010-12-23,0.9883864591055104,120
2010,IJH10D0057,H,Paddy,0.12,130.0,2010-07-21,2010-11-24,2.676879993410757,126
2010,IJH10D0058,A,Paddy,2.22,1200.0,2010-08-21,2011-01-06,1.3356573771696083,138
2010,IJH10D0058,B,Paddy,0.52,80.0,2010-08-29,2010-12-24,0.38014863811750393,117
2010,IJH10D0059,A,Paddy,0.65,130.0,2010-07-13,2010-12-14,0.4941932295527551,154
2010,IJH10D0059,B,Paddy,0.55,85.0,2010-08-01,2010-12-10,0.3818765864725835,131
2010,IOR10A0030,AC,Paddy,0.25,130.0,2010-07-23,2010-11-15,1.2849023968371633,115
2010,IOR10A0032,A,Paddy,0.5,400.0,2010-07-22,2010-11-20,1.9767729182110205,121
2010,IOR10A0033,A,Paddy,0.75,85.0,2010-07-18,2010-12-01,0.2800428300798946,136
2010,IOR10A0034,AB,Paddy,0.5,320.0,2010-07-20,2010-11-20,1.5814183345688164,123
2010,IOR10A0035,C,Paddy,1.0,450.0,2010-07-15,2010-11-28,1.1119347664936992,136
2010,IOR10A0036,A,Paddy,0.7,320.0,2010-07-15,2010-11-25,1.1295845246920118,133
2010,IOR10A0036,B,Paddy,0.8,330.0,2010-07-14,2010-11-25,1.0192735359525573,134
2010,IOR10A0037,A,Paddy,0.7,300.0,2010-07-06,2010-11-26,1.058985491898761,143
2010,IOR10A0038,A,Paddy,1.0,1350.0,2010-07-14,2010-11-22,3.3358042994810972,131
2010,IOR10A0039,BB,Paddy,1.0,525.0,2010-07-16,2010-11-24,1.2972572275759822,131
2010,IOR10A0040,AB,Paddy,2.0,750.0,2010-07-09,2010-12-10,0.9266123054114158,154
2010,IOR10A0041,AB,Paddy,1.0,1125.0,2010-07-15,2010-11-25,2.7798369162342476,133
2010,IOR10A0041,AC,Paddy,1.0,1125.0,2010-07-17,2010-11-23,2.7798369162342476,129
2010,IOR10A0042,AC,Paddy,1.25,2150.0,2010-07-19,2010-11-20,4.250061774153695,124
2010,IOR10A0043,A,Paddy,0.5,225.0,2010-07-16,2010-11-25,1.1119347664936992,132
2010,IOR10A0043,B,Paddy,1.5,900.0,2010-07-20,2010-11-20,1.4825796886582654,123
2010,IOR10A0044,A,Paddy,0.5,900.0,2010-07-11,2010-11-20,4.447739065974797,132
2010,IOR10A0045,A,Paddy,0.4,415.0,2010-07-11,2010-12-24,2.5636273783049166,166
2010,IOR10A0045,B,Paddy,1.0,520.0,2010-07-13,2010-12-29,1.2849023968371633,169
2010,IOR10A0046,A,Paddy,0.8,900.0,2010-07-13,2010-11-24,2.779836916234247,134
2010,IOR10A0047,A,Paddy,1.0,750.0,2011-02-08,2011-04-10,1.8532246108228316,61
2010,IOR10A0047,B,Paddy,0.36,480.0,2010-07-14,2010-11-20,3.294621530351701,129
2010,IOR10A0047,C,Paddy,0.5,225.0,2010-07-16,2010-11-15,1.1119347664936992,122
2010,IOR10A0047,D,Paddy,1.1,410.0,2010-07-19,2010-12-12,0.9209964732574071,146
2010,IOR10A0048,AB,Paddy,1.0,1450.0,2010-07-19,2010-11-24,3.5829009142574746,128
2010,IOR10A0048,AC,Paddy,0.5,850.0,2010-07-15,2010-12-18,4.200642451198418,156
2010,IOR10A0049,B,Paddy,1.0,385.0,2010-07-13,2010-11-23,0.9513219668890537,133
2010,IOR10A0050,A,Paddy,1.0,750.0,2010-07-09,2010-11-22,1.8532246108228316,136
2010,IOR10A0050,B,Paddy,2.0,820.0,2010-07-12,2010-11-25,1.013096120583148,136
2010,IOR10A0051,AA,Paddy,1.25,1125.0,2010-07-08,2010-11-15,2.2238695329873983,130
2010,IOR10A0051,AC,Paddy,0.8,600.0,2010-07-01,2010-12-10,1.8532246108228314,162
2010,IOR10A0051,AD,Paddy,0.45,225.0,2010-07-08,2010-11-17,1.2354830738818878,132
2010,IOR10A0051,BB,Paddy,1.25,825.0,2010-07-08,2010-12-18,1.630837657524092,163
2010,IOR10A0052,A,Paddy,0.75,1125.0,2010-07-21,2010-11-28,3.7064492216456637,130
2010,IOR10A0053,AC,Paddy,1.0,1500.0,2010-07-09,2010-11-12,3.7064492216456633,126
2010,IOR10A0053,D,Paddy,0.4,520.0,2010-07-13,2010-11-19,3.212255992092908,129
2010,IOR10A0053,E,Paddy,0.31,420.0,2010-07-17,2010-11-26,3.3477605872928566,132
2010,IOR10A0054,BB,Paddy,1.0,950.0,2010-07-11,2010-11-02,2.3474178403755865,114
2010,IOR10A0055,B,Paddy,0.75,700.0,2010-07-10,2010-11-15,2.3062350712461903,128
2010,IOR10A0055,C,Paddy,0.8,1000.0,2010-07-14,2010-11-20,3.088707684704719,129
2010,IOR10A0056,AB,Paddy,1.0,600.0,2010-07-11,2010-11-15,1.4825796886582654,127
2010,IOR10A0056,AC,Paddy,1.0,550.0,2010-07-15,2010-11-20,1.3590313812700767,128
2010,IOR10A0057,A,Paddy,1.0,950.0,2010-08-03,2010-12-20,2.3474178403755865,139
2010,IOR10A0057,BB,Paddy,1.0,850.0,2010-07-11,2010-11-22,2.100321225599209,134
2010,IOR10A0057,BD,Paddy,0.5,550.0,2010-07-14,2010-11-26,2.7180627625401534,135
2010,IOR10A0057,BE,Paddy,0.5,250.0,2010-07-16,2010-11-27,1.2354830738818878,134
2010,IOR10A0058,AB,Paddy,1.5,2450.0,2010-08-02,2010-12-02,4.035911374680834,122
2010,IOR10A0059,AB,Paddy,1.0,975.0,2010-07-15,2010-11-22,2.409191994069681,130
2010,IOR10A0059,AD,Paddy,0.5,510.0,2010-07-19,2010-11-26,2.520385470719051,130
2010,IOR10B0010,A,Paddy,0.3,360.0,2010-11-13,2010-12-25,2.965159377316531,42
2010,IOR10B0010,B,Paddy,0.4,450.0,2010-11-12,2010-12-24,2.779836916234247,42
2010,IOR10B0010,C,Paddy,0.3,315.0,2010-11-12,2010-12-23,2.5945144551519648,41
2010,IOR10B0030,A,Paddy,0.6,1300.0,2010-11-10,2010-12-28,5.353759986821514,48
2010,IOR10B0030,B,Paddy,0.4,350.0,2010-07-07,2011-01-24,2.1620953792933033,201
2010,IOR10B0031,A,Paddy,0.4,1250.0,2010-07-03,2010-12-23,7.7217692117617975,173
2010,IOR10B0031,B,Paddy,1.0,1000.0,2010-07-04,2010-12-25,2.4709661477637757,174
2010,IOR10B0032,B,Paddy,0.9,1200.0,2010-11-04,2010-12-29,3.2946215303517006,55
2010,IOR10B0032,C,Paddy,0.5,315.0,2010-11-04,2010-12-28,1.5567086730911786,54
2010,IOR10B0033,B,Paddy,0.8,500.0,2010-11-03,2011-02-22,1.5443538423523595,111
2010,IOR10B0034,A,Paddy,1.0,900.0,2010-07-02,2010-12-27,2.2238695329873983,178
2010,IOR10B0036,A,Paddy,0.6,600.0,2010-11-04,2011-02-28,2.4709661477637757,116
2010,IOR10B0036,B,Paddy,0.6,400.0,2010-08-06,2010-12-27,1.6473107651758507,143
2010,IOR10B0039,A,Paddy,0.5,50.0,2010-09-07,2011-01-10,0.24709661477637757,125
2010,IOR10B0039,D,Paddy,0.75,150.0,2010-08-15,2011-01-17,0.49419322955275513,155
2010,IOR10B0039,E,Paddy,0.4,800.0,2010-08-11,2011-01-12,4.94193229552755,154
2010,IOR10B0039,F,Paddy,0.12,50.0,2010-11-04,2010-12-28,1.0295692282349067,54
2010,IOR10B0039,H,Paddy,0.05,50.0,2010-09-02,2010-12-06,2.470966147763775,95
2010,IOR10B0039,I,Paddy,0.08,50.0,2010-09-02,2010-12-30,1.5443538423523597,119
2010,IOR10B0040,A,Paddy,0.8,1300.0,2010-07-10,2011-02-21,4.015319990116135,226
2010,IOR10B0042,A,Paddy,0.2,360.0,2010-08-03,2010-12-29,4.447739065974796,148
2010,IOR10B0042,B,Paddy,1.0,700.0,2010-09-07,2010-12-30,1.7296763034346427,114
2010,IOR10B0043,A,Paddy,0.6,100.0,2010-07-02,2011-02-20,0.4118276912939627,233
2010,IOR10B0043,B,Paddy,0.17,750.0,2010-07-04,2011-02-20,10.901321240134305,231
2010,IOR10B0044,AD,Paddy,0.25,200.0,2010-08-27,2010-12-22,1.9767729182110205,117
2010,IOR10B0045,A,Paddy,1.0,100.0,2010-11-22,2011-02-25,0.24709661477637757,95
2010,IOR10B0045,F,Paddy,0.16,250.0,2010-10-07,2011-02-20,3.860884605880899,136
2010,IOR10B0047,B,Paddy,0.5,750.0,2010-08-15,2010-12-28,3.7064492216456633,135
2010,IOR10B0048,A,Paddy,1.5,1500.0,2010-08-07,2010-12-27,2.4709661477637757,142
2010,IOR10B0049,A,Paddy,0.75,300.0,2010-08-12,2011-01-11,0.9883864591055103,152
2010,IOR10B0049,F,Paddy,0.28,300.0,2010-07-13,2010-12-30,2.647463729746902,170
2010,IOR10B0049,G,Paddy,0.4,300.0,2010-11-09,2010-12-30,1.8532246108228314,51
2010,IOR10B0052,C,Paddy,1.0,750.0,2010-08-07,2011-02-22,1.8532246108228316,199
2010,IOR10B0053,B,Paddy,2.0,3500.0,2010-07-11,2011-02-10,4.3241907585866075,214
2010,IOR10B0053,C,Paddy,2.0,1200.0,2010-07-05,2011-02-10,1.4825796886582654,220
2010,IOR10B0053,DA,Paddy,1.5,1600.0,2010-11-06,2011-02-25,2.635697224281361,111
2010,IOR10B0053,EA,Paddy,1.0,1200.0,2010-08-10,2011-02-11,2.965159377316531,185
2010,IOR10B0054,A,Paddy,0.8,1500.0,2010-11-08,2011-02-23,4.6330615270570785,107
2010,IOR10B0054,B,Paddy,0.3,500.0,2010-11-06,2011-02-25,4.118276912939627,111
2010,IOR10B0054,D,Paddy,0.25,400.0,2010-11-06,2011-02-11,3.953545836422041,97
2010,IOR10B0056,A,Paddy,2.0,2800.0,2010-07-14,2010-12-29,3.4593526068692855,168
2010,IOR10B0056,B,Paddy,0.5,1000.0,2010-11-01,2011-02-26,4.941932295527551,117
2010,IOR10B0056,D,Paddy,2.0,2000.0,2010-07-10,2011-02-23,2.4709661477637757,228
2010,IOR10B0056,E,Paddy,2.0,2000.0,2010-07-07,2011-01-16,2.4709661477637757,193
2010,IOR10B0057,A,Paddy,1.98,3000.0,2010-08-04,2011-03-13,3.7438881026723876,221
2010,IOR10B0057,B,Paddy,1.0,1500.0,2010-07-03,2011-03-09,3.7064492216456633,249
2010,IOR10B0057,C,Paddy,1.0,1500.0,2010-11-05,2011-03-12,3.7064492216456633,127
2010,IOR10B0057,D,Paddy,0.8,1300.0,2010-08-02,2011-03-11,4.015319990116135,221
2010,IOR10B0058,AA,Paddy,1.0,2300.0,2010-11-05,2010-12-29,5.683222139856683,54
2010,IOR10B0058,AB,Paddy,1.5,2000.0,2010-07-22,2010-12-23,3.294621530351701,154
2010,IOR10B0058,AC,Paddy,1.0,2000.0,2010-07-17,2010-12-23,4.941932295527551,159
2010,IOR10B0058,BA,Paddy,1.0,2000.0,2010-11-05,2010-12-31,4.941932295527551,56
2010,IOR10B0058,BB,Paddy,1.0,2000.0,2010-11-05,2010-12-31,4.941932295527551,56
2010,IOR10B0058,BC,Paddy,0.5,1000.0,2010-08-05,2010-12-31,4.941932295527551,148
2010,IOR10B0058,CA,Paddy,0.3,300.0,2010-08-06,2010-12-28,2.4709661477637757,144
2010,IOR10B0058,CB,Paddy,0.5,750.0,2010-11-04,2010-12-28,3.7064492216456633,54
2010,IOR10B0058,CC,Paddy,0.2,450.0,2010-08-06,2010-12-28,5.559673832468494,144
2010,IOR10B0058,DA,Paddy,1.5,2500.0,2010-11-04,2010-12-25,4.118276912939626,51
2010,IOR10B0058,DB,Paddy,1.0,1000.0,2010-07-16,2010-12-26,2.4709661477637757,163
2010,IOR10B0058,E,Paddy,2.0,1200.0,2010-11-04,2010-12-28,1.4825796886582654,54
2010,IOR10B0058,F,Paddy,1.5,2300.0,2010-11-08,2011-02-26,3.7888147599044557,110
2010,IOR10C0030,B,Paddy,1.0,800.0,2010-08-25,2010-12-25,1.9767729182110205,122
2010,IOR10C0032,B,Paddy,0.16,300.0,2010-08-05,2010-11-22,4.6330615270570785,109
2010,IOR10C0032,C,Paddy,0.8,1350.0,2010-07-22,2010-11-26,4.169755374351371,127
2010,IOR10C0033,B,Paddy,0.2,250.0,2010-11-20,2011-03-02,3.088707684704719,102
2010,IOR10C0037,A,Paddy,0.48,750.0,2010-11-08,2011-02-12,3.8608846058808997,96
2010,IOR10C0041,CA,Paddy,0.5,800.0,2010-08-17,2011-01-06,3.953545836422041,142
2010,IOR10C0041,D,Paddy,0.24,500.0,2010-08-15,2011-01-04,5.147846141174533,142
2010,IOR10C0046,B,Paddy,0.08,140.0,2010-09-02,2010-12-12,4.3241907585866075,101
2010,IOR10C0046,C,Paddy,0.25,450.0,2010-09-05,2011-02-22,4.447739065974797,170
2010,IOR10C0046,F,Paddy,0.56,700.0,2010-08-18,2010-12-26,3.088707684704719,130
2010,IOR10C0047,B,Paddy,0.64,1150.0,2010-08-09,2011-03-02,4.440017296763034,205
2010,IOR10C0050,A,Paddy,2.0,3500.0,2010-08-12,2011-01-14,4.3241907585866075,155
2010,IOR10C0051,A,Paddy,5.0,9500.0,2010-11-12,2011-03-02,4.694835680751174,110
2010,IOR10C0052,A,Paddy,1.5,2300.0,2010-07-29,2010-12-18,3.7888147599044557,142
2010,IOR10C0055,D,Paddy,1.4,300.0,2010-11-03,2011-03-06,0.5294927459493805,123
2010,IOR10D0031,A,Paddy,0.4,730.0,2010-07-03,2010-12-02,4.509513219668889,152
2010,IOR10D0031,B,Paddy,0.6,1000.0,2010-06-24,2010-10-15,4.118276912939627,113
2010,IOR10D0032,A,Paddy,0.36,280.0,2010-07-28,2010-12-28,1.921862559371826,153
2010,IOR10D0032,BB,Paddy,0.32,560.0,2010-08-01,2010-11-02,4.3241907585866075,93
2010,IOR10D0033,AC,Paddy,0.04,60.0,2010-07-26,2010-12-06,3.7064492216456633,133
2010,IOR10D0034,A,Paddy,0.52,800.0,2010-07-10,2010-12-22,3.8014863811750392,165
2010,IOR10D0034,B,Paddy,0.2,300.0,2010-07-12,2010-12-21,3.706449221645663,162
2010,IOR10D0034,C,Paddy,0.2,200.0,2010-07-14,2010-12-19,2.470966147763775,158
2010,IOR10D0035,A,Paddy,0.72,1100.0,2010-08-03,2010-11-25,3.775087170194658,114
2010,IOR10D0035,B,Paddy,0.6,900.0,2010-05-26,2010-10-30,3.7064492216456637,157
2010,IOR10D0036,B,Paddy,0.16,240.0,2010-07-07,2010-12-07,3.7064492216456633,153
2010,IOR10D0037,C,Paddy,0.2,80.0,2010-06-10,2010-11-08,0.9883864591055102,151
2010,IOR10D0037,D,Paddy,0.2,70.0,2010-06-12,2010-11-08,0.8648381517173215,149
2010,IOR10D0039,B,Paddy,0.16,110.0,2010-07-19,2010-11-08,1.6987892265875957,112
2010,IOR10D0039,C,Paddy,0.12,80.0,2010-07-19,2010-11-08,1.6473107651758505,112
2010,IOR10D0040,B,Paddy,0.56,910.0,2010-08-05,2010-11-07,4.015319990116135,94
2010,IOR10D0040,D,Paddy,1.0,1500.0,2010-07-05,2011-01-25,3.7064492216456633,204
2010,IOR10D0041,D,Paddy,0.48,540.0,2010-06-01,2010-10-15,2.779836916234248,136
2010,IOR10D0043,A,Paddy,1.0,900.0,2010-06-05,2010-10-22,2.2238695329873983,139
2010,IOR10D0045,BA,Paddy,0.16,270.0,2010-07-14,2010-12-20,4.169755374351372,159
2010,IOR10D0045,BB,Paddy,0.16,270.0,2010-07-15,2010-12-22,4.169755374351372,160
2010,IOR10D0045,BC,Paddy,0.16,270.0,2010-07-13,2010-12-17,4.169755374351372,157
2010,IOR10D0045,CA,Paddy,0.125,200.0,2010-07-12,2010-12-13,3.953545836422041,154
2010,IOR10D0045,CB,Paddy,0.16,270.0,2010-07-12,2010-12-15,4.169755374351372,156
2010,IOR10D0046,A,Paddy,0.24,420.0,2010-07-06,2010-11-08,4.3241907585866075,125
2010,IOR10D0046,D,Paddy,0.08,120.0,2010-07-10,2010-11-30,3.7064492216456633,143
2010,IOR10D0046,E,Paddy,0.32,500.0,2010-08-06,2010-11-29,3.860884605880899,115
2010,IOR10D0046,HA,Paddy,0.4,580.0,2010-07-07,2010-12-05,3.5829009142574737,151
2010,IOR10D0046,HB,Paddy,0.28,315.0,2010-07-01,2010-11-15,2.779836916234247,137
2010,IOR10D0048,AA,Paddy,0.48,840.0,2010-06-02,2010-10-16,4.3241907585866075,136
2010,IOR10D0048,AB,Paddy,0.52,845.0,2010-07-06,2010-10-16,4.015319990116135,102
2010,IOR10D0048,B,Paddy,0.27,130.0,2010-07-08,2010-11-22,1.1897244415158919,137
2010,IOR10D0048,C,Paddy,0.16,320.0,2010-07-07,2010-11-20,4.941932295527551,136
2010,IOR10D0048,D,Paddy,0.48,70.0,2010-07-10,2010-12-04,0.36034922988221735,147
2010,IOR10D0049,D,Paddy,0.24,224.0,2010-06-10,2010-11-16,2.3062350712461908,159
2010,IOR10D0049,E,Paddy,0.24,220.0,2010-07-22,2010-12-04,2.2650523021167945,135
2010,IOR10D0049,F,Paddy,0.12,100.0,2010-07-20,2010-12-08,2.0591384564698134,141
2010,IOR10D0049,H,Paddy,0.28,112.0,2010-06-10,2010-12-06,0.9883864591055102,179
2010,IOR10D0050,A,Paddy,0.8,1000.0,2010-06-10,2010-11-05,3.088707684704719,148
2010,IOR10D0050,BB,Paddy,0.6,930.0,2010-09-14,2010-12-05,3.829997529033853,82
2010,IOR10D0050,D,Paddy,0.12,220.0,2010-08-12,2010-11-22,4.530104604233589,102
2010,IOR10D0051,B,Paddy,0.36,337.5,2010-07-28,2010-12-28,2.31653076352854,153
2010,IOR10D0051,C,Paddy,0.36,675.0,2010-07-29,2010-12-28,4.63306152705708,152
2010,IOR10D0052,B,Paddy,0.24,300.0,2010-07-25,2010-11-27,3.08870768470472,125
2010,IOR10D0052,BA,Paddy,0.2,200.0,2010-07-25,2010-10-28,2.470966147763775,95
2010,IOR10D0052,C,Paddy,0.2,300.0,2010-07-27,2010-10-28,3.706449221645663,93
2010,IOR10D0052,CA,Paddy,0.08,60.0,2010-07-27,2010-11-17,1.8532246108228316,113
2010,IOR10D0052,D,Paddy,0.48,600.0,2010-08-20,2010-12-03,3.08870768470472,105
2010,IOR10D0054,B,Paddy,0.32,200.0,2010-06-25,2010-12-06,1.5443538423523597,164
2010,IOR10D0055,AA,Paddy,0.24,225.0,2010-06-10,2010-12-05,2.3165307635285397,178
2010,IOR10D0055,AB,Paddy,0.24,70.0,2010-07-28,2010-11-17,0.7206984597644347,112
2010,IOR10D0055,BA,Paddy,0.4,250.0,2010-07-20,2010-11-03,1.5443538423523595,106
2010,IOR10D0055,BC,Paddy,0.2,180.0,2010-06-13,2010-11-19,2.223869532987398,159
2010,IOR10D0055,DA,Paddy,0.56,560.0,2010-11-07,2010-12-18,2.4709661477637757,41
2010,IOR10D0055,DB,Paddy,0.24,240.0,2010-07-12,2010-11-16,2.4709661477637757,127
2010,IOR10D0055,F,Paddy,0.2,200.0,2010-07-06,2010-11-12,2.470966147763775,129
2010,IOR10D0055,HA,Paddy,0.6,600.0,2010-06-10,2010-11-20,2.4709661477637757,163
2010,IOR10D0058,A,Paddy,0.6,790.0,2010-08-05,2010-11-18,3.253438761222305,105
2010,IOR10D0058,BA,Paddy,0.32,490.0,2010-06-25,2010-11-01,3.7836669137632812,129
2010,IOR10D0058,BB,Paddy,0.32,480.0,2010-08-07,2010-11-30,3.7064492216456633,115
2013,IBH13A0030,A,Wheat,0.3,640.0,2013-11-27,2014-04-23,5.271394448562722,147
2013,IBH13A0030,B,Wheat,0.3,640.0,2013-11-29,2014-04-24,5.271394448562722,146
2013,IBH13A0030,C,Wheat,0.24,500.0,2013-12-04,2014-04-25,5.147846141174533,142
2013,IBH13A0031,FA,Wheat,0.33,400.0,2013-12-05,2014-04-24,2.99511048213791,140
2013,IBH13A0033,B,Wheat,0.17,420.0,2013-12-10,2014-04-27,6.10473989447521,138
2013,IBH13A0033,C,Paddy,0.39,980.0,2013-12-11,2014-04-29,6.209094422585897,139
2013,IBH13A0033,J,Wheat,0.17,400.0,2013-12-10,2014-04-27,5.814037994738296,138
2013,IBH13A0033,K,Paddy,0.39,950.0,2013-12-11,2014-04-29,6.019020103527145,139
2013,IBH13A0033,M,Wheat,1.0,2300.0,2013-12-12,2014-04-26,5.683222139856683,135
2013,IBH13A0036,C,Wheat,0.1,100.0,2013-12-10,2014-04-21,2.470966147763775,132
2013,IBH13A0037,B,Wheat,0.1,80.0,2013-12-08,2014-04-22,1.9767729182110203,135
2013,IBH13A0037,E,Wheat,0.06,40.0,2013-12-10,2014-04-20,1.6473107651758505,131
2013,IBH13A0038,A,Wheat,0.3,620.0,2013-12-06,2014-04-23,5.106663372045137,138
2013,IBH13A0038,B,Wheat,0.3,630.0,2013-12-08,2014-04-26,5.1890289103039295,139
2013,IBH13A0038,C,Wheat,0.24,280.0,2013-12-05,2014-04-20,2.882793839057739,136
2013,IBH13A0039,C,Paddy,0.22,530.0,2013-12-12,2014-04-24,5.952782083249096,133
2013,IBH13A0039,D,Paddy,0.07,80.0,2013-12-05,2014-04-20,2.823961311730029,136
2013,IBH13A0040,B,Wheat,0.15,180.0,2013-12-07,2014-04-20,2.965159377316531,134
2013,IBH13A0041,CA,Wheat,0.3,400.0,2013-12-06,2014-04-20,3.2946215303517015,135
2013,IBH13A0043,A,Paddy,0.37,480.0,2013-11-18,2014-03-26,3.2055777052070598,128
2013,IBH13A0047,A,Wheat,0.36,400.0,2013-11-20,2014-04-22,2.745517941959751,153
2013,IBH13A0047,B,Paddy,0.36,880.0,2013-11-26,2014-04-28,6.040139472311452,153
2013,IBH13A0047,F,Paddy,0.3,480.0,2013-11-10,2014-03-20,3.953545836422041,130
2013,IBH13A0047,I,Paddy,0.54,1350.0,2013-12-22,2014-04-23,6.177415369409439,122
2013,IBH13A0047,J,Paddy,0.09,80.0,2013-12-18,2014-04-20,2.1964143535678007,123
2013,IBH13A0047,L,Paddy,0.31,660.0,2013-12-20,2014-04-25,5.2607666371744894,126
2013,IBH13A0048,BA,Wheat,0.79,1000.0,2013-12-10,2014-04-18,3.127805250333893,129
2013,IBH13A0048,C,Paddy,0.28,830.0,2013-12-18,2014-04-26,7.324649652299763,129
2013,IBH13A0048,J,Wheat,0.85,1000.0,2013-12-12,2014-04-17,2.907018997369148,126
2013,IBH13A0050,DA,Wheat,1.0,1000.0,2013-12-03,2014-04-25,2.4709661477637757,143
2013,IBH13A0050,FA,Wheat,4.0,4000.0,2013-12-02,2014-04-23,2.4709661477637757,142
2013,IBH13A0052,AA,Wheat,0.62,800.0,2013-11-20,2014-04-16,3.1883434164693876,147
2013,IBH13A0052,B,Wheat,0.62,850.0,2013-12-04,2014-04-16,3.3876148799987242,133
2013,IBH13A0052,E,Wheat,0.31,350.0,2013-11-26,2014-04-23,2.789800489410714,148
2013,IBH13A0052,F,Wheat,0.35,400.0,2013-12-02,2014-04-24,2.8239613117300295,143
2013,IBH13A0052,I,Wheat,0.14,120.0,2013-11-26,2014-04-25,2.117970983797522,150
2013,IBH13A0054,AA,Wheat,1.0,1000.0,2013-12-08,2014-03-28,2.4709661477637757,110
2013,IBH13A0054,D,Wheat,0.24,620.0,2013-12-06,2014-04-26,6.3833292150564205,141
2013,IBH13A0054,E,Paddy,0.36,850.0,2013-11-26,2014-04-20,5.8342256266644705,145
2013,IBH13A0056,C,Paddy,0.36,800.0,2013-12-05,2014-04-25,5.491035883919502,141
2013,IBH13A0056,G,Wheat,0.24,850.0,2013-12-06,2014-04-26,8.751338439996706,141
2013,IBH13A0057,C,Wheat,0.58,1000.0,2013-11-20,2014-04-20,4.260286461661682,151
2013,IBH13A0057,G,Paddy,0.37,810.0,2013-11-28,2014-04-26,5.409412377536914,149
2013,IBH13A0057,H,Wheat,0.55,1550.0,2013-12-10,2014-04-25,6.96363187097064,136
2013,IBH13A0059,E,Wheat,0.62,2100.0,2013-11-26,2014-04-20,8.369401468232143,145
2013,IBH13A0059,F,Wheat,0.4,1500.0,2013-12-07,2014-04-27,9.266123054114157,141
2013,IBH13A0059,G,Wheat,0.62,2000.0,2013-11-27,2014-04-30,7.970858541173469,154
2013,IBH13A0059,H,Wheat,0.46,1380.0,2013-11-26,2014-04-20,7.412898443291326,145
2013,IOR13A0010,C,Paddy,0.6,600.0,2013-06-26,2013-11-15,2.4709661477637757,142
2013,IOR13A0030,A,Paddy,0.5,600.0,2013-06-16,2013-11-20,2.965159377316531,157
2013,IOR13A0033,B,Paddy,0.75,650.0,2013-08-07,2013-11-19,2.141503994728606,104
2013,IOR13A0041,AA,Paddy,0.7,950.0,2013-06-16,2013-11-28,3.35345405767941,165
2013,IOR13A0044,BB,Paddy,0.25,350.0,2013-07-20,2013-11-25,3.4593526068692855,128
2013,IOR13A0044,CA,Paddy,0.75,800.0,2013-06-24,2013-11-15,2.635697224281361,144
2013,IOR13A0045,CA,Paddy,0.8,800.0,2013-12-07,2014-04-20,2.470966147763775,134
2013,IOR13A0047,B,Paddy,0.36,500.0,2013-06-21,2013-11-19,3.4318974274496887,151
2013,IOR13A0049,AB,Paddy,0.5,500.0,2013-06-22,2013-11-18,2.4709661477637757,149
2013,IOR13A0049,B,Paddy,1.0,1000.0,2013-06-25,2013-11-26,2.4709661477637757,154
2013,IOR13A0050,A,Paddy,1.0,1000.0,2013-06-26,2013-11-24,2.4709661477637757,151
2013,IOR13A0050,BA,Paddy,2.0,1600.0,2013-06-25,2013-11-21,1.9767729182110205,149
2013,IOR13A0050,BB,Paddy,1.0,900.0,2013-06-20,2013-11-11,2.2238695329873983,144
2013,IOR13A0051,AA,Paddy,1.0,1000.0,2014-01-14,2014-04-25,2.4709661477637757,101
2013,IOR13A0051,AB,Paddy,0.75,800.0,2013-07-23,2013-11-25,2.635697224281361,125
2013,IOR13A0051,AC,Paddy,0.25,300.0,2013-07-21,2013-09-11,2.965159377316531,52
2013,IOR13A0053,AA,Paddy,1.0,1400.0,2013-06-19,2013-11-20,3.4593526068692855,154
2013,IOR13A0053,BB,Paddy,0.5,700.0,2013-07-20,2013-11-23,3.4593526068692855,126
2013,IOR13A0053,D,Paddy,0.4,700.0,2014-01-19,2014-04-25,4.324190758586607,96
2013,IOR13A0055,C,Paddy,1.0,1200.0,2013-08-07,2013-11-20,2.965159377316531,105
2013,IOR13A0056,C,Paddy,2.0,2000.0,2013-06-13,2013-11-17,2.4709661477637757,157
2013,IOR13A0057,BA,Paddy,2.0,1700.0,2013-06-14,2013-11-19,2.100321225599209,158
2013,IOR13A0057,BB,Paddy,2.0,1700.0,2013-06-16,2013-11-21,2.100321225599209,158
2013,IOR13A0058,AC,Paddy,1.0,800.0,2013-06-18,2013-11-29,1.9767729182110205,164
2013,IOR13A0058,BA,Paddy,1.0,1000.0,2013-06-24,2013-11-24,2.4709661477637757,153
2013,IOR13B0032,A,Paddy,0.82,1200.0,2013-02-12,2013-10-11,3.6160480211177206,241
2013,IOR13B0032,B,Paddy,0.9,900.0,2013-05-12,2013-10-30,2.4709661477637757,171
2013,IOR13B0035,A,Paddy,1.0,2100.0,2013-05-12,2013-10-12,5.189028910303929,153
2013,IOR13B0036,C,Paddy,0.65,570.0,2013-08-06,2013-11-21,2.166847237269772,107
2013,IOR13B0037,A,Paddy,1.0,1700.0,2013-06-12,2013-11-21,4.200642451198418,162
2013,IOR13B0039,A,Paddy,0.5,900.0,2013-07-15,2013-10-11,4.447739065974797,88
2013,IOR13B0039,E,Paddy,0.4,700.0,2013-04-06,2013-11-22,4.324190758586607,230
2013,IOR13B0040,A,Paddy,0.8,1150.0,2013-06-22,2013-11-13,3.552013837410427,144
2013,IOR13B0042,B,Paddy,1.25,1900.0,2013-05-12,2013-11-18,3.755868544600939,190
2013,IOR13B0045,A,Paddy,1.0,1600.0,2013-03-12,2013-11-11,3.953545836422041,244
2013,IOR13B0048,A,Paddy,1.5,2400.0,2013-04-12,2013-11-23,3.953545836422041,225
2013,IOR13B0049,A,Paddy,0.75,1000.0,2013-08-12,2013-11-30,3.294621530351701,110
2013,IOR13B0052,A,Paddy,1.0,1550.0,2013-08-06,2013-11-26,3.8299975290338524,112
2013,IOR13B0052,E,Paddy,2.0,3000.0,2013-06-18,2013-11-26,3.7064492216456633,161
2013,IOR13B0205,A,Paddy,2.0,2550.0,2013-04-12,2013-11-18,3.1504818383988136,220
2013,IOR13C0004,C,Paddy,1.0,1325.0,2013-06-21,2013-10-11,3.2740301457870027,112
2013,IOR13C0009,A,Paddy,0.4,630.0,2013-06-22,2013-12-11,3.891771682727946,172
2013,IOR13C0031,A,Paddy,0.8,1035.0,2013-12-20,2014-03-27,3.196812453669384,97
2013,IOR13C0035,AA,Paddy,1.0,1320.0,2013-11-24,2014-03-16,3.261675315048184,112
2013,IOR13C0037,A,Paddy,0.48,610.0,2013-11-22,2014-03-14,3.140186146116465,112
2013,IOR13C0039,A,Paddy,0.5,730.0,2013-10-06,2013-11-14,3.6076105757351122,39
2013,IOR13C0048,B,Paddy,3.0,4200.0,2013-06-30,2013-11-28,3.4593526068692864,151
2013,IOR13C0050,A,Paddy,2.0,2429.0,2013-10-06,2013-12-11,3.000988386459105,66
2013,IOR13C0050,B,Paddy,0.15,580.0,2013-06-11,2013-11-14,9.554402438019933,156
2013,IOR13C0050,C,Paddy,2.0,2450.0,2013-06-14,2013-11-14,3.0269335310106253,153
2013,IOR13C0050,D,Paddy,0.33,390.0,2013-06-18,2013-11-18,2.920232720084462,153
2013,IOR13D0008,B,Paddy,0.12,175.0,2013-06-25,2013-11-12,3.603492298822173,140
2013,IOR13D0037,A,Paddy,0.2,272.0,2013-06-25,2013-11-26,3.3605139609587344,154
2013,IOR13D0040,AB,Paddy,0.44,312.0,2013-12-13,2014-03-20,1.7521396320506772,97
2013,IOR13D0040,B,Paddy,0.56,680.0,2013-06-22,2013-11-16,3.000458893713156,147
2013,IOR13D0040,E,Paddy,0.4,544.0,2013-06-18,2013-12-14,3.3605139609587344,179
2013,IOR13D0041,A,Paddy,0.48,500.0,2013-08-07,2013-12-22,2.5739230705872664,137
2013,IOR13D0043,C,Paddy,0.24,272.0,2013-06-22,2013-11-16,2.8004283007989463,147
2013,IOR13D0048,AB,Paddy,0.52,680.0,2013-06-21,2013-11-16,3.2312634239987834,148
2013,IOR13D0048,C,Paddy,0.16,204.0,2013-06-24,2013-11-20,3.1504818383988136,149
2013,IOR13D0050,B,Paddy,1.0,1530.0,2013-06-30,2013-12-18,3.7805782060785766,171
2013,IOR13D0055,A,Paddy,0.48,646.0,2013-06-22,2013-08-12,3.3255086071987483,51
2013,IOR13D0055,CA,Paddy,0.28,413.0,2013-06-25,2013-11-28,3.6446750679515683,156
2013,IOR13D0055,CB,Paddy,0.2,321.0,2013-06-25,2013-11-28,3.9659006671608594,156
