date,mean_ndvi,mean_evi,mean_ndwi,cloud_cover_pct,collection_id,sensor_name,satellite_platform,observation_year,composite_start_date,composite_end_date,image_count,valid_pixel_count,district_cropland_pixels,coverage_fraction
2000-01-30,0.5041315507384466,0.3131366437117484,0.12985102816474112,11,LANDSAT/LE07/C02/T1_L2,Landsat 7 ETM+,LANDSAT_7,2000,2000-01-01,2012-12-31,1,78424,424932.0,0.18456
2000-01-30,0.4728888733083697,0.3210567878943276,0.15972143481637044,14,LANDSAT/LE07/C02/T1_L2,Landsat 7 ETM+,LANDSAT_7,2000,2000-01-01,2012-12-31,1,148264,424932.0,0.34891
2000-04-03,0.46583234580043137,0.3510972463880828,0.06792917019179083,28,LANDSAT/LE07/C02/T1_L2,Landsat 7 ETM+,LANDSAT_7,2000,2000-01-01,2012-12-31,1,24064,424932.0,0.05663
2000-04-03,0.44991706993981473,0.3285858456903499,0.05675378230245362,16,LANDSAT/LE07/C02/T1_L2,Landsat 7 ETM+,LANDSAT_7,2000,2000-01-01,2012-12-31,1,82081,424932.0,0.19316
2000-04-19,0.39186555204637213,0.27680239442953175,-0.0010249398270203958,15,LANDSAT/LE07/C02/T1_L2,Landsat 7 ETM+,LANDSAT_7,2000,2000-01-01,2012-12-31,1,78357,424932.0,0.1844
2000-04-19,0.3791986055630908,0.2706566448137644,-0.007424235603365946,19,LANDSAT/LE07/C02/T1_L2,Landsat 7 ETM+,LANDSAT_7,2000,2000-01-01,2012-12-31,1,140282,424932.0,0.33013
2000-06-22,0.3559864409645795,0.24539700138613368,0.06344347906631584,38,LANDSAT/LE07/C02/T1_L2,Landsat 7 ETM+,LANDSAT_7,2000,2000-01-01,2012-12-31,1,9603,424932.0,0.0226
2000-09-10,0.4150829008129322,0.27291983080000226,0.11355582082270604,6,LANDSAT/LE07/C02/T1_L2,Landsat 7 ETM+,LANDSAT_7,2000,2000-01-01,2012-12-31,1,190620,424932.0,0.44859
2000-09-10,0.43123244642123204,0.28276715153439846,0.15071243793882186,15,LANDSAT/LE07/C02/T1_L2,Landsat 7 ETM+,LANDSAT_7,2000,2000-01-01,2012-12-31,1,311883,424932.0,0.73396
2000-10-28,0.5147423771397746,0.31073798832205207,0.3169873888403074,0,LANDSAT/LE07/C02/T1_L2,Landsat 7 ETM+,LANDSAT_7,2000,2000-01-01,2012-12-31,1,191666,424932.0,0.45105
2000-10-28,0.514060004550733,0.31008705213141746,0.31648327294831763,2,LANDSAT/LE07/C02/T1_L2,Landsat 7 ETM+,LANDSAT_7,2000,2000-01-01,2012-12-31,1,309538,424932.0,0.72844
2000-12-15,0.7404595165981844,0.4491635895035984,0.3253352385467776,6,LANDSAT/LE07/C02/T1_L2,Landsat 7 ETM+,LANDSAT_7,2000,2000-01-01,2012-12-31,1,188270,424932.0,0.44306
2000-12-15,0.7119973325224347,0.4215651476236676,0.32852361673614017,11,LANDSAT/LE07/C02/T1_L2,Landsat 7 ETM+,LANDSAT_7,2000,2000-01-01,2012-12-31,1,300506,424932.0,0.70719
2001-02-09,0.45661839897065354,0.2770606682872595,0.052850227030925144,4,LANDSAT/LT05/C02/T1_L2,Landsat 5 TM,LANDSAT_5,2001,2000-01-01,2012-12-31,1,171702,424932.0,0.40407
2001-03-21,0.46204164354132987,0.3194785796932219,0.060389357968828,3,LANDSAT/LE07/C02/T1_L2,Landsat 7 ETM+,LANDSAT_7,2001,2000-01-01,2012-12-31,1,127853,424932.0,0.30088
2001-04-06,0.3776865569618083,0.27305064854247385,0.006134566541654764,31,LANDSAT/LE07/C02/T1_L2,Landsat 7 ETM+,LANDSAT_7,2001,2000-01-01,2012-12-31,1,80378,424932.0,0.18915
2001-04-22,0.4081494276618599,0.26697811133819543,-0.02387863647707525,4,LANDSAT/LE07/C02/T1_L2,Landsat 7 ETM+,LANDSAT_7,2001,2000-01-01,2012-12-31,1,139664,424932.0,0.32867
2001-04-22,0.4477651476531431,0.30031523769662655,0.01380687014052118,8,LANDSAT/LE07/C02/T1_L2,Landsat 7 ETM+,LANDSAT_7,2001,2000-01-01,2012-12-31,1,201983,424932.0,0.47533
2001-04-30,0.340037224785876,0.25328471318928464,0.01025289267892662,34,LANDSAT/LT05/C02/T1_L2,Landsat 5 TM,LANDSAT_5,2001,2000-01-01,2012-12-31,1,85277,424932.0,0.20068
2001-05-16,0.36709679822824953,0.2534848833645039,0.04596238781862542,8,LANDSAT/LT05/C02/T1_L2,Landsat 5 TM,LANDSAT_5,2001,2000-01-01,2012-12-31,1,199382,424932.0,0.46921
2001-06-01,0.2950536761159875,0.21685044455484453,0.1001646173513139,63,LANDSAT/LT05/C02/T1_L2,Landsat 5 TM,LANDSAT_5,2001,2000-01-01,2012-12-31,1,10,424932.0,2e-05
2001-06-01,0.39050826022835466,0.3343523351408695,0.1599568610956751,70,LANDSAT/LT05/C02/T1_L2,Landsat 5 TM,LANDSAT_5,2001,2000-01-01,2012-12-31,1,13392,424932.0,0.03152
2001-08-28,0.4578836282652518,0.3104122840081401,0.1415686897266678,10,LANDSAT/LE07/C02/T1_L2,Landsat 7 ETM+,LANDSAT_7,2001,2000-01-01,2012-12-31,1,189280,424932.0,0.44544
2001-09-05,0.4345328184531327,0.31028541310283425,0.15613634875127372,46,LANDSAT/LT05/C02/T1_L2,Landsat 5 TM,LANDSAT_5,2001,2000-01-01,2012-12-31,1,128482,424932.0,0.30236
2001-09-13,0.4423939644785671,0.28550713058923566,0.14460381687595464,10,LANDSAT/LE07/C02/T1_L2,Landsat 7 ETM+,LANDSAT_7,2001,2000-01-01,2012-12-31,1,196598,424932.0,0.46266
2001-09-13,0.46343212759243657,0.29891030994888,0.18189330092694164,11,LANDSAT/LE07/C02/T1_L2,Landsat 7 ETM+,LANDSAT_7,2001,2000-01-01,2012-12-31,1,303343,424932.0,0.71386
2001-10-31,0.5196453554010267,0.3241944147423215,0.32950173191079474,20,LANDSAT/LE07/C02/T1_L2,Landsat 7 ETM+,LANDSAT_7,2001,2000-01-01,2012-12-31,1,123084,424932.0,0.28966
2001-10-31,0.4797948044406357,0.30441411507414945,0.3218662847899674,24,LANDSAT/LE07/C02/T1_L2,Landsat 7 ETM+,LANDSAT_7,2001,2000-01-01,2012-12-31,1,225778,424932.0,0.53133
2002-01-03,0.7017336955688303,0.44334716941948576,0.33229203336013435,11,LANDSAT/LE07/C02/T1_L2,Landsat 7 ETM+,LANDSAT_7,2002,2000-01-01,2012-12-31,1,169859,424932.0,0.39973
2002-01-03,0.6818788672715388,0.42064042637510646,0.3319332837350877,9,LANDSAT/LE07/C02/T1_L2,Landsat 7 ETM+,LANDSAT_7,2002,2000-01-01,2012-12-31,1,252698,424932.0,0.59468
2002-02-20,0.43704338084252586,0.2925205771768368,0.061344495524958347,11,LANDSAT/LE07/C02/T1_L2,Landsat 7 ETM+,LANDSAT_7,2002,2000-01-01,2012-12-31,1,25302,424932.0,0.05954
2002-02-20,0.4132746762756286,0.27487978098270527,0.11504601562677517,21,LANDSAT/LE07/C02/T1_L2,Landsat 7 ETM+,LANDSAT_7,2002,2000-01-01,2012-12-31,1,56499,424932.0,0.13296
2002-03-24,0.4141100826591826,0.27304620521217565,0.01839306791364934,3,LANDSAT/LE07/C02/T1_L2,Landsat 7 ETM+,LANDSAT_7,2002,2000-01-01,2012-12-31,1,183776,424932.0,0.43248
2002-03-24,0.38245261689402416,0.2600896982053937,0.01555712269969176,11,LANDSAT/LE07/C02/T1_L2,Landsat 7 ETM+,LANDSAT_7,2002,2000-01-01,2012-12-31,1,269076,424932.0,0.63322
2002-04-25,0.3651846952946324,0.2582865564442804,0.0005965510599117651,24,LANDSAT/LE07/C02/T1_L2,Landsat 7 ETM+,LANDSAT_7,2002,2000-01-01,2012-12-31,1,96011,424932.0,0.22594
2002-04-25,0.3821266999765764,0.272550243122434,0.0071174248768099135,31,LANDSAT/LE07/C02/T1_L2,Landsat 7 ETM+,LANDSAT_7,2002,2000-01-01,2012-12-31,1,158159,424932.0,0.3722
2002-05-27,0.3508260002180264,0.24764586082217666,0.0106335528100374,9,LANDSAT/LE07/C02/T1_L2,Landsat 7 ETM+,LANDSAT_7,2002,2000-01-01,2012-12-31,1,193472,424932.0,0.4553
2002-06-12,0.304082495732251,0.3102308543653337,0.04613816857736596,70,LANDSAT/LE07/C02/T1_L2,Landsat 7 ETM+,LANDSAT_7,2002,2000-01-01,2012-12-31,1,67741,424932.0,0.15942
2002-06-12,0.35298244557399794,0.2679889942051562,0.07052940275334195,40,LANDSAT/LE07/C02/T1_L2,Landsat 7 ETM+,LANDSAT_7,2002,2000-01-01,2012-12-31,1,222012,424932.0,0.52246
2002-06-28,0.40228155237957974,0.2742930683452657,0.07045736712811529,0,LANDSAT/LE07/C02/T1_L2,Landsat 7 ETM+,LANDSAT_7,2002,2000-01-01,2012-12-31,1,188047,424932.0,0.44253
2002-07-30,0.2985459042342294,0.23760874778896643,0.030174112907158688,44,LANDSAT/LE07/C02/T1_L2,Landsat 7 ETM+,LANDSAT_7,2002,2000-01-01,2012-12-31,1,27245,424932.0,0.06412
2002-08-31,0.29418781546927447,0.19456171148745782,-0.044442231203176585,20,LANDSAT/LE07/C02/T1_L2,Landsat 7 ETM+,LANDSAT_7,2002,2000-01-01,2012-12-31,1,310199,424932.0,0.73
2002-09-16,0.33159953253004293,0.21399046328644458,0.0009498266463252512,2,LANDSAT/LE07/C02/T1_L2,Landsat 7 ETM+,LANDSAT_7,2002,2000-01-01,2012-12-31,1,191778,424932.0,0.45131
2002-09-16,0.281423777339731,0.18414952998961634,-0.043830784957078484,5,LANDSAT/LE07/C02/T1_L2,Landsat 7 ETM+,LANDSAT_7,2002,2000-01-01,2012-12-31,1,294517,424932.0,0.69309
2002-10-02,0.32985259930750216,0.22985767928196132,0.021003886975586725,22,LANDSAT/LE07/C02/T1_L2,Landsat 7 ETM+,LANDSAT_7,2002,2000-01-01,2012-12-31,1,75741,424932.0,0.17824
2002-10-18,0.34738684450073526,0.2351937067983375,0.02298300543372347,33,LANDSAT/LE07/C02/T1_L2,Landsat 7 ETM+,LANDSAT_7,2002,2000-01-01,2012-12-31,1,150754,424932.0,0.35477
2002-11-03,0.3180398230077387,0.22405463004183038,0.373355405506813,33,LANDSAT/LE07/C02/T1_L2,Landsat 7 ETM+,LANDSAT_7,2002,2000-01-01,2012-12-31,1,93537,424932.0,0.22012
2002-11-03,0.3438000944866809,0.24357319348725068,0.36545151042259655,62,LANDSAT/LE07/C02/T1_L2,Landsat 7 ETM+,LANDSAT_7,2002,2000-01-01,2012-12-31,1,137845,424932.0,0.32439
2002-12-05,0.5614830387946891,0.45120854098866126,0.308125464760259,62,LANDSAT/LE07/C02/T1_L2,Landsat 7 ETM+,LANDSAT_7,2002,2000-01-01,2012-12-31,1,14998,424932.0,0.0353
2002-12-21,0.7167030805355868,0.4611922633833612,0.3369896656479119,29,LANDSAT/LE07/C02/T1_L2,Landsat 7 ETM+,LANDSAT_7,2002,2000-01-01,2012-12-31,1,144952,424932.0,0.34112
2002-12-21,0.7041751211185259,0.4502283649077026,0.3305518771682914,34,LANDSAT/LE07/C02/T1_L2,Landsat 7 ETM+,LANDSAT_7,2002,2000-01-01,2012-12-31,1,238646,424932.0,0.56161
2003-01-06,0.6651362001111669,0.47036864610180745,0.28145564587977456,14,LANDSAT/LE07/C02/T1_L2,Landsat 7 ETM+,LANDSAT_7,2003,2000-01-01,2012-12-31,1,59413,424932.0,0.13982
2003-01-06,0.6637885427288558,0.4784505080183245,0.28658987291721455,38,LANDSAT/LE07/C02/T1_L2,Landsat 7 ETM+,LANDSAT_7,2003,2000-01-01,2012-12-31,1,104481,424932.0,0.24588
2003-01-22,0.6230708445652248,0.42289627552540265,0.23566585537127077,15,LANDSAT/LE07/C02/T1_L2,Landsat 7 ETM+,LANDSAT_7,2003,2000-01-01,2012-12-31,1,40876,424932.0,0.09619
2003-01-22,0.6232483622525331,0.41536464432274006,0.2235030221517616,10,LANDSAT/LE07/C02/T1_L2,Landsat 7 ETM+,LANDSAT_7,2003,2000-01-01,2012-12-31,1,109422,424932.0,0.2575
2003-02-23,0.43086639583812963,0.31073244606627154,0.0484015331085639,30,LANDSAT/LE07/C02/T1_L2,Landsat 7 ETM+,LANDSAT_7,2003,2000-01-01,2012-12-31,1,36960,424932.0,0.08698
2003-02-23,0.38554807592337115,0.2734746615305507,0.02553370874043865,24,LANDSAT/LE07/C02/T1_L2,Landsat 7 ETM+,LANDSAT_7,2003,2000-01-01,2012-12-31,1,74035,424932.0,0.17423
2003-04-12,0.341148022336935,0.25526760157249023,0.0027861127716483696,10,LANDSAT/LE07/C02/T1_L2,Landsat 7 ETM+,LANDSAT_7,2003,2000-01-01,2012-12-31,1,76003,424932.0,0.17886
2003-04-12,0.3178296837630363,0.2391087452216583,0.0023309473113074346,16,LANDSAT/LE07/C02/T1_L2,Landsat 7 ETM+,LANDSAT_7,2003,2000-01-01,2012-12-31,1,148381,424932.0,0.34919
2003-05-30,0.329363388753231,0.23011895052595185,0.05115644390112467,25,LANDSAT/LE07/C02/T1_L2,Landsat 7 ETM+,LANDSAT_7,2003,2000-01-01,2012-12-31,1,121690,424932.0,0.28638
2003-05-30,0.30916004552061127,0.22952181654474368,0.005948289719298998,42,LANDSAT/LE07/C02/T1_L2,Landsat 7 ETM+,LANDSAT_7,2003,2000-01-01,2012-12-31,1,71378,424932.0,0.16798
2003-11-14,0.2915232073638341,0.23273915251064084,0.4051558701709741,60,LANDSAT/LT05/C02/T1_L2,Landsat 5 TM,LANDSAT_5,2003,2000-01-01,2012-12-31,1,634,424932.0,0.00149
2003-12-08,0.6810158363873569,0.3999891020186648,0.3234517690584379,2,LANDSAT/LE07/C02/T1_L2,Landsat 7 ETM+,LANDSAT_7,2003,2000-01-01,2012-12-31,1,161116,424932.0,0.37916
2003-12-08,0.6037888186364664,0.3427897809638772,0.33596413858151064,3,LANDSAT/LE07/C02/T1_L2,Landsat 7 ETM+,LANDSAT_7,2003,2000-01-01,2012-12-31,1,266755,424932.0,0.62776
2003-12-16,0.6450126912186552,0.45417398966480466,0.28409885523602024,36,LANDSAT/LT05/C02/T1_L2,Landsat 5 TM,LANDSAT_5,2003,2000-01-01,2012-12-31,1,64844,424932.0,0.1526
2003-12-16,0.5601294711530699,0.4150924442273891,0.2759678473280582,37,LANDSAT/LT05/C02/T1_L2,Landsat 5 TM,LANDSAT_5,2003,2000-01-01,2012-12-31,1,98088,424932.0,0.23083
2003-12-24,0.6660241717200505,0.43668179424543013,0.2972920774032538,48,LANDSAT/LE07/C02/T1_L2,Landsat 7 ETM+,LANDSAT_7,2003,2000-01-01,2012-12-31,1,26067,424932.0,0.06134
2004-01-09,0.6288520303270667,0.41064930831890833,0.25137871106166415,42,LANDSAT/LE07/C02/T1_L2,Landsat 7 ETM+,LANDSAT_7,2004,2000-01-01,2012-12-31,1,118052,424932.0,0.27781
2004-01-09,0.6470319411225112,0.41839485733628495,0.26535930136189456,21,LANDSAT/LE07/C02/T1_L2,Landsat 7 ETM+,LANDSAT_7,2004,2000-01-01,2012-12-31,1,192281,424932.0,0.4525
2004-01-25,0.4950263836070173,0.3467125289190263,0.146932351165282,12,LANDSAT/LE07/C02/T1_L2,Landsat 7 ETM+,LANDSAT_7,2004,2000-01-01,2012-12-31,1,58543,424932.0,0.13777
2004-01-25,0.5241436170005054,0.3521460223725749,0.18173802047807278,16,LANDSAT/LE07/C02/T1_L2,Landsat 7 ETM+,LANDSAT_7,2004,2000-01-01,2012-12-31,1,106103,424932.0,0.24969
2004-02-02,0.4570300443645205,0.3361810961047185,0.13348928293046777,29,LANDSAT/LT05/C02/T1_L2,Landsat 5 TM,LANDSAT_5,2004,2000-01-01,2012-12-31,1,18308,424932.0,0.04308
2004-02-02,0.4838575476972878,0.33707227348978647,0.13806043425608902,16,LANDSAT/LT05/C02/T1_L2,Landsat 5 TM,LANDSAT_5,2004,2000-01-01,2012-12-31,1,70590,424932.0,0.16612
2004-02-10,0.4563413350341444,0.310919421604291,0.07886855759350692,9,LANDSAT/LE07/C02/T1_L2,Landsat 7 ETM+,LANDSAT_7,2004,2000-01-01,2012-12-31,1,72397,424932.0,0.17037
2004-02-10,0.4385862999298576,0.3062763722979439,0.0968931342548064,30,LANDSAT/LE07/C02/T1_L2,Landsat 7 ETM+,LANDSAT_7,2004,2000-01-01,2012-12-31,1,159773,424932.0,0.376
2004-02-18,0.46698355903301675,0.3081316667986569,0.06039303706392563,9,LANDSAT/LT05/C02/T1_L2,Landsat 5 TM,LANDSAT_5,2004,2000-01-01,2012-12-31,1,122284,424932.0,0.28777
2004-02-18,0.42124638089839733,0.2846680211724029,0.07080674234846612,45,LANDSAT/LT05/C02/T1_L2,Landsat 5 TM,LANDSAT_5,2004,2000-01-01,2012-12-31,1,173913,424932.0,0.40927
2004-02-26,0.46681303645412137,0.30163568644578065,0.04432101399752379,1,LANDSAT/LE07/C02/T1_L2,Landsat 7 ETM+,LANDSAT_7,2004,2000-01-01,2012-12-31,1,133506,424932.0,0.31418
2004-02-26,0.4089708565970132,0.2642981880121745,0.022755330368331862,3,LANDSAT/LE07/C02/T1_L2,Landsat 7 ETM+,LANDSAT_7,2004,2000-01-01,2012-12-31,1,220316,424932.0,0.51847
2004-03-05,0.44650876581534593,0.2976806678039518,0.04223277131208744,1,LANDSAT/LT05/C02/T1_L2,Landsat 5 TM,LANDSAT_5,2004,2000-01-01,2012-12-31,1,144949,424932.0,0.34111
2004-03-05,0.39370506233145297,0.26179792206764113,0.019927941458714883,6,LANDSAT/LT05/C02/T1_L2,Landsat 5 TM,LANDSAT_5,2004,2000-01-01,2012-12-31,1,268094,424932.0,0.63091
2004-03-21,0.38050256066000465,0.2516984720843705,0.006458156458668478,2,LANDSAT/LT05/C02/T1_L2,Landsat 5 TM,LANDSAT_5,2004,2000-01-01,2012-12-31,1,180081,424932.0,0.42379
2004-03-21,0.339455913001419,0.22976036473406872,-0.003474116258613098,4,LANDSAT/LT05/C02/T1_L2,Landsat 5 TM,LANDSAT_5,2004,2000-01-01,2012-12-31,1,296073,424932.0,0.69675
2004-04-06,0.35284773529088864,0.252884075780101,-0.008303640552308941,36,LANDSAT/LT05/C02/T1_L2,Landsat 5 TM,LANDSAT_5,2004,2000-01-01,2012-12-31,1,94437,424932.0,0.22224
2004-04-06,0.34447096493976,0.2541808367938101,0.01685873406816834,59,LANDSAT/LT05/C02/T1_L2,Landsat 5 TM,LANDSAT_5,2004,2000-01-01,2012-12-31,1,122434,424932.0,0.28813
2004-04-14,0.33289356964833605,0.23499967165542354,-0.008835657120041984,6,LANDSAT/LE07/C02/T1_L2,Landsat 7 ETM+,LANDSAT_7,2004,2000-01-01,2012-12-31,1,98053,424932.0,0.23075
2004-04-14,0.27876883250773044,0.2562272057147412,0.004527630595682698,23,LANDSAT/LE07/C02/T1_L2,Landsat 7 ETM+,LANDSAT_7,2004,2000-01-01,2012-12-31,1,144033,424932.0,0.33896
2004-04-22,0.24708776781143318,0.2062672290502564,-0.04354564393829302,63,LANDSAT/LT05/C02/T1_L2,Landsat 5 TM,LANDSAT_5,2004,2000-01-01,2012-12-31,1,21,424932.0,5e-05
2004-04-30,0.2393417731836254,0.1873591710570394,-0.0388317182916074,34,LANDSAT/LE07/C02/T1_L2,Landsat 7 ETM+,LANDSAT_7,2004,2000-01-01,2012-12-31,1,7328,424932.0,0.01725
2004-04-30,0.18958763504713105,0.33735600711896796,-0.018964412698860792,52,LANDSAT/LE07/C02/T1_L2,Landsat 7 ETM+,LANDSAT_7,2004,2000-01-01,2012-12-31,1,78722,424932.0,0.18526
2004-05-08,0.3900627342359987,0.21979458206647015,0.2051275781725389,37,LANDSAT/LT05/C02/T1_L2,Landsat 5 TM,LANDSAT_5,2004,2000-01-01,2012-12-31,1,177352,424932.0,0.41737
2004-05-08,0.3579823892936178,0.20322536311140338,0.19227689639929474,34,LANDSAT/LT05/C02/T1_L2,Landsat 5 TM,LANDSAT_5,2004,2000-01-01,2012-12-31,1,251806,424932.0,0.59258
2004-05-16,0.4170846632845552,0.28715717666104895,0.10752928042439756,62,LANDSAT/LE07/C02/T1_L2,Landsat 7 ETM+,LANDSAT_7,2004,2000-01-01,2012-12-31,1,39641,424932.0,0.09329
2004-05-16,0.38213789665417236,0.2340522871876936,0.06721383905623576,26,LANDSAT/LE07/C02/T1_L2,Landsat 7 ETM+,LANDSAT_7,2004,2000-01-01,2012-12-31,1,157091,424932.0,0.36969
2004-05-24,0.4848412438726447,0.3379754365388238,0.17539946396289957,59,LANDSAT/LT05/C02/T1_L2,Landsat 5 TM,LANDSAT_5,2004,2000-01-01,2012-12-31,1,102388,424932.0,0.24095
2004-05-24,0.45002667158661874,0.3149539016080048,0.10413141656405409,55,LANDSAT/LT05/C02/T1_L2,Landsat 5 TM,LANDSAT_5,2004,2000-01-01,2012-12-31,1,96909,424932.0,0.22806
2004-06-17,0.5113808514290753,0.3627569531257885,0.1711925080932821,43,LANDSAT/LE07/C02/T1_L2,Landsat 7 ETM+,LANDSAT_7,2004,2000-01-01,2012-12-31,1,140459,424932.0,0.33054
2004-06-17,0.47278690605271556,0.3335047633195512,0.11999993073287951,56,LANDSAT/LE07/C02/T1_L2,Landsat 7 ETM+,LANDSAT_7,2004,2000-01-01,2012-12-31,1,239982,424932.0,0.56475
2004-06-25,0.48392654393871526,0.35552012149079165,0.17568907570912268,43,LANDSAT/LT05/C02/T1_L2,Landsat 5 TM,LANDSAT_5,2004,2000-01-01,2012-12-31,1,176855,424932.0,0.4162
2004-06-25,0.43074473293903803,0.31298819602264033,0.11138712586620417,4,LANDSAT/LT05/C02/T1_L2,Landsat 5 TM,LANDSAT_5,2004,2000-01-01,2012-12-31,1,306874,424932.0,0.72217
2004-07-19,0.5062158670551096,0.34719188934672546,0.14520224293780465,5,LANDSAT/LE07/C02/T1_L2,Landsat 7 ETM+,LANDSAT_7,2004,2000-01-01,2012-12-31,1,112848,424932.0,0.26557
2004-07-19,0.3968317585066486,0.27899936145576315,0.06819733379743635,12,LANDSAT/LE07/C02/T1_L2,Landsat 7 ETM+,LANDSAT_7,2004,2000-01-01,2012-12-31,1,175283,424932.0,0.4125
2004-08-12,0.37082889071163067,0.28825674749543256,0.11571079868329999,70,LANDSAT/LT05/C02/T1_L2,Landsat 5 TM,LANDSAT_5,2004,2000-01-01,2012-12-31,1,55883,424932.0,0.13151
2004-08-28,0.36748614988712713,0.2600043224207536,0.06369774457266775,21,LANDSAT/LT05/C02/T1_L2,Landsat 5 TM,LANDSAT_5,2004,2000-01-01,2012-12-31,1,120759,424932.0,0.28418
2004-08-28,0.3212723486852628,0.22150319218968267,0.0195283757301949,13,LANDSAT/LT05/C02/T1_L2,Landsat 5 TM,LANDSAT_5,2004,2000-01-01,2012-12-31,1,305468,424932.0,0.71886
2004-09-29,0.4212284000334766,0.25546693235258044,0.42137924953512773,12,LANDSAT/LT05/C02/T1_L2,Landsat 5 TM,LANDSAT_5,2004,2000-01-01,2012-12-31,1,150266,424932.0,0.35362
2004-09-29,0.38307040935365966,0.23608439453131488,0.400540329917278,46,LANDSAT/LT05/C02/T1_L2,Landsat 5 TM,LANDSAT_5,2004,2000-01-01,2012-12-31,1,214261,424932.0,0.50422
2004-10-07,0.4558682938647785,0.2883525517355001,0.27228960712518685,17,LANDSAT/LE07/C02/T1_L2,Landsat 7 ETM+,LANDSAT_7,2004,2000-01-01,2012-12-31,1,152381,424932.0,0.3586
2004-10-07,0.44753248842082866,0.2750516871713899,0.2744999390262244,11,LANDSAT/LE07/C02/T1_L2,Landsat 7 ETM+,LANDSAT_7,2004,2000-01-01,2012-12-31,1,257107,424932.0,0.60505
2004-10-15,0.5089135270285033,0.3192649317225617,0.28152290831154675,33,LANDSAT/LT05/C02/T1_L2,Landsat 5 TM,LANDSAT_5,2004,2000-01-01,2012-12-31,1,145790,424932.0,0.34309
2004-10-15,0.4985349717483876,0.32254179473168637,0.24112510533166862,42,LANDSAT/LT05/C02/T1_L2,Landsat 5 TM,LANDSAT_5,2004,2000-01-01,2012-12-31,1,102350,424932.0,0.24086
2004-10-23,0.37541555001260757,0.3508684844842307,0.4571011308567394,43,LANDSAT/LE07/C02/T1_L2,Landsat 7 ETM+,LANDSAT_7,2004,2000-01-01,2012-12-31,1,1795,424932.0,0.00422
2004-11-16,0.39515919950666023,0.31480113125866777,0.35409682958003924,45,LANDSAT/LT05/C02/T1_L2,Landsat 5 TM,LANDSAT_5,2004,2000-01-01,2012-12-31,1,1355,424932.0,0.00319
2004-11-16,0.3869917600005976,0.3109691203187416,0.3646511474176232,48,LANDSAT/LT05/C02/T1_L2,Landsat 5 TM,LANDSAT_5,2004,2000-01-01,2012-12-31,1,31691,424932.0,0.07458
2004-11-24,0.5129439500623159,0.2734429022675725,0.3106506590371108,58,LANDSAT/LE07/C02/T1_L2,Landsat 7 ETM+,LANDSAT_7,2004,2000-01-01,2012-12-31,1,960,424932.0,0.00226
2004-12-02,0.6478432510466858,0.4020016940184551,0.33582186267491576,40,LANDSAT/LT05/C02/T1_L2,Landsat 5 TM,LANDSAT_5,2004,2000-01-01,2012-12-31,1,38650,424932.0,0.09096
2004-12-02,0.5834567080636937,0.42235245538247307,0.32546868923240696,26,LANDSAT/LT05/C02/T1_L2,Landsat 5 TM,LANDSAT_5,2004,2000-01-01,2012-12-31,1,142601,424932.0,0.33559
2004-12-10,0.7174617703657233,0.4148920600627553,0.3130265975446082,4,LANDSAT/LE07/C02/T1_L2,Landsat 7 ETM+,LANDSAT_7,2004,2000-01-01,2012-12-31,1,151844,424932.0,0.35734
2004-12-10,0.7039339463670711,0.40646510220587373,0.3397468386712042,2,LANDSAT/LE07/C02/T1_L2,Landsat 7 ETM+,LANDSAT_7,2004,2000-01-01,2012-12-31,1,221361,424932.0,0.52093
2004-12-18,0.6554306365120005,0.42115137085702037,0.302244319264987,7,LANDSAT/LT05/C02/T1_L2,Landsat 5 TM,LANDSAT_5,2004,2000-01-01,2012-12-31,1,148814,424932.0,0.35021
2004-12-18,0.6192835536013017,0.38856754629129986,0.317786498316787,51,LANDSAT/LT05/C02/T1_L2,Landsat 5 TM,LANDSAT_5,2004,2000-01-01,2012-12-31,1,201542,424932.0,0.47429
2004-12-26,0.6645329449984257,0.3952886900188687,0.2710795349184754,20,LANDSAT/LE07/C02/T1_L2,Landsat 7 ETM+,LANDSAT_7,2004,2000-01-01,2012-12-31,1,74025,424932.0,0.1742
2005-01-03,0.5985886768011373,0.40240123353762663,0.26643654569400205,17,LANDSAT/LT05/C02/T1_L2,Landsat 5 TM,LANDSAT_5,2005,2000-01-01,2012-12-31,1,49669,424932.0,0.11689
2005-01-03,0.5554373968626195,0.3945312436797838,0.27363696161147083,15,LANDSAT/LT05/C02/T1_L2,Landsat 5 TM,LANDSAT_5,2005,2000-01-01,2012-12-31,1,76153,424932.0,0.17921
2005-01-19,0.4580699025989395,0.350377599793827,0.1756409726771199,26,LANDSAT/LT05/C02/T1_L2,Landsat 5 TM,LANDSAT_5,2005,2000-01-01,2012-12-31,1,39297,424932.0,0.09248
2005-01-19,0.46952357553129687,0.35693859199031974,0.18831361648357048,17,LANDSAT/LT05/C02/T1_L2,Landsat 5 TM,LANDSAT_5,2005,2000-01-01,2012-12-31,1,65118,424932.0,0.15324
2005-01-27,0.45019480310296855,0.29455022211238835,0.11767229048375417,21,LANDSAT/LE07/C02/T1_L2,Landsat 7 ETM+,LANDSAT_7,2005,2000-01-01,2012-12-31,1,35539,424932.0,0.08363
2005-01-27,0.4240118287840167,0.2890494724525572,0.14853503566377865,34,LANDSAT/LE07/C02/T1_L2,Landsat 7 ETM+,LANDSAT_7,2005,2000-01-01,2012-12-31,1,18793,424932.0,0.04423
2005-02-04,0.41245510253154566,0.3067062014096985,0.08766204606829672,34,LANDSAT/LT05/C02/T1_L2,Landsat 5 TM,LANDSAT_5,2005,2000-01-01,2012-12-31,1,49277,424932.0,0.11596
2005-02-04,0.45977836015600165,0.3124694269338243,0.0940414330156398,15,LANDSAT/LT05/C02/T1_L2,Landsat 5 TM,LANDSAT_5,2005,2000-01-01,2012-12-31,1,135917,424932.0,0.31986
2005-02-12,0.48615954719803883,0.32942123229129705,0.07864766750750664,8,LANDSAT/LE07/C02/T1_L2,Landsat 7 ETM+,LANDSAT_7,2005,2000-01-01,2012-12-31,1,55801,424932.0,0.13132
2005-02-12,0.4770908274831343,0.32756740169690246,0.10300298179791309,26,LANDSAT/LE07/C02/T1_L2,Landsat 7 ETM+,LANDSAT_7,2005,2000-01-01,2012-12-31,1,107275,424932.0,0.25245
2005-02-20,0.4722286958396383,0.33927193279218976,0.07524599320489421,19,LANDSAT/LT05/C02/T1_L2,Landsat 5 TM,LANDSAT_5,2005,2000-01-01,2012-12-31,1,73417,424932.0,0.17277
2005-02-20,0.4749349313180872,0.34599254632473214,0.10360257796834668,33,LANDSAT/LT05/C02/T1_L2,Landsat 5 TM,LANDSAT_5,2005,2000-01-01,2012-12-31,1,81401,424932.0,0.19156
2005-02-28,0.5135839613327365,0.3326324098028692,0.07889312214766794,0,LANDSAT/LE07/C02/T1_L2,Landsat 7 ETM+,LANDSAT_7,2005,2000-01-01,2012-12-31,1,163486,424932.0,0.38473
2005-02-28,0.48342650842880047,0.31522123256738815,0.07958359457307441,2,LANDSAT/LE07/C02/T1_L2,Landsat 7 ETM+,LANDSAT_7,2005,2000-01-01,2012-12-31,1,255397,424932.0,0.60103
2005-03-08,0.49545177799081663,0.34034312567270486,0.06941383221844097,11,LANDSAT/LT05/C02/T1_L2,Landsat 5 TM,LANDSAT_5,2005,2000-01-01,2012-12-31,1,141207,424932.0,0.3323
2005-03-08,0.45637086600799903,0.30815467114498,0.06169077096188256,7,LANDSAT/LT05/C02/T1_L2,Landsat 5 TM,LANDSAT_5,2005,2000-01-01,2012-12-31,1,261143,424932.0,0.61455
2005-03-16,0.4737770230610669,0.31332924766319614,0.052169682477533265,4,LANDSAT/LE07/C02/T1_L2,Landsat 7 ETM+,LANDSAT_7,2005,2000-01-01,2012-12-31,1,136035,424932.0,0.32013
2005-03-16,0.4444773118864269,0.2918789492073717,0.04723999673107079,5,LANDSAT/LE07/C02/T1_L2,Landsat 7 ETM+,LANDSAT_7,2005,2000-01-01,2012-12-31,1,220933,424932.0,0.51993
2005-03-24,0.38873771326134354,0.3026588775533217,0.019837746594706107,5,LANDSAT/LT05/C02/T1_L2,Landsat 5 TM,LANDSAT_5,2005,2000-01-01,2012-12-31,1,92960,424932.0,0.21876
2005-03-24,0.37803716921084857,0.2935991494834068,0.023062828910943314,10,LANDSAT/LT05/C02/T1_L2,Landsat 5 TM,LANDSAT_5,2005,2000-01-01,2012-12-31,1,150783,424932.0,0.35484
2005-04-17,0.495129038353005,0.3355309224248585,0.08647184934389977,11,LANDSAT/LE07/C02/T1_L2,Landsat 7 ETM+,LANDSAT_7,2005,2000-01-01,2012-12-31,1,80898,424932.0,0.19038
2005-04-17,0.47632101574375024,0.3190374017979804,0.07509182167441879,8,LANDSAT/LE07/C02/T1_L2,Landsat 7 ETM+,LANDSAT_7,2005,2000-01-01,2012-12-31,1,133025,424932.0,0.31305
2005-04-25,0.5210580964602503,0.3610275435355639,0.1130142307035895,11,LANDSAT/LT05/C02/T1_L2,Landsat 5 TM,LANDSAT_5,2005,2000-01-01,2012-12-31,1,104188,424932.0,0.24519
2005-04-25,0.5190609042378768,0.3641635160717426,0.10035035719726633,17,LANDSAT/LT05/C02/T1_L2,Landsat 5 TM,LANDSAT_5,2005,2000-01-01,2012-12-31,1,163295,424932.0,0.38429
2005-05-03,0.5258912735846907,0.3475798352260223,0.13638383537163853,22,LANDSAT/LE07/C02/T1_L2,Landsat 7 ETM+,LANDSAT_7,2005,2000-01-01,2012-12-31,1,153178,424932.0,0.36048
2005-05-03,0.5125748557622591,0.3441618915680635,0.09523783159380664,27,LANDSAT/LE07/C02/T1_L2,Landsat 7 ETM+,LANDSAT_7,2005,2000-01-01,2012-12-31,1,249496,424932.0,0.58714
2005-05-11,0.4934305048543916,0.3429895462926255,0.14714416779517192,0,LANDSAT/LT05/C02/T1_L2,Landsat 5 TM,LANDSAT_5,2005,2000-01-01,2012-12-31,1,182918,424932.0,0.43046
2005-05-11,0.4789229870917323,0.3360244362821676,0.0946261364413543,5,LANDSAT/LT05/C02/T1_L2,Landsat 5 TM,LANDSAT_5,2005,2000-01-01,2012-12-31,1,305215,424932.0,0.71827
2005-05-19,0.4840994239064189,0.3319650915961448,0.14687136331681094,2,LANDSAT/LE07/C02/T1_L2,Landsat 7 ETM+,LANDSAT_7,2005,2000-01-01,2012-12-31,1,137971,424932.0,0.32469
2005-05-19,0.45637822897176217,0.33272851908783,0.09823435335905831,7,LANDSAT/LE07/C02/T1_L2,Landsat 7 ETM+,LANDSAT_7,2005,2000-01-01,2012-12-31,1,160146,424932.0,0.37687
2005-06-12,0.4232305128069709,0.31598394084884696,0.13337686296816031,67,LANDSAT/LT05/C02/T1_L2,Landsat 5 TM,LANDSAT_5,2005,2000-01-01,2012-12-31,1,129164,424932.0,0.30396
2005-06-12,0.37879982438513715,0.2889519068318041,0.09790477663298389,59,LANDSAT/LT05/C02/T1_L2,Landsat 5 TM,LANDSAT_5,2005,2000-01-01,2012-12-31,1,139070,424932.0,0.32728
2005-07-30,0.4003331766618869,0.32057970986915596,0.1157751469244685,68,LANDSAT/LT05/C02/T1_L2,Landsat 5 TM,LANDSAT_5,2005,2000-01-01,2012-12-31,1,24578,424932.0,0.05784
2005-08-31,0.37857208153432276,0.24663325816565018,0.07220135121119917,34,LANDSAT/LT05/C02/T1_L2,Landsat 5 TM,LANDSAT_5,2005,2000-01-01,2012-12-31,1,180574,424932.0,0.42495
2005-08-31,0.3237995985082945,0.21774201761449105,0.03704546426683286,16,LANDSAT/LT05/C02/T1_L2,Landsat 5 TM,LANDSAT_5,2005,2000-01-01,2012-12-31,1,224084,424932.0,0.52734
2005-09-16,0.4539158206085269,0.2894257054341534,0.20386998930648356,11,LANDSAT/LT05/C02/T1_L2,Landsat 5 TM,LANDSAT_5,2005,2000-01-01,2012-12-31,1,112684,424932.0,0.26518
2005-09-16,0.4364682233226196,0.2679291724305413,0.1875813719740701,37,LANDSAT/LT05/C02/T1_L2,Landsat 5 TM,LANDSAT_5,2005,2000-01-01,2012-12-31,1,261872,424932.0,0.61627
2005-11-19,0.6164116829749771,0.45595524628484224,0.3565493284784681,50,LANDSAT/LT05/C02/T1_L2,Landsat 5 TM,LANDSAT_5,2005,2000-01-01,2012-12-31,1,29750,424932.0,0.07001
2005-11-27,0.5018887158896761,0.4017462699958854,0.3481577442510373,44,LANDSAT/LE07/C02/T1_L2,Landsat 7 ETM+,LANDSAT_7,2005,2000-01-01,2012-12-31,1,32062,424932.0,0.07545
2005-12-29,0.6101281290110984,0.43233600576054737,0.3281500895687359,27,LANDSAT/LE07/C02/T1_L2,Landsat 7 ETM+,LANDSAT_7,2005,2000-01-01,2012-12-31,1,17073,424932.0,0.04018
2005-12-29,0.5966088931919765,0.41903220062094876,0.30322880566658855,46,LANDSAT/LE07/C02/T1_L2,Landsat 7 ETM+,LANDSAT_7,2005,2000-01-01,2012-12-31,1,81748,424932.0,0.19238
2006-01-30,0.4678938150741384,0.2858202249715903,0.0679692508241651,3,LANDSAT/LE07/C02/T1_L2,Landsat 7 ETM+,LANDSAT_7,2006,2000-01-01,2012-12-31,1,162634,424932.0,0.38273
2006-01-30,0.46137583034457436,0.2856323430640748,0.07483489804307476,20,LANDSAT/LE07/C02/T1_L2,Landsat 7 ETM+,LANDSAT_7,2006,2000-01-01,2012-12-31,1,253377,424932.0,0.59628
2006-02-07,0.4394690250509324,0.2869290545982322,0.0247806674278401,7,LANDSAT/LT05/C02/T1_L2,Landsat 5 TM,LANDSAT_5,2006,2000-01-01,2012-12-31,1,115175,424932.0,0.27104
2006-02-07,0.4373714288124232,0.28902478920437963,0.03543781660293201,5,LANDSAT/LT05/C02/T1_L2,Landsat 5 TM,LANDSAT_5,2006,2000-01-01,2012-12-31,1,190250,424932.0,0.44772
2006-02-15,0.47394738927433844,0.28564425443157687,0.06634981836961862,19,LANDSAT/LE07/C02/T1_L2,Landsat 7 ETM+,LANDSAT_7,2006,2000-01-01,2012-12-31,1,99990,424932.0,0.23531
2006-02-15,0.4735256554574512,0.2946995178913257,0.06936198298426118,14,LANDSAT/LE07/C02/T1_L2,Landsat 7 ETM+,LANDSAT_7,2006,2000-01-01,2012-12-31,1,218104,424932.0,0.51327
2006-02-23,0.4726266313196454,0.32239132586770874,0.05042330278717663,16,LANDSAT/LT05/C02/T1_L2,Landsat 5 TM,LANDSAT_5,2006,2000-01-01,2012-12-31,1,70882,424932.0,0.16681
2006-02-23,0.42444262096457813,0.2946887207170224,0.04549620897626747,38,LANDSAT/LT05/C02/T1_L2,Landsat 5 TM,LANDSAT_5,2006,2000-01-01,2012-12-31,1,113021,424932.0,0.26597
2006-03-11,0.48303004171151015,0.3865584253466753,0.1367658057190164,57,LANDSAT/LT05/C02/T1_L2,Landsat 5 TM,LANDSAT_5,2006,2000-01-01,2012-12-31,1,32549,424932.0,0.0766
2006-04-04,0.4253286946791222,0.3121354409162185,0.046834947568513974,13,LANDSAT/LE07/C02/T1_L2,Landsat 7 ETM+,LANDSAT_7,2006,2000-01-01,2012-12-31,1,124326,424932.0,0.29258
2006-04-12,0.400495564350779,0.28277826468822453,0.012778320554848706,14,LANDSAT/LT05/C02/T1_L2,Landsat 5 TM,LANDSAT_5,2006,2000-01-01,2012-12-31,1,121934,424932.0,0.28695
2006-04-12,0.41019105527160893,0.29771971476002135,0.02668100602414684,15,LANDSAT/LT05/C02/T1_L2,Landsat 5 TM,LANDSAT_5,2006,2000-01-01,2012-12-31,1,172144,424932.0,0.40511
2006-04-20,0.3965793949729445,0.29648009573523215,0.07201406031356979,33,LANDSAT/LE07/C02/T1_L2,Landsat 7 ETM+,LANDSAT_7,2006,2000-01-01,2012-12-31,1,110086,424932.0,0.25907
2006-04-28,0.37377115866684396,0.257192258061268,0.029099025982503777,14,LANDSAT/LT05/C02/T1_L2,Landsat 5 TM,LANDSAT_5,2006,2000-01-01,2012-12-31,1,162889,424932.0,0.38333
2006-04-28,0.3932338785292928,0.29375478769076985,0.036805150457823746,3,LANDSAT/LT05/C02/T1_L2,Landsat 5 TM,LANDSAT_5,2006,2000-01-01,2012-12-31,1,207224,424932.0,0.48766
2006-05-06,0.37227531322574253,0.27067757728037123,0.052234164112136945,19,LANDSAT/LE07/C02/T1_L2,Landsat 7 ETM+,LANDSAT_7,2006,2000-01-01,2012-12-31,1,73752,424932.0,0.17356
2006-05-06,0.4033518816256606,0.295620478196653,0.06601481106846459,49,LANDSAT/LE07/C02/T1_L2,Landsat 7 ETM+,LANDSAT_7,2006,2000-01-01,2012-12-31,1,185581,424932.0,0.43673
2006-05-14,0.38273051770980554,0.26462790993205876,0.06943149720605465,6,LANDSAT/LT05/C02/T1_L2,Landsat 5 TM,LANDSAT_5,2006,2000-01-01,2012-12-31,1,169764,424932.0,0.39951
2006-05-14,0.3992218926205366,0.30603952830225045,0.05215395743194394,7,LANDSAT/LT05/C02/T1_L2,Landsat 5 TM,LANDSAT_5,2006,2000-01-01,2012-12-31,1,201597,424932.0,0.47442
2006-05-22,0.3712932460274904,0.26302682706640645,0.07658091286063128,45,LANDSAT/LE07/C02/T1_L2,Landsat 7 ETM+,LANDSAT_7,2006,2000-01-01,2012-12-31,1,56028,424932.0,0.13185
2006-05-22,0.3558885630840856,0.26370466087613226,0.04831385582921762,39,LANDSAT/LE07/C02/T1_L2,Landsat 7 ETM+,LANDSAT_7,2006,2000-01-01,2012-12-31,1,63371,424932.0,0.14913
2006-05-30,0.37523911402105875,0.2745939444388569,0.024500570919565333,67,LANDSAT/LT05/C02/T1_L2,Landsat 5 TM,LANDSAT_5,2006,2000-01-01,2012-12-31,1,180933,424932.0,0.42579
2006-06-15,0.47772668536691776,0.3119365971848304,0.1135359787472598,1,LANDSAT/LT05/C02/T1_L2,Landsat 5 TM,LANDSAT_5,2006,2000-01-01,2012-12-31,1,182588,424932.0,0.42969
2006-06-15,0.3674308864088325,0.24666727575289404,0.015575717231441317,1,LANDSAT/LT05/C02/T1_L2,Landsat 5 TM,LANDSAT_5,2006,2000-01-01,2012-12-31,1,304112,424932.0,0.71567
2006-07-17,0.3845841439912987,0.2916528215411895,0.12076207990218851,37,LANDSAT/LT05/C02/T1_L2,Landsat 5 TM,LANDSAT_5,2006,2000-01-01,2012-12-31,1,168671,424932.0,0.39694
2006-07-17,0.29916985555424896,0.22138252411598064,0.0687686350094187,55,LANDSAT/LT05/C02/T1_L2,Landsat 5 TM,LANDSAT_5,2006,2000-01-01,2012-12-31,1,223507,424932.0,0.52598
2006-08-02,0.28146046788884177,0.2223337165154406,0.09715184191152507,66,LANDSAT/LT05/C02/T1_L2,Landsat 5 TM,LANDSAT_5,2006,2000-01-01,2012-12-31,1,117171,424932.0,0.27574
2006-08-18,0.3572825181920466,0.25662885276192343,0.08820605337479291,5,LANDSAT/LT05/C02/T1_L2,Landsat 5 TM,LANDSAT_5,2006,2000-01-01,2012-12-31,1,181502,424932.0,0.42713
2006-08-18,0.36255398433405595,0.25545241219323905,0.09436159108117786,23,LANDSAT/LT05/C02/T1_L2,Landsat 5 TM,LANDSAT_5,2006,2000-01-01,2012-12-31,1,299322,424932.0,0.7044
2006-09-03,0.4170766635889675,0.26743816840684576,0.1789680334190673,20,LANDSAT/LT05/C02/T1_L2,Landsat 5 TM,LANDSAT_5,2006,2000-01-01,2012-12-31,1,182099,424932.0,0.42854
2006-09-03,0.41218276292805583,0.26810039472150377,0.21187738580647164,14,LANDSAT/LT05/C02/T1_L2,Landsat 5 TM,LANDSAT_5,2006,2000-01-01,2012-12-31,1,304315,424932.0,0.71615
2006-10-13,0.4743704767287103,0.33127166957807985,0.32795351965087166,15,LANDSAT/LE07/C02/T1_L2,Landsat 7 ETM+,LANDSAT_7,2006,2000-01-01,2012-12-31,1,68970,424932.0,0.16231
2006-10-13,0.5084028516771893,0.3585473717648423,0.3191712965082786,38,LANDSAT/LE07/C02/T1_L2,Landsat 7 ETM+,LANDSAT_7,2006,2000-01-01,2012-12-31,1,118204,424932.0,0.27817
2006-11-06,0.45191495373955903,0.3823010226531729,0.3554840701118206,44,LANDSAT/LT05/C02/T1_L2,Landsat 5 TM,LANDSAT_5,2006,2000-01-01,2012-12-31,1,63282,424932.0,0.14892
2006-11-06,0.4449594917298322,0.39687532355670146,0.3735865513624016,45,LANDSAT/LT05/C02/T1_L2,Landsat 5 TM,LANDSAT_5,2006,2000-01-01,2012-12-31,1,64996,424932.0,0.15296
2006-11-14,0.6865137671457368,0.3665040829570614,0.39453074648829906,55,LANDSAT/LE07/C02/T1_L2,Landsat 7 ETM+,LANDSAT_7,2006,2000-01-01,2012-12-31,1,188567,424932.0,0.44376
2006-12-08,0.724676396008162,0.48786077267234823,0.3465371055971659,14,LANDSAT/LT05/C02/T1_L2,Landsat 5 TM,LANDSAT_5,2006,2000-01-01,2012-12-31,1,122516,424932.0,0.28832
2006-12-08,0.6992392917501515,0.44229981435244764,0.3472289474374129,5,LANDSAT/LT05/C02/T1_L2,Landsat 5 TM,LANDSAT_5,2006,2000-01-01,2012-12-31,1,261923,424932.0,0.61639
2006-12-16,0.7431933244918064,0.5044920216610747,0.3706830328932695,18,LANDSAT/LE07/C02/T1_L2,Landsat 7 ETM+,LANDSAT_7,2006,2000-01-01,2012-12-31,1,113207,424932.0,0.26641
2006-12-16,0.696114969203918,0.4829720740076259,0.3669467372500922,26,LANDSAT/LE07/C02/T1_L2,Landsat 7 ETM+,LANDSAT_7,2006,2000-01-01,2012-12-31,1,130024,424932.0,0.30599
2006-12-24,0.6402471382491035,0.45393331397839437,0.32634235334647405,70,LANDSAT/LT05/C02/T1_L2,Landsat 5 TM,LANDSAT_5,2006,2000-01-01,2012-12-31,1,55067,424932.0,0.12959
2007-01-01,0.6551347966769426,0.4176122909378661,0.29406957781630266,19,LANDSAT/LE07/C02/T1_L2,Landsat 7 ETM+,LANDSAT_7,2007,2000-01-01,2012-12-31,1,154962,424932.0,0.36467
2007-01-01,0.629873154576867,0.39430439999564904,0.27091596915146005,18,LANDSAT/LE07/C02/T1_L2,Landsat 7 ETM+,LANDSAT_7,2007,2000-01-01,2012-12-31,1,237888,424932.0,0.55983
2007-01-25,0.3926636808539642,0.3047851767624312,0.10478426290902083,27,LANDSAT/LT05/C02/T1_L2,Landsat 5 TM,LANDSAT_5,2007,2000-01-01,2012-12-31,1,100531,424932.0,0.23658
2007-02-02,0.4633465738148274,0.2924254348268833,0.05648986149090781,6,LANDSAT/LE07/C02/T1_L2,Landsat 7 ETM+,LANDSAT_7,2007,2000-01-01,2012-12-31,1,129659,424932.0,0.30513
2007-02-10,0.44608354701254066,0.3224704957931815,0.0922478814616728,20,LANDSAT/LT05/C02/T1_L2,Landsat 5 TM,LANDSAT_5,2007,2000-01-01,2012-12-31,1,39743,424932.0,0.09353
2007-02-10,0.4188693180821426,0.312051007932166,0.10875647331301996,62,LANDSAT/LT05/C02/T1_L2,Landsat 5 TM,LANDSAT_5,2007,2000-01-01,2012-12-31,1,80207,424932.0,0.18875
2007-02-26,0.4869609383107793,0.36356929190110066,0.09716600027767669,30,LANDSAT/LT05/C02/T1_L2,Landsat 5 TM,LANDSAT_5,2007,2000-01-01,2012-12-31,1,154,424932.0,0.00036
2007-02-26,0.42711599190251887,0.3417440053830495,0.10939570585924537,51,LANDSAT/LT05/C02/T1_L2,Landsat 5 TM,LANDSAT_5,2007,2000-01-01,2012-12-31,1,21710,424932.0,0.05109
2007-03-06,0.5576027227395032,0.40638850205125654,0.12470060106853502,24,LANDSAT/LE07/C02/T1_L2,Landsat 7 ETM+,LANDSAT_7,2007,2000-01-01,2012-12-31,1,98888,424932.0,0.23271
2007-03-06,0.4915700241086265,0.3319583971459771,0.07858677443504822,15,LANDSAT/LE07/C02/T1_L2,Landsat 7 ETM+,LANDSAT_7,2007,2000-01-01,2012-12-31,1,228187,424932.0,0.537
2007-03-14,0.49077715550957046,0.38001353177146485,0.09252578682488863,23,LANDSAT/LT05/C02/T1_L2,Landsat 5 TM,LANDSAT_5,2007,2000-01-01,2012-12-31,1,52565,424932.0,0.1237
2007-03-14,0.4409149552636604,0.3250556747589398,0.05385706654496555,19,LANDSAT/LT05/C02/T1_L2,Landsat 5 TM,LANDSAT_5,2007,2000-01-01,2012-12-31,1,96674,424932.0,0.2275
2007-03-22,0.44175132708295467,0.29839697309358504,0.02658995665855206,3,LANDSAT/LE07/C02/T1_L2,Landsat 7 ETM+,LANDSAT_7,2007,2000-01-01,2012-12-31,1,155879,424932.0,0.36683
2007-03-22,0.3977337125146988,0.26970795642116663,0.003469308322946612,3,LANDSAT/LE07/C02/T1_L2,Landsat 7 ETM+,LANDSAT_7,2007,2000-01-01,2012-12-31,1,219943,424932.0,0.5176
2007-03-30,0.37923781823139235,0.2564807380494909,-0.026680536286168968,3,LANDSAT/LT05/C02/T1_L2,Landsat 5 TM,LANDSAT_5,2007,2000-01-01,2012-12-31,1,138808,424932.0,0.32666
2007-04-15,0.337611186831446,0.24340077242755234,-0.008766002127162357,54,LANDSAT/LT05/C02/T1_L2,Landsat 5 TM,LANDSAT_5,2007,2000-01-01,2012-12-31,1,87343,424932.0,0.20555
2007-04-15,0.331064733800014,0.24980559193341162,-0.006620661977001649,47,LANDSAT/LT05/C02/T1_L2,Landsat 5 TM,LANDSAT_5,2007,2000-01-01,2012-12-31,1,117048,424932.0,0.27545
2007-05-01,0.35384437812298736,0.2353128069291256,0.0017970727109133079,4,LANDSAT/LT05/C02/T1_L2,Landsat 5 TM,LANDSAT_5,2007,2000-01-01,2012-12-31,1,178547,424932.0,0.42018
2007-05-01,0.3578406476288017,0.2519016481535443,-0.011073563663726202,11,LANDSAT/LT05/C02/T1_L2,Landsat 5 TM,LANDSAT_5,2007,2000-01-01,2012-12-31,1,219876,424932.0,0.51744
2007-05-09,0.34561677209804303,0.24299471710553747,0.034699342473222615,45,LANDSAT/LE07/C02/T1_L2,Landsat 7 ETM+,LANDSAT_7,2007,2000-01-01,2012-12-31,1,54188,424932.0,0.12752
2007-05-17,0.33274256065090874,0.23135659049784452,0.04574370636891394,7,LANDSAT/LT05/C02/T1_L2,Landsat 5 TM,LANDSAT_5,2007,2000-01-01,2012-12-31,1,184821,424932.0,0.43494
2007-05-17,0.3319741037812018,0.2486165309551858,0.019054358983194786,15,LANDSAT/LT05/C02/T1_L2,Landsat 5 TM,LANDSAT_5,2007,2000-01-01,2012-12-31,1,189777,424932.0,0.44661
2007-06-02,0.36559819022972145,0.24517695396714181,0.057922708461132774,0,LANDSAT/LT05/C02/T1_L2,Landsat 5 TM,LANDSAT_5,2007,2000-01-01,2012-12-31,1,196061,424932.0,0.46139
2007-06-02,0.3261719326941343,0.22997691731592787,-0.010486913165866682,3,LANDSAT/LT05/C02/T1_L2,Landsat 5 TM,LANDSAT_5,2007,2000-01-01,2012-12-31,1,277521,424932.0,0.6531
2007-07-04,0.397554686085213,0.3052072441265759,0.07449320509180352,49,LANDSAT/LT05/C02/T1_L2,Landsat 5 TM,LANDSAT_5,2007,2000-01-01,2012-12-31,1,47523,424932.0,0.11184
2007-07-20,0.2803037684399985,0.23048611511652575,0.0293737910734195,39,LANDSAT/LT05/C02/T1_L2,Landsat 5 TM,LANDSAT_5,2007,2000-01-01,2012-12-31,1,19344,424932.0,0.04552
2007-08-05,0.38756579733519003,0.2885098723114661,0.10705599148968413,69,LANDSAT/LT05/C02/T1_L2,Landsat 5 TM,LANDSAT_5,2007,2000-01-01,2012-12-31,1,57873,424932.0,0.13619
2007-08-21,0.4202770576685485,0.28179200189426507,0.1677956931671416,69,LANDSAT/LT05/C02/T1_L2,Landsat 5 TM,LANDSAT_5,2007,2000-01-01,2012-12-31,1,59928,424932.0,0.14103
2007-08-21,0.4009677476859461,0.26126673908432785,0.09760226419006778,20,LANDSAT/LT05/C02/T1_L2,Landsat 5 TM,LANDSAT_5,2007,2000-01-01,2012-12-31,1,222301,424932.0,0.52314
2007-08-28,0.6582824379663426,0.43532864577741137,0.2745330425789157,25,LANDSAT/LT05/C02/T1_L2,Landsat 5 TM,LANDSAT_5,2007,2000-01-01,2012-12-31,1,46,424932.0,0.00011
2007-08-29,0.4729571034902565,0.29569160874674627,0.19666159813653875,34,LANDSAT/LE07/C02/T1_L2,Landsat 7 ETM+,LANDSAT_7,2007,2000-01-01,2012-12-31,1,130522,424932.0,0.30716
2007-08-29,0.41926690679266077,0.26245553925886583,0.18470120097009743,22,LANDSAT/LE07/C02/T1_L2,Landsat 7 ETM+,LANDSAT_7,2007,2000-01-01,2012-12-31,1,146442,424932.0,0.34462
2007-09-22,0.4206158791519272,0.3190062961191662,0.32276315555268426,59,LANDSAT/LT05/C02/T1_L2,Landsat 5 TM,LANDSAT_5,2007,2000-01-01,2012-12-31,1,90148,424932.0,0.21215
2007-09-30,0.43521187224710794,0.27442663644394316,0.3507029706829567,47,LANDSAT/LE07/C02/T1_L2,Landsat 7 ETM+,LANDSAT_7,2007,2000-01-01,2012-12-31,1,156365,424932.0,0.36798
2007-09-30,0.4324133970746777,0.26901210117784996,0.34616893601558435,27,LANDSAT/LE07/C02/T1_L2,Landsat 7 ETM+,LANDSAT_7,2007,2000-01-01,2012-12-31,1,250448,424932.0,0.58938
2007-10-16,0.5088167797963256,0.3262266193878999,0.33254872253063156,41,LANDSAT/LE07/C02/T1_L2,Landsat 7 ETM+,LANDSAT_7,2007,2000-01-01,2012-12-31,1,132041,424932.0,0.31073
2007-10-16,0.5285562738070567,0.34500848077054563,0.33627995184587284,32,LANDSAT/LE07/C02/T1_L2,Landsat 7 ETM+,LANDSAT_7,2007,2000-01-01,2012-12-31,1,199505,424932.0,0.4695
2007-11-17,0.7245964059477771,0.430574834278575,0.32904935961957055,1,LANDSAT/LE07/C02/T1_L2,Landsat 7 ETM+,LANDSAT_7,2007,2000-01-01,2012-12-31,1,164457,424932.0,0.38702
2007-11-17,0.7192188853136017,0.43044506687067674,0.3399476536779483,2,LANDSAT/LE07/C02/T1_L2,Landsat 7 ETM+,LANDSAT_7,2007,2000-01-01,2012-12-31,1,268410,424932.0,0.63165
2007-12-03,0.613813618062393,0.4833043982661325,0.3429598828838798,56,LANDSAT/LE07/C02/T1_L2,Landsat 7 ETM+,LANDSAT_7,2007,2000-01-01,2012-12-31,1,10165,424932.0,0.02392
2008-01-20,0.5278681656219175,0.30439056063967274,0.13487043397998216,0,LANDSAT/LE07/C02/T1_L2,Landsat 7 ETM+,LANDSAT_7,2008,2000-01-01,2012-12-31,1,161755,424932.0,0.38066
2008-01-20,0.5202631592694269,0.2971023843279463,0.14044826648131525,0,LANDSAT/LE07/C02/T1_L2,Landsat 7 ETM+,LANDSAT_7,2008,2000-01-01,2012-12-31,1,269093,424932.0,0.63326
2008-02-05,0.3851749960974696,0.2854683259011768,0.09306156255022376,15,LANDSAT/LE07/C02/T1_L2,Landsat 7 ETM+,LANDSAT_7,2008,2000-01-01,2012-12-31,1,64838,424932.0,0.15258
2008-02-05,0.4285566458772546,0.2961417717061338,0.10268228652547362,17,LANDSAT/LE07/C02/T1_L2,Landsat 7 ETM+,LANDSAT_7,2008,2000-01-01,2012-12-31,1,105359,424932.0,0.24794
2008-02-21,0.5514686950528495,0.37173339789373755,0.10421580659047391,9,LANDSAT/LE07/C02/T1_L2,Landsat 7 ETM+,LANDSAT_7,2008,2000-01-01,2012-12-31,1,109226,424932.0,0.25704
2008-02-21,0.5273087828446575,0.34910481071583066,0.09997307080021484,11,LANDSAT/LE07/C02/T1_L2,Landsat 7 ETM+,LANDSAT_7,2008,2000-01-01,2012-12-31,1,183232,424932.0,0.4312
2008-03-08,0.5820524309539195,0.40313598771405135,0.13774514972329893,2,LANDSAT/LE07/C02/T1_L2,Landsat 7 ETM+,LANDSAT_7,2008,2000-01-01,2012-12-31,1,123716,424932.0,0.29114
2008-03-08,0.5469511308073429,0.37619009453048724,0.12788222716438286,7,LANDSAT/LE07/C02/T1_L2,Landsat 7 ETM+,LANDSAT_7,2008,2000-01-01,2012-12-31,1,212035,424932.0,0.49899
2008-04-01,0.39762755679162975,0.2898726702140266,0.14337903579962447,70,LANDSAT/LT05/C02/T1_L2,Landsat 5 TM,LANDSAT_5,2008,2000-01-01,2012-12-31,1,4,424932.0,1e-05
2008-04-09,0.5109601995333368,0.3438986523479944,0.06553564805912045,33,LANDSAT/LE07/C02/T1_L2,Landsat 7 ETM+,LANDSAT_7,2008,2000-01-01,2012-12-31,1,56577,424932.0,0.13314
2008-04-09,0.497612134996385,0.35169568617885033,0.10677752970768946,36,LANDSAT/LE07/C02/T1_L2,Landsat 7 ETM+,LANDSAT_7,2008,2000-01-01,2012-12-31,1,83857,424932.0,0.19734
2008-04-17,0.4803356663768911,0.3320475898252231,0.05885611847175214,23,LANDSAT/LT05/C02/T1_L2,Landsat 5 TM,LANDSAT_5,2008,2000-01-01,2012-12-31,1,88535,424932.0,0.20835
2008-04-17,0.46963199845892756,0.34633778603916054,0.08687843705490332,28,LANDSAT/LT05/C02/T1_L2,Landsat 5 TM,LANDSAT_5,2008,2000-01-01,2012-12-31,1,102287,424932.0,0.24071
2008-05-03,0.39555736851017625,0.27136282059701433,0.04694663544730611,10,LANDSAT/LT05/C02/T1_L2,Landsat 5 TM,LANDSAT_5,2008,2000-01-01,2012-12-31,1,186402,424932.0,0.43866
2008-05-03,0.4044504063703116,0.28189053476028597,0.0256584491937013,15,LANDSAT/LT05/C02/T1_L2,Landsat 5 TM,LANDSAT_5,2008,2000-01-01,2012-12-31,1,305312,424932.0,0.7185
2008-05-11,0.3941210083159839,0.27207634956223686,0.056488245244657585,21,LANDSAT/LE07/C02/T1_L2,Landsat 7 ETM+,LANDSAT_7,2008,2000-01-01,2012-12-31,1,129368,424932.0,0.30444
2008-05-11,0.379025102379431,0.2747705783309818,0.022053317596201227,35,LANDSAT/LE07/C02/T1_L2,Landsat 7 ETM+,LANDSAT_7,2008,2000-01-01,2012-12-31,1,91867,424932.0,0.21619
2008-05-19,0.3812714511446847,0.2636876020546683,0.07289439905099827,31,LANDSAT/LT05/C02/T1_L2,Landsat 5 TM,LANDSAT_5,2008,2000-01-01,2012-12-31,1,184968,424932.0,0.43529
2008-05-19,0.3775640790245288,0.2632989777543336,0.01505104656949245,16,LANDSAT/LT05/C02/T1_L2,Landsat 5 TM,LANDSAT_5,2008,2000-01-01,2012-12-31,1,298673,424932.0,0.70287
2008-05-27,0.4067224941692669,0.2821825275474328,0.09688033651298605,53,LANDSAT/LE07/C02/T1_L2,Landsat 7 ETM+,LANDSAT_7,2008,2000-01-01,2012-12-31,1,130040,424932.0,0.30603
2008-05-27,0.371170197129858,0.26172559552482616,0.018178489249138355,6,LANDSAT/LE07/C02/T1_L2,Landsat 7 ETM+,LANDSAT_7,2008,2000-01-01,2012-12-31,1,238565,424932.0,0.56142
2008-06-20,0.4151335803069781,0.2865128157236999,0.08457699921996427,44,LANDSAT/LT05/C02/T1_L2,Landsat 5 TM,LANDSAT_5,2008,2000-01-01,2012-12-31,1,102156,424932.0,0.24041
2008-06-20,0.3482659752869736,0.23742128428348325,0.0055361757500337295,6,LANDSAT/LT05/C02/T1_L2,Landsat 5 TM,LANDSAT_5,2008,2000-01-01,2012-12-31,1,283460,424932.0,0.66707
2008-07-06,0.4036436196532891,0.28725364460782166,0.1042705304429444,14,LANDSAT/LT05/C02/T1_L2,Landsat 5 TM,LANDSAT_5,2008,2000-01-01,2012-12-31,1,183462,424932.0,0.43174
2008-07-06,0.32707264745919096,0.2299455241387159,0.044162064489400674,26,LANDSAT/LT05/C02/T1_L2,Landsat 5 TM,LANDSAT_5,2008,2000-01-01,2012-12-31,1,257091,424932.0,0.60502
2008-07-22,0.42206021889667944,0.2998436775689497,0.11429493201045779,15,LANDSAT/LT05/C02/T1_L2,Landsat 5 TM,LANDSAT_5,2008,2000-01-01,2012-12-31,1,150455,424932.0,0.35407
2008-07-22,0.32756877764861714,0.22256801130465284,0.07379265326408302,28,LANDSAT/LT05/C02/T1_L2,Landsat 5 TM,LANDSAT_5,2008,2000-01-01,2012-12-31,1,243913,424932.0,0.574
2008-08-07,0.4209399194189517,0.281230880514884,0.08327508870544335,5,LANDSAT/LT05/C02/T1_L2,Landsat 5 TM,LANDSAT_5,2008,2000-01-01,2012-12-31,1,187693,424932.0,0.4417
2008-08-07,0.3895704573256787,0.2580497785298471,0.0782750511192341,47,LANDSAT/LT05/C02/T1_L2,Landsat 5 TM,LANDSAT_5,2008,2000-01-01,2012-12-31,1,293697,424932.0,0.69116
2008-08-23,0.40089207037486496,0.2658497117675233,0.11392801916989774,6,LANDSAT/LT05/C02/T1_L2,Landsat 5 TM,LANDSAT_5,2008,2000-01-01,2012-12-31,1,169630,424932.0,0.39919
2008-08-23,0.43177248304560883,0.2784706285899647,0.1883903214857112,23,LANDSAT/LT05/C02/T1_L2,Landsat 5 TM,LANDSAT_5,2008,2000-01-01,2012-12-31,1,292981,424932.0,0.68948
2008-09-24,0.41494377157365586,0.28237540710760767,0.21766026485243622,40,LANDSAT/LT05/C02/T1_L2,Landsat 5 TM,LANDSAT_5,2008,2000-01-01,2012-12-31,1,101021,424932.0,0.23773
2008-09-24,0.39071724332004987,0.3147028053563842,0.27341557189721627,66,LANDSAT/LT05/C02/T1_L2,Landsat 5 TM,LANDSAT_5,2008,2000-01-01,2012-12-31,1,43372,424932.0,0.10207
2008-10-10,0.42709619423798695,0.2878615922062446,0.29286520841170605,21,LANDSAT/LT05/C02/T1_L2,Landsat 5 TM,LANDSAT_5,2008,2000-01-01,2012-12-31,1,69747,424932.0,0.16414
2008-10-10,0.43365597443028525,0.3050164436247344,0.26782281223897053,18,LANDSAT/LT05/C02/T1_L2,Landsat 5 TM,LANDSAT_5,2008,2000-01-01,2012-12-31,1,99845,424932.0,0.23497
2008-10-18,0.3305686411785878,0.5233791579777657,0.32998191340959776,67,LANDSAT/LE07/C02/T1_L2,Landsat 7 ETM+,LANDSAT_7,2008,2000-01-01,2012-12-31,1,13170,424932.0,0.03099
2008-11-03,0.6080547447059408,0.3708249720214549,0.27929609577521586,0,LANDSAT/LE07/C02/T1_L2,Landsat 7 ETM+,LANDSAT_7,2008,2000-01-01,2012-12-31,1,158067,424932.0,0.37198
2008-11-03,0.6024593761486126,0.3585044048155407,0.28384000880380683,0,LANDSAT/LE07/C02/T1_L2,Landsat 7 ETM+,LANDSAT_7,2008,2000-01-01,2012-12-31,1,266556,424932.0,0.62729
2008-11-11,0.6368699670559701,0.4054889665657954,0.303240833164062,22,LANDSAT/LT05/C02/T1_L2,Landsat 5 TM,LANDSAT_5,2008,2000-01-01,2012-12-31,1,121052,424932.0,0.28487
2008-11-11,0.5958663036514932,0.3973935820915747,0.29235820513881944,54,LANDSAT/LT05/C02/T1_L2,Landsat 5 TM,LANDSAT_5,2008,2000-01-01,2012-12-31,1,126049,424932.0,0.29663
2008-11-18,0.7055761505924475,0.45528402205046065,0.3990124802385764,39,LANDSAT/LT05/C02/T1_L2,Landsat 5 TM,LANDSAT_5,2008,2000-01-01,2012-12-31,1,13,424932.0,3e-05
2008-12-04,0.7979572571272537,0.424555158917853,0.3000212112029973,0,LANDSAT/LT05/C02/T1_L2,Landsat 5 TM,LANDSAT_5,2008,2000-01-01,2012-12-31,1,5,424932.0,1e-05
2008-12-13,0.35259809311076723,0.3206227975523888,0.2511773922606277,63,LANDSAT/LT05/C02/T1_L2,Landsat 5 TM,LANDSAT_5,2008,2000-01-01,2012-12-31,1,56788,424932.0,0.13364
2008-12-21,0.6434684127967686,0.399079073065971,0.3040445556517385,21,LANDSAT/LE07/C02/T1_L2,Landsat 7 ETM+,LANDSAT_7,2008,2000-01-01,2012-12-31,1,60754,424932.0,0.14297
2008-12-21,0.5120898914727681,0.33222960574769633,0.2898580455756662,30,LANDSAT/LE07/C02/T1_L2,Landsat 7 ETM+,LANDSAT_7,2008,2000-01-01,2012-12-31,1,103277,424932.0,0.24304
2008-12-29,0.6559803097051762,0.3772783765040654,0.2725172823494351,3,LANDSAT/LT05/C02/T1_L2,Landsat 5 TM,LANDSAT_5,2008,2000-01-01,2012-12-31,1,186592,424932.0,0.43911
2008-12-29,0.6080436254738745,0.3392399531028913,0.24975103086611128,16,LANDSAT/LT05/C02/T1_L2,Landsat 5 TM,LANDSAT_5,2008,2000-01-01,2012-12-31,1,303691,424932.0,0.71468
2009-01-06,0.6388446767228942,0.3791345412749144,0.2515586477798585,12,LANDSAT/LE07/C02/T1_L2,Landsat 7 ETM+,LANDSAT_7,2009,2000-01-01,2012-12-31,1,147338,424932.0,0.34673
2009-01-06,0.6151690284385362,0.35714977965409767,0.2250958465756081,25,LANDSAT/LE07/C02/T1_L2,Landsat 7 ETM+,LANDSAT_7,2009,2000-01-01,2012-12-31,1,246009,424932.0,0.57894
2009-01-14,0.5678474893501255,0.35852781575825077,0.20842902096249624,5,LANDSAT/LT05/C02/T1_L2,Landsat 5 TM,LANDSAT_5,2009,2000-01-01,2012-12-31,1,121081,424932.0,0.28494
2009-01-14,0.5564578661454141,0.34429988550602036,0.1957341945935235,10,LANDSAT/LT05/C02/T1_L2,Landsat 5 TM,LANDSAT_5,2009,2000-01-01,2012-12-31,1,251277,424932.0,0.59133
2009-01-22,0.5140340234396816,0.3438214014341492,0.16653230861235016,27,LANDSAT/LE07/C02/T1_L2,Landsat 7 ETM+,LANDSAT_7,2009,2000-01-01,2012-12-31,1,83221,424932.0,0.19585
2009-01-22,0.5394907562216493,0.33708209230680586,0.17247455909606638,35,LANDSAT/LE07/C02/T1_L2,Landsat 7 ETM+,LANDSAT_7,2009,2000-01-01,2012-12-31,1,161325,424932.0,0.37965
2009-01-30,0.4796340246750292,0.2924694435518423,0.09866263397714468,19,LANDSAT/LT05/C02/T1_L2,Landsat 5 TM,LANDSAT_5,2009,2000-01-01,2012-12-31,1,176225,424932.0,0.41471
2009-01-30,0.4468999452323659,0.2955510006220853,0.12746528578370614,23,LANDSAT/LT05/C02/T1_L2,Landsat 5 TM,LANDSAT_5,2009,2000-01-01,2012-12-31,1,232979,424932.0,0.54827
2009-02-07,0.481095271619998,0.3168153637963721,0.08183933904034177,11,LANDSAT/LE07/C02/T1_L2,Landsat 7 ETM+,LANDSAT_7,2009,2000-01-01,2012-12-31,1,47780,424932.0,0.11244
2009-02-07,0.4973904116965336,0.3172228704525226,0.12221714674723132,11,LANDSAT/LE07/C02/T1_L2,Landsat 7 ETM+,LANDSAT_7,2009,2000-01-01,2012-12-31,1,134191,424932.0,0.31579
2009-02-15,0.47293354478640387,0.28545109638894023,0.03342441618091131,0,LANDSAT/LT05/C02/T1_L2,Landsat 5 TM,LANDSAT_5,2009,2000-01-01,2012-12-31,1,189579,424932.0,0.44614
2009-02-15,0.48435317196924277,0.29147353304771845,0.06251173651607095,2,LANDSAT/LT05/C02/T1_L2,Landsat 5 TM,LANDSAT_5,2009,2000-01-01,2012-12-31,1,298899,424932.0,0.7034
2009-02-23,0.48340671541073443,0.3071195991324995,0.04423534579451943,8,LANDSAT/LE07/C02/T1_L2,Landsat 7 ETM+,LANDSAT_7,2009,2000-01-01,2012-12-31,1,84513,424932.0,0.19889
2009-02-23,0.479650412190127,0.30945273828442793,0.06284263586937461,14,LANDSAT/LE07/C02/T1_L2,Landsat 7 ETM+,LANDSAT_7,2009,2000-01-01,2012-12-31,1,122473,424932.0,0.28822
2009-03-03,0.44436520014274433,0.292779306268951,0.03735618795966209,3,LANDSAT/LT05/C02/T1_L2,Landsat 5 TM,LANDSAT_5,2009,2000-01-01,2012-12-31,1,151516,424932.0,0.35657
2009-03-03,0.43061851385023703,0.276574668357514,0.04133759404780176,4,LANDSAT/LT05/C02/T1_L2,Landsat 5 TM,LANDSAT_5,2009,2000-01-01,2012-12-31,1,289402,424932.0,0.68105
2009-04-04,0.48498140153523,0.305593704043763,0.052401863194936886,2,LANDSAT/LT05/C02/T1_L2,Landsat 5 TM,LANDSAT_5,2009,2000-01-01,2012-12-31,1,183547,424932.0,0.43194
2009-04-04,0.4669937530621149,0.29920426076562967,0.038016746233412835,13,LANDSAT/LT05/C02/T1_L2,Landsat 5 TM,LANDSAT_5,2009,2000-01-01,2012-12-31,1,288686,424932.0,0.67937
2009-04-20,0.4825355932759364,0.318900109797013,0.09351948429854755,10,LANDSAT/LT05/C02/T1_L2,Landsat 5 TM,LANDSAT_5,2009,2000-01-01,2012-12-31,1,180367,424932.0,0.42446
2009-04-20,0.4922202139962501,0.3327197344998611,0.08070170105347976,6,LANDSAT/LT05/C02/T1_L2,Landsat 5 TM,LANDSAT_5,2009,2000-01-01,2012-12-31,1,263808,424932.0,0.62082
2009-05-06,0.41967454137268095,0.2907328279763951,0.06668848666462128,3,LANDSAT/LT05/C02/T1_L2,Landsat 5 TM,LANDSAT_5,2009,2000-01-01,2012-12-31,1,173132,424932.0,0.40743
2009-05-06,0.4221954904031671,0.2946044360020856,0.04307188470611667,8,LANDSAT/LT05/C02/T1_L2,Landsat 5 TM,LANDSAT_5,2009,2000-01-01,2012-12-31,1,288861,424932.0,0.67978
2009-06-23,0.43169119247510496,0.36475704135333703,0.18981638791186523,41,LANDSAT/LT05/C02/T1_L2,Landsat 5 TM,LANDSAT_5,2009,2000-01-01,2012-12-31,1,3713,424932.0,0.00874
2009-06-23,0.3227218270129791,0.24368489306778973,0.03419385043633328,50,LANDSAT/LT05/C02/T1_L2,Landsat 5 TM,LANDSAT_5,2009,2000-01-01,2012-12-31,1,138387,424932.0,0.32567
2009-07-09,0.3156721826158493,0.2543526051960061,0.0713550836339072,61,LANDSAT/LT05/C02/T1_L2,Landsat 5 TM,LANDSAT_5,2009,2000-01-01,2012-12-31,1,44278,424932.0,0.1042
2009-07-25,0.3439424587209112,0.2545915884939662,0.06699401779902016,18,LANDSAT/LT05/C02/T1_L2,Landsat 5 TM,LANDSAT_5,2009,2000-01-01,2012-12-31,1,173503,424932.0,0.40831
2009-07-25,0.28356789686707734,0.20267976802828214,-0.011388025732141961,8,LANDSAT/LT05/C02/T1_L2,Landsat 5 TM,LANDSAT_5,2009,2000-01-01,2012-12-31,1,263551,424932.0,0.62022
2009-08-26,0.49323982295657726,0.3818474905183516,0.20057868222224562,64,LANDSAT/LT05/C02/T1_L2,Landsat 5 TM,LANDSAT_5,2009,2000-01-01,2012-12-31,1,9653,424932.0,0.02272
2009-08-26,0.34884350830913835,0.2667544682139822,0.11170085327926915,68,LANDSAT/LT05/C02/T1_L2,Landsat 5 TM,LANDSAT_5,2009,2000-01-01,2012-12-31,1,486,424932.0,0.00114
2009-09-11,0.39918070213696644,0.26444223276464474,0.09780735964930021,1,LANDSAT/LT05/C02/T1_L2,Landsat 5 TM,LANDSAT_5,2009,2000-01-01,2012-12-31,1,186768,424932.0,0.43952
2009-09-11,0.3784547310244429,0.2533774726777479,0.07495694256856394,4,LANDSAT/LT05/C02/T1_L2,Landsat 5 TM,LANDSAT_5,2009,2000-01-01,2012-12-31,1,271128,424932.0,0.63805
2009-09-27,0.36457354546225823,0.26143064135901456,0.16657412789004486,46,LANDSAT/LT05/C02/T1_L2,Landsat 5 TM,LANDSAT_5,2009,2000-01-01,2012-12-31,1,54160,424932.0,0.12746
2009-10-13,0.4384014653933696,0.2827082516113662,0.29148564087241174,19,LANDSAT/LT05/C02/T1_L2,Landsat 5 TM,LANDSAT_5,2009,2000-01-01,2012-12-31,1,71754,424932.0,0.16886
2009-10-13,0.4168923623062056,0.270783049007659,0.2954863762794786,28,LANDSAT/LT05/C02/T1_L2,Landsat 5 TM,LANDSAT_5,2009,2000-01-01,2012-12-31,1,141030,424932.0,0.33189
2009-11-22,0.7102139902146487,0.4236706866632737,0.42642850493406215,39,LANDSAT/LE07/C02/T1_L2,Landsat 7 ETM+,LANDSAT_7,2009,2000-01-01,2012-12-31,1,81580,424932.0,0.19198
2009-12-08,0.8190413533651534,0.48814353267533944,0.3846801322812698,35,LANDSAT/LE07/C02/T1_L2,Landsat 7 ETM+,LANDSAT_7,2009,2000-01-01,2012-12-31,1,57709,424932.0,0.13581
2009-12-08,0.7617915110266965,0.4368796177765684,0.361046393649803,23,LANDSAT/LE07/C02/T1_L2,Landsat 7 ETM+,LANDSAT_7,2009,2000-01-01,2012-12-31,1,216571,424932.0,0.50966
2009-12-24,0.7367171329568741,0.4819552031088806,0.35566952807082497,47,LANDSAT/LE07/C02/T1_L2,Landsat 7 ETM+,LANDSAT_7,2009,2000-01-01,2012-12-31,1,5238,424932.0,0.01233
2010-01-17,0.5587808262140437,0.3696379856815646,0.21380322542354055,14,LANDSAT/LT05/C02/T1_L2,Landsat 5 TM,LANDSAT_5,2010,2000-01-01,2012-12-31,1,91612,424932.0,0.21559
2010-01-17,0.6009114934003483,0.3737589056121247,0.22592380733780293,19,LANDSAT/LT05/C02/T1_L2,Landsat 5 TM,LANDSAT_5,2010,2000-01-01,2012-12-31,1,189506,424932.0,0.44597
2010-01-25,0.5006827630705339,0.30967402727577975,0.1585085062122544,19,LANDSAT/LE07/C02/T1_L2,Landsat 7 ETM+,LANDSAT_7,2010,2000-01-01,2012-12-31,1,45039,424932.0,0.10599
2010-01-25,0.5407497995218705,0.32054788229122183,0.18718178907717029,21,LANDSAT/LE07/C02/T1_L2,Landsat 7 ETM+,LANDSAT_7,2010,2000-01-01,2012-12-31,1,95693,424932.0,0.2252
2010-02-02,0.4229277073335908,0.2865373435644023,0.06306071719996323,7,LANDSAT/LT05/C02/T1_L2,Landsat 5 TM,LANDSAT_5,2010,2000-01-01,2012-12-31,1,117429,424932.0,0.27635
2010-02-02,0.44036023573588856,0.29046485281179507,0.08272796054218437,7,LANDSAT/LT05/C02/T1_L2,Landsat 5 TM,LANDSAT_5,2010,2000-01-01,2012-12-31,1,241628,424932.0,0.56863
2010-02-10,0.45238252609267304,0.2847416856906296,0.05368793593896349,14,LANDSAT/LE07/C02/T1_L2,Landsat 7 ETM+,LANDSAT_7,2010,2000-01-01,2012-12-31,1,69639,424932.0,0.16388
2010-02-10,0.4721666350403579,0.2953624343368834,0.06062608655575593,28,LANDSAT/LE07/C02/T1_L2,Landsat 7 ETM+,LANDSAT_7,2010,2000-01-01,2012-12-31,1,131443,424932.0,0.30933
2010-02-18,0.4423673931107054,0.3015278814170756,0.042538328376369255,21,LANDSAT/LT05/C02/T1_L2,Landsat 5 TM,LANDSAT_5,2010,2000-01-01,2012-12-31,1,67182,424932.0,0.1581
2010-02-18,0.4402175295838431,0.29794447002712726,0.05129268359842869,20,LANDSAT/LT05/C02/T1_L2,Landsat 5 TM,LANDSAT_5,2010,2000-01-01,2012-12-31,1,114743,424932.0,0.27003
2010-02-26,0.4186810994026548,0.3147655830395161,0.08266787583165404,19,LANDSAT/LE07/C02/T1_L2,Landsat 7 ETM+,LANDSAT_7,2010,2000-01-01,2012-12-31,1,59095,424932.0,0.13907
2010-02-26,0.4472572727602406,0.3282055128190473,0.07184012721007059,15,LANDSAT/LE07/C02/T1_L2,Landsat 7 ETM+,LANDSAT_7,2010,2000-01-01,2012-12-31,1,93696,424932.0,0.2205
2010-03-14,0.4314966665078803,0.302940002636695,0.052184109645747004,34,LANDSAT/LE07/C02/T1_L2,Landsat 7 ETM+,LANDSAT_7,2010,2000-01-01,2012-12-31,1,21055,424932.0,0.04955
2010-03-14,0.42444518300338974,0.29961854502404855,0.05469648078076476,22,LANDSAT/LE07/C02/T1_L2,Landsat 7 ETM+,LANDSAT_7,2010,2000-01-01,2012-12-31,1,110893,424932.0,0.26097
2010-03-30,0.4131377600845532,0.2638927392238454,-0.0008878015374058941,6,LANDSAT/LE07/C02/T1_L2,Landsat 7 ETM+,LANDSAT_7,2010,2000-01-01,2012-12-31,1,163809,424932.0,0.38549
2010-03-30,0.40382154564853684,0.25977818792347307,-0.00818451788893156,9,LANDSAT/LE07/C02/T1_L2,Landsat 7 ETM+,LANDSAT_7,2010,2000-01-01,2012-12-31,1,257252,424932.0,0.6054
2010-05-25,0.4373937406431278,0.309588791468629,0.12177166910004493,26,LANDSAT/LT05/C02/T1_L2,Landsat 5 TM,LANDSAT_5,2010,2000-01-01,2012-12-31,1,175112,424932.0,0.41209
2010-06-02,0.45865298790784237,0.3119628528761344,0.09522113448676553,0,LANDSAT/LE07/C02/T1_L2,Landsat 7 ETM+,LANDSAT_7,2010,2000-01-01,2012-12-31,1,152628,424932.0,0.35918
2010-10-16,0.49724996973044494,0.29614962271284134,0.31398476362837763,7,LANDSAT/LT05/C02/T1_L2,Landsat 5 TM,LANDSAT_5,2010,2000-01-01,2012-12-31,1,143495,424932.0,0.33769
2010-10-16,0.4937393210649304,0.28902631289630926,0.3061943576044617,0,LANDSAT/LT05/C02/T1_L2,Landsat 5 TM,LANDSAT_5,2010,2000-01-01,2012-12-31,1,305924,424932.0,0.71994
2010-10-24,0.546127508771822,0.32159599348220014,0.3001145219578784,35,LANDSAT/LE07/C02/T1_L2,Landsat 7 ETM+,LANDSAT_7,2010,2000-01-01,2012-12-31,1,151346,424932.0,0.35617
2010-10-24,0.5512700850039978,0.33510329236466857,0.2968009369495338,11,LANDSAT/LE07/C02/T1_L2,Landsat 7 ETM+,LANDSAT_7,2010,2000-01-01,2012-12-31,1,197761,424932.0,0.46539
2010-11-09,0.540200952477659,0.38558134214899226,0.36336717666191354,54,LANDSAT/LE07/C02/T1_L2,Landsat 7 ETM+,LANDSAT_7,2010,2000-01-01,2012-12-31,1,10419,424932.0,0.02452
2010-12-11,0.7604355865764016,0.4676965980503808,0.35459278708121134,42,LANDSAT/LE07/C02/T1_L2,Landsat 7 ETM+,LANDSAT_7,2010,2000-01-01,2012-12-31,1,111158,424932.0,0.26159
2010-12-11,0.7389233198756386,0.3982437697247691,0.3649560604678804,10,LANDSAT/LE07/C02/T1_L2,Landsat 7 ETM+,LANDSAT_7,2010,2000-01-01,2012-12-31,1,211447,424932.0,0.4976
2010-12-27,0.7447548648946591,0.5057233147488602,0.3537806714558974,22,LANDSAT/LE07/C02/T1_L2,Landsat 7 ETM+,LANDSAT_7,2010,2000-01-01,2012-12-31,1,89583,424932.0,0.21082
2010-12-27,0.7333770522585887,0.4638278719352796,0.3450516556312084,53,LANDSAT/LE07/C02/T1_L2,Landsat 7 ETM+,LANDSAT_7,2010,2000-01-01,2012-12-31,1,220926,424932.0,0.51991
2011-01-12,0.6476973745257671,0.40935161723426466,0.2789019448661693,18,LANDSAT/LE07/C02/T1_L2,Landsat 7 ETM+,LANDSAT_7,2011,2000-01-01,2012-12-31,1,96834,424932.0,0.22788
2011-01-20,0.5784779394130319,0.34155253962212445,0.1882130365324024,10,LANDSAT/LT05/C02/T1_L2,Landsat 5 TM,LANDSAT_5,2011,2000-01-01,2012-12-31,1,146537,424932.0,0.34485
2011-01-20,0.5626404952736206,0.34408919490571716,0.1983409129763658,6,LANDSAT/LT05/C02/T1_L2,Landsat 5 TM,LANDSAT_5,2011,2000-01-01,2012-12-31,1,195753,424932.0,0.46067
2011-02-05,0.4347244800304603,0.30367108464310216,0.09299305114425466,14,LANDSAT/LT05/C02/T1_L2,Landsat 5 TM,LANDSAT_5,2011,2000-01-01,2012-12-31,1,19650,424932.0,0.04624
2011-02-05,0.4126809063329331,0.29018445505224943,0.08114116262285376,70,LANDSAT/LT05/C02/T1_L2,Landsat 5 TM,LANDSAT_5,2011,2000-01-01,2012-12-31,1,27139,424932.0,0.06387
2011-02-21,0.42067684194157395,0.30285808630144645,0.03202013041162195,21,LANDSAT/LT05/C02/T1_L2,Landsat 5 TM,LANDSAT_5,2011,2000-01-01,2012-12-31,1,37909,424932.0,0.08921
2011-02-21,0.4186317647390097,0.2937150702530205,0.04688782846529697,19,LANDSAT/LT05/C02/T1_L2,Landsat 5 TM,LANDSAT_5,2011,2000-01-01,2012-12-31,1,86483,424932.0,0.20352
2011-03-09,0.5077425031325504,0.33488425328424803,0.060302216005509175,0,LANDSAT/LT05/C02/T1_L2,Landsat 5 TM,LANDSAT_5,2011,2000-01-01,2012-12-31,1,188070,424932.0,0.44259
2011-03-09,0.469036999101614,0.30564716010425264,0.050278600804684194,0,LANDSAT/LT05/C02/T1_L2,Landsat 5 TM,LANDSAT_5,2011,2000-01-01,2012-12-31,1,304789,424932.0,0.71727
2011-04-02,0.39033959371584376,0.2752061980391226,-0.0027418720275483254,3,LANDSAT/LE07/C02/T1_L2,Landsat 7 ETM+,LANDSAT_7,2011,2000-01-01,2012-12-31,1,128488,424932.0,0.30237
2011-04-02,0.38165530597125513,0.2688261770081925,-0.004408071082259405,5,LANDSAT/LE07/C02/T1_L2,Landsat 7 ETM+,LANDSAT_7,2011,2000-01-01,2012-12-31,1,222537,424932.0,0.5237
2011-05-20,0.38462230029852656,0.27750822888291493,0.04373353548394879,5,LANDSAT/LE07/C02/T1_L2,Landsat 7 ETM+,LANDSAT_7,2011,2000-01-01,2012-12-31,1,115611,424932.0,0.27207
2011-05-20,0.4033439817844637,0.31802736342941,0.05369222039703978,15,LANDSAT/LE07/C02/T1_L2,Landsat 7 ETM+,LANDSAT_7,2011,2000-01-01,2012-12-31,1,99383,424932.0,0.23388
2011-06-21,0.38820760216662226,0.2658237438217379,0.07817464466039716,3,LANDSAT/LE07/C02/T1_L2,Landsat 7 ETM+,LANDSAT_7,2011,2000-01-01,2012-12-31,1,145965,424932.0,0.3435
2011-06-21,0.35643087791059874,0.2461887423208881,0.02051008410735156,1,LANDSAT/LE07/C02/T1_L2,Landsat 7 ETM+,LANDSAT_7,2011,2000-01-01,2012-12-31,1,257373,424932.0,0.60568
2011-09-25,0.4925013792969834,0.3067211574657287,0.24845387264826524,2,LANDSAT/LE07/C02/T1_L2,Landsat 7 ETM+,LANDSAT_7,2011,2000-01-01,2012-12-31,1,149477,424932.0,0.35177
2011-09-25,0.4949232123195281,0.3286539646601666,0.26297269884794977,12,LANDSAT/LE07/C02/T1_L2,Landsat 7 ETM+,LANDSAT_7,2011,2000-01-01,2012-12-31,1,191372,424932.0,0.45036
2011-10-19,0.472081935498331,0.3537077672376009,0.3789583844018991,59,LANDSAT/LT05/C02/T1_L2,Landsat 5 TM,LANDSAT_5,2011,2000-01-01,2012-12-31,1,9818,424932.0,0.0231
2011-10-19,0.4476207145568342,0.3457153412117303,0.35934187937805284,53,LANDSAT/LT05/C02/T1_L2,Landsat 5 TM,LANDSAT_5,2011,2000-01-01,2012-12-31,1,35464,424932.0,0.08346
2011-11-12,0.7041376450412341,0.47547991328422345,0.3564615111666231,41,LANDSAT/LE07/C02/T1_L2,Landsat 7 ETM+,LANDSAT_7,2011,2000-01-01,2012-12-31,1,10443,424932.0,0.02458
2011-11-12,0.6277765270266771,0.36987485171956613,0.3056015796805076,39,LANDSAT/LE07/C02/T1_L2,Landsat 7 ETM+,LANDSAT_7,2011,2000-01-01,2012-12-31,1,147965,424932.0,0.34821
2011-11-28,0.3993008321169699,0.4571198587030033,0.2830233580330357,48,LANDSAT/LE07/C02/T1_L2,Landsat 7 ETM+,LANDSAT_7,2011,2000-01-01,2012-12-31,1,111003,424932.0,0.26123
2012-01-15,0.5019463590974986,0.3552730551931968,0.22129015259848403,39,LANDSAT/LE07/C02/T1_L2,Landsat 7 ETM+,LANDSAT_7,2012,2000-01-01,2012-12-31,1,8783,424932.0,0.02067
2012-01-31,0.43415628872271256,0.31311727983497384,0.22182124973910414,44,LANDSAT/LE07/C02/T1_L2,Landsat 7 ETM+,LANDSAT_7,2012,2000-01-01,2012-12-31,1,3438,424932.0,0.00809
2012-02-16,0.4630464486389201,0.301488211460394,0.032543005298084904,15,LANDSAT/LE07/C02/T1_L2,Landsat 7 ETM+,LANDSAT_7,2012,2000-01-01,2012-12-31,1,83866,424932.0,0.19736
2012-02-16,0.48263337787692456,0.3143024262638222,0.06385457923812042,15,LANDSAT/LE07/C02/T1_L2,Landsat 7 ETM+,LANDSAT_7,2012,2000-01-01,2012-12-31,1,115589,424932.0,0.27202
2012-03-03,0.45453839808303875,0.31350572391917375,0.028034122339297272,3,LANDSAT/LE07/C02/T1_L2,Landsat 7 ETM+,LANDSAT_7,2012,2000-01-01,2012-12-31,1,144557,424932.0,0.34019
2012-03-03,0.4486773285869234,0.3060792991797784,0.03633564918850948,6,LANDSAT/LE07/C02/T1_L2,Landsat 7 ETM+,LANDSAT_7,2012,2000-01-01,2012-12-31,1,228403,424932.0,0.5375
2012-03-19,0.4491859611194067,0.30302192895980695,0.021967897978239385,1,LANDSAT/LE07/C02/T1_L2,Landsat 7 ETM+,LANDSAT_7,2012,2000-01-01,2012-12-31,1,151262,424932.0,0.35597
2012-03-19,0.41912783540565474,0.28817020164720997,0.013931646517946034,4,LANDSAT/LE07/C02/T1_L2,Landsat 7 ETM+,LANDSAT_7,2012,2000-01-01,2012-12-31,1,217328,424932.0,0.51144
2012-04-04,0.38384202791085603,0.2767101396437846,-0.026697301338138822,6,LANDSAT/LE07/C02/T1_L2,Landsat 7 ETM+,LANDSAT_7,2012,2000-01-01,2012-12-31,1,80304,424932.0,0.18898
2012-04-04,0.38182384395578733,0.27399851926363994,-0.021861423977225927,11,LANDSAT/LE07/C02/T1_L2,Landsat 7 ETM+,LANDSAT_7,2012,2000-01-01,2012-12-31,1,136393,424932.0,0.32098
2012-05-06,0.3232161458504412,0.24864644565737506,0.02876370818468389,63,LANDSAT/LE07/C02/T1_L2,Landsat 7 ETM+,LANDSAT_7,2012,2000-01-01,2012-12-31,1,89481,424932.0,0.21058
2012-10-13,0.43716148150399625,0.3100583847727714,0.13228367639204935,26,LANDSAT/LE07/C02/T1_L2,Landsat 7 ETM+,LANDSAT_7,2012,2000-01-01,2012-12-31,1,69626,424932.0,0.16385
2012-10-13,0.4356090134053471,0.30304451156300927,0.1562784378506911,20,LANDSAT/LE07/C02/T1_L2,Landsat 7 ETM+,LANDSAT_7,2012,2000-01-01,2012-12-31,1,109139,424932.0,0.25684
2012-11-14,0.5950747971338454,0.3646279641011553,0.25389912623397504,34,LANDSAT/LE07/C02/T1_L2,Landsat 7 ETM+,LANDSAT_7,2012,2000-01-01,2012-12-31,1,143048,424932.0,0.33664
2012-11-14,0.581833440639719,0.3585459198421346,0.27560196687604194,37,LANDSAT/LE07/C02/T1_L2,Landsat 7 ETM+,LANDSAT_7,2012,2000-01-01,2012-12-31,1,168398,424932.0,0.39629
