date,temp_c,precip_mm,humidity_pct,wind_speed_ms
2022-01-01,11.626373,0.0,73.58406,1.4893883
2022-01-02,12.12265,0.0,72.79792,1.946328
2022-01-03,12.507233,0.0,77.36581,1.8197228
2022-01-04,13.860443,1.6622543,80.360344,1.4177904
2022-01-05,12.810883,22.802353,96.36891,2.1667879
2022-01-06,13.631073,1.2102127,96.39897,2.0335824
2022-01-07,14.031464,30.200958,99.395134,2.5002315
2022-01-08,14.0849,15.692711,91.73809,1.2647364
2022-01-09,12.520386,0.48065186,89.274254,0.41618142
2022-01-10,12.796783,0.31757355,88.2539,0.41473287
2022-01-11,12.415497,0.0,87.886856,1.5786425
2022-01-12,11.940979,0.0,88.850494,1.0160781
2022-01-13,11.924591,0.0,87.87347,0.5770195
2022-01-14,11.075287,0.0,91.80245,0.5597187
2022-01-15,10.528595,0.0,94.38505,1.2556247
2022-01-16,9.527161,0.002861023,96.89425,0.77367187
2022-01-17,10.901886,0.002861023,90.44781,0.6892464
2022-01-18,10.799561,0.0,92.38695,0.8251451
2022-01-19,11.130066,1.3532639,98.07198,0.74070466
2022-01-20,13.114349,1.6822815,91.865395,0.9056095
2022-01-21,13.072418,0.111579895,89.519226,0.56367713
2022-01-22,11.684998,32.546997,95.23786,3.497053
2022-01-23,12.083893,10.871887,96.780106,3.934424
2022-01-24,12.624878,0.060081482,85.97151,1.0457331
2022-01-25,12.362518,0.12874603,89.48095,1.4220835
2022-01-26,13.647522,0.14591217,87.61718,1.005887
2022-01-27,12.435211,0.0,74.05383,1.9900151
2022-01-28,11.8785095,0.0,75.3482,2.0910304
2022-01-29,12.464813,0.0,76.28062,1.3763338
2022-01-30,13.401154,0.0,75.56723,2.5406137
2022-01-31,13.58194,0.0,78.559006,0.87549865
2022-02-01,13.604889,0.0,77.45051,1.1136
2022-02-02,11.556183,0.8010864,84.88812,1.2412874
2022-02-03,12.0346985,2.7093887,92.146645,2.1270657
2022-02-04,11.5381775,0.014305115,85.906105,0.82419086
2022-02-05,10.973572,0.0,91.2701,0.920277
2022-02-06,12.542084,0.062942505,84.565315,0.523229
2022-02-07,14.994629,1.2617111,78.42676,0.7671496
2022-02-08,15.930084,0.0,76.04202,1.4842558
2022-02-09,16.015228,0.0,71.107895,1.1702007
2022-02-10,14.8836975,0.0,64.726715,1.3725812
2022-02-11,14.691223,0.0,61.3782,2.500475
2022-02-12,14.541595,0.0,71.15325,1.8104273
2022-02-13,15.866119,0.0,62.831203,0.65879864
2022-02-14,15.866364,0.0,72.2989,0.81402236
2022-02-15,16.56247,0.0,76.43748,0.22027652
2022-02-16,16.368378,0.0,73.769966,1.4167758
2022-02-17,17.074493,0.0,69.45948,0.6423167
2022-02-18,16.558258,0.0,67.88454,1.1058304
2022-02-19,16.734528,0.0,63.503464,1.91569
2022-02-20,17.02829,0.0,56.971813,2.2894354
2022-02-21,16.803375,0.0,59.53427,0.80106544
2022-02-22,17.595184,0.111579895,71.37984,3.2064667
2022-02-23,17.931244,7.864952,76.36013,1.7568183
2022-02-24,16.154907,26.70765,84.70403,2.4375424
2022-02-25,15.255005,19.097328,86.5477,1.6701686
2022-02-26,15.334015,23.789406,82.28415,3.0574346
2022-02-27,14.955627,0.0,76.59794,1.7623491
2022-02-28,15.912506,0.0,70.63099,1.4337289
2022-03-01,18.060272,0.014305115,67.94064,1.422528
2022-03-02,18.1185,0.0,71.234924,0.997023
2022-03-03,16.30191,6.580353,87.7886,1.5578626
2022-03-04,17.364105,0.0,77.85568,1.9505802
2022-03-05,18.51001,0.0,72.46134,2.0383723
2022-03-06,19.43985,0.0,76.17079,0.81104636
2022-03-07,20.650848,0.0,74.75975,1.5429375
2022-03-08,20.736053,0.0,64.707596,2.1655216
2022-03-09,20.558441,0.0,71.17214,1.2619551
2022-03-10,20.806366,0.0,71.051994,2.0150268
2022-03-11,21.198883,0.0,68.57489,1.8607471
2022-03-12,21.907227,0.0,72.13882,1.795104
2022-03-13,23.34134,0.0,69.87598,1.3957053
2022-03-14,24.393036,0.0,68.92696,0.4321337
2022-03-15,25.900482,0.0,69.825554,1.4511732
2022-03-16,26.724152,0.0,61.523964,3.2706153
2022-03-17,26.690857,0.0,61.860104,0.81045526
2022-03-18,27.622162,0.0,75.28334,2.1916006
2022-03-19,28.018036,0.0,74.52709,0.72228664
2022-03-20,27.31726,0.0,73.24201,0.84877366
2022-03-21,27.254211,0.0,66.27536,0.794724
2022-03-22,26.684296,0.0,53.50421,2.5611572
2022-03-23,26.737854,0.0,53.822453,0.29112917
2022-03-24,26.131195,0.0,48.858696,1.9500449
2022-03-25,25.722015,0.0,44.129322,2.3614821
2022-03-26,26.250153,0.0,42.14098,2.8388474
2022-03-27,27.245728,0.0,47.487957,0.99521464
2022-03-28,27.714966,0.0,53.360767,1.236492
2022-03-29,27.438293,0.0,54.682056,0.8123809
2022-03-30,28.804413,0.0,45.52581,0.8432808
2022-03-31,28.054352,0.0,49.193783,0.73458374
2022-04-01,28.022736,0.0,34.124756,1.9617537
2022-04-02,28.2518,0.0,36.20115,1.4091055
2022-04-03,28.449127,0.0,39.24188,1.2203178
2022-04-04,28.207428,0.0,34.448326,1.80256
2022-04-05,29.05954,0.0,32.926655,1.5026704
2022-04-06,29.092834,0.0,34.898396,1.5851915
2022-04-07,30.11145,0.0,30.720085,1.8211292
2022-04-08,31.173706,0.0,34.500957,0.36625785
2022-04-09,30.721771,0.0,37.135773,1.1029522
2022-04-10,30.780365,0.0,33.699722,1.4304106
2022-04-11,32.123474,0.0,32.30822,0.18832822
2022-04-12,31.476532,0.4234314,46.20547,1.761731
2022-04-13,31.461578,0.0,36.131527,1.7795264
2022-04-14,27.747406,0.50354004,42.935337,1.2658464
2022-04-15,29.701874,0.0,36.72801,1.542829
2022-04-16,29.616608,0.0,34.377384,0.9897505
2022-04-17,29.84906,0.0,36.31036,0.95717037
2022-04-18,31.096802,0.0,42.22497,0.55708325
2022-04-19,31.606232,3.9653778,38.692078,0.53719175
2022-04-20,30.873596,0.042915344,35.381084,1.6286128
2022-04-21,27.113495,0.0,46.858112,3.3533251
2022-04-22,27.852997,0.7095337,37.242672,3.1297746
2022-04-23,29.043884,2.986908,38.011208,2.4696927
2022-04-24,29.410858,0.0,32.003193,2.6343474
2022-04-25,31.449493,2.6750565,30.403873,1.4259057
2022-04-26,31.088135,0.0,31.890205,1.0648158
2022-04-27,32.36145,0.0,29.207294,2.4835067
2022-04-28,34.521454,0.0,26.250189,0.12633021
2022-04-29,33.996246,1.4677048,28.271252,2.5571928
2022-04-30,34.049957,2.8038025,28.50799,1.4263345
2022-05-01,33.070435,0.0,33.250294,1.9803817
2022-05-02,33.183197,2.3145676,41.423557,3.0836933
2022-05-03,32.027863,0.0,47.00676,1.0943695
2022-05-04,28.495605,4.2686462,52.56829,1.8556477
2022-05-05,30.198456,0.0,42.285366,1.550639
2022-05-06,31.114105,0.0,37.459106,1.9515581
2022-05-07,31.44577,0.0,35.992374,1.521299
2022-05-08,32.596405,0.0,36.560715,1.1732717
2022-05-09,33.627045,1.2159348,38.847393,1.9820385
2022-05-10,33.824677,0.0,38.648533,1.1690927
2022-05-11,34.843323,0.0,36.688828,0.5789149
2022-05-12,34.931,0.0,37.645187,0.86560065
2022-05-13,35.211823,0.0,30.96104,1.1118904
2022-05-14,35.346985,0.0,25.313562,2.8230343
2022-05-15,34.99002,0.04863739,33.954422,1.1029307
2022-05-16,34.279694,0.35476685,32.085384,1.2845894
2022-05-17,33.67578,3.982544,33.53528,2.0097525
2022-05-18,33.773407,0.0,32.4189,1.2510583
2022-05-19,35.146057,0.6637573,31.079453,1.3908603
2022-05-20,35.372284,0.002861023,26.107254,0.43072885
2022-05-21,33.526886,0.0,29.314459,2.2934375
2022-05-22,32.580658,0.0,30.539799,0.9120312
2022-05-23,26.846985,20.098686,57.87147,3.624421
2022-05-24,25.157562,24.868011,64.26105,3.4257789
2022-05-25,28.940033,0.0,47.814957,1.4490197
2022-05-26,31.5672,0.0,46.812527,1.1202008
2022-05-27,33.538666,0.0,43.25396,1.2030073
2022-05-28,33.08142,0.0,46.06265,1.1368443
2022-05-29,32.232635,0.0,49.65584,0.481438
2022-05-30,31.660126,0.0743866,40.343147,1.3972043
2022-05-31,33.181244,0.0,33.561005,0.5655291
2022-06-01,33.746735,0.0,30.898916,0.8339006
2022-06-02,34.30539,0.0,28.914732,1.232192
2022-06-03,34.581146,0.0,23.166536,2.5481074
2022-06-04,35.316742,0.0,23.704441,0.27880958
2022-06-05,36.047394,0.0,22.14975,0.37114108
2022-06-06,37.416992,0.0,20.34358,1.3166906
2022-06-07,38.624207,0.0,20.681244,1.6308897
2022-06-08,37.473297,0.0,20.878408,1.9563191
2022-06-09,37.143066,0.0,22.655098,0.6632572
2022-06-10,35.69153,3.0469894,28.09329,0.21628083
2022-06-11,36.289642,0.0,32.96628,1.0972077
2022-06-12,36.333588,0.002861023,32.656425,1.109
2022-06-13,36.657684,0.005722046,28.50024,1.1444788
2022-06-14,37.115265,0.0,30.830235,2.7767003
2022-06-15,37.674286,0.0371933,34.08672,2.3283138
2022-06-16,33.005188,8.05378,50.261856,3.2266467
2022-06-17,27.398956,7.8163147,74.12018,2.7857876
2022-06-18,25.71817,7.7848434,84.002396,1.2304139
2022-06-19,28.134644,0.0,67.30126,1.1334636
2022-06-20,29.148987,8.700371,59.19693,0.7338224
2022-06-21,24.660736,64.09836,83.26671,2.037621
2022-06-22,27.08603,86.39431,71.17919,1.684596
2022-06-23,30.004486,0.0,57.165356,2.4782624
2022-06-24,31.110199,0.0,50.29443,1.849431
2022-06-25,32.7023,0.0,49.35934,0.1743887
2022-06-26,33.436646,0.0,52.098423,0.40682018
2022-06-27,34.911102,0.0,56.87505,1.2254514
2022-06-28,35.852997,0.0,57.949173,0.77331907
2022-06-29,35.11563,0.50640106,63.076897,3.0215652
2022-06-30,30.083466,0.48065186,76.59258,4.783978
2022-07-01,29.233643,13.077736,77.188385,2.044226
2022-07-02,31.212341,0.0,73.31648,0.48454574
2022-07-03,31.030273,2.606392,75.22541,2.875917
2022-07-04,32.80777,0.4119873,68.48148,0.73036236
2022-07-05,32.58139,43.77365,72.70985,0.24449742
2022-07-06,29.935333,0.0371933,79.89208,1.663852
2022-07-07,32.050995,0.30612946,72.90471,0.22365186
2022-07-08,33.159515,13.226509,70.3796,1.7927744
2022-07-09,29.941559,45.907974,82.911476,2.7481902
2022-07-10,30.151276,17.108917,77.68002,1.5350815
2022-07-11,31.595123,1.2617111,72.90762,0.5251123
2022-07-12,31.536896,1.5192032,76.36214,1.2132272
2022-07-13,28.759064,20.879745,85.95298,0.76901364
2022-07-14,26.839386,3.1356812,93.36103,2.6846204
2022-07-15,26.786652,0.65517426,81.412544,2.8691373
2022-07-16,31.59311,0.0,63.12934,1.9612873
2022-07-17,30.126251,0.9098053,76.08743,1.6294264
2022-07-18,32.536987,0.2374649,69.105095,0.92957515
2022-07-19,33.16754,0.75244904,70.68606,0.91406524
2022-07-20,30.20523,12.963295,80.96906,1.6950424
2022-07-21,26.809662,25.78926,92.30457,3.201003
2022-07-22,29.058624,24.24717,84.93881,2.0817146
2022-07-23,29.641876,0.6752014,82.66516,2.1091356
2022-07-24,29.989716,2.251625,76.414696,1.8796543
2022-07-25,28.666718,42.20295,86.02497,2.6264796
2022-07-26,30.238434,1.6479492,77.70288,1.8567224
2022-07-27,30.026855,0.6952286,80.45882,2.125553
2022-07-28,28.811737,47.484398,87.70325,1.9080557
2022-07-29,28.407013,3.5591125,88.084274,1.0383699
2022-07-30,29.764923,7.8849792,82.78128,0.9475028
2022-07-31,28.53714,5.847931,85.489525,1.5810311
2022-08-01,29.560272,5.461693,78.302155,0.4895187
2022-08-02,31.26236,0.0,74.353546,1.3008971
2022-08-03,31.50888,0.45204163,78.60755,1.3973793
2022-08-04,30.55487,3.730774,79.252785,1.6938112
2022-08-05,28.273468,6.5402985,92.14299,1.5054827
2022-08-06,29.734192,0.2975464,82.718155,0.89845484
2022-08-07,29.88272,6.71196,83.174805,1.2727542
2022-08-08,31.31372,0.111579895,74.940956,0.8942475
2022-08-09,31.289978,0.054359436,76.54369,0.7878356
2022-08-10,32.51999,0.0,70.13165,1.5924491
2022-08-11,27.945923,2.0456314,85.63987,4.694154
2022-08-12,30.52539,0.0,70.92186,1.4617865
2022-08-13,31.81137,0.0,70.33471,1.7307384
2022-08-14,32.28885,7.475853,75.15034,0.7816718
2022-08-15,26.71698,4.2057037,91.732216,3.1055958
2022-08-16,30.068024,0.071525574,76.24151,0.5204287
2022-08-17,30.329437,9.687424,76.37093,2.9410717
2022-08-18,31.457611,0.18882751,72.37361,0.8965259
2022-08-19,31.252655,0.2374649,74.10724,2.1234798
2022-08-20,30.355316,0.14305115,69.71118,0.67222697
2022-08-21,30.245056,4.7893524,77.01927,0.54732656
2022-08-22,31.597748,0.0,69.78156,0.62864184
2022-08-23,32.288574,0.08869171,71.79895,0.45753974
2022-08-24,28.16623,35.728455,88.250145,2.7169764
2022-08-25,29.363007,28.006554,84.10857,1.2928267
2022-08-26,30.254791,4.8122406,79.532585,1.0342085
2022-08-27,30.573486,11.501312,77.479485,1.8072387
2022-08-28,30.112885,7.724762,77.266815,0.9546852
2022-08-29,29.523315,2.9182434,77.02183,1.206157
2022-08-30,30.666718,8.897781,76.470505,0.2636223
2022-08-31,31.903473,0.05722046,70.51549,0.8323752
2022-09-01,31.886871,0.0,68.04738,0.5596965
2022-09-02,31.421143,0.102996826,70.03482,0.38624376
2022-09-03,31.143616,0.0,70.389114,0.5150812
2022-09-04,29.870758,0.37193298,77.33049,2.6761975
2022-09-05,26.939545,17.103195,88.50106,0.49450105
2022-09-06,29.505157,0.022888184,71.4344,0.9279163
2022-09-07,30.538452,0.0,69.89464,0.31078184
2022-09-08,30.943756,5.747795,72.50883,1.1437364
2022-09-09,30.640411,1.4734268,76.63156,0.7327293
2022-09-10,29.867157,16.662598,77.13809,1.3438405
2022-09-11,27.50232,0.9241104,81.6206,1.7541877
2022-09-12,28.923553,0.4377365,72.83505,0.9355951
2022-09-13,30.16919,0.0,72.654,0.83645874
2022-09-14,30.055786,0.002861023,74.44263,0.12991495
2022-09-15,29.993866,0.12874603,75.38023,0.6877007
2022-09-16,28.628204,0.33187866,77.6754,1.5607624
2022-09-17,29.669342,1.7023087,75.96607,0.44228587
2022-09-18,30.140503,0.0,72.41873,0.53768224
2022-09-19,30.637299,0.0,66.3303,0.36741194
2022-09-20,29.698517,0.0,76.57533,1.2743542
2022-09-21,29.287567,0.2374649,75.22701,0.44486016
2022-09-22,28.472046,0.04863739,79.133255,0.9228463
2022-09-23,26.956512,0.38051605,84.429726,0.4307915
2022-09-24,25.851929,7.1411133,85.63493,1.4629078
2022-09-25,25.664948,67.65747,84.94903,1.7017919
2022-09-26,26.804047,0.0,78.09026,0.12888715
2022-09-27,27.58142,0.022888184,76.7245,1.0579635
2022-09-28,28.900543,0.005722046,73.38059,0.2313552
2022-09-29,28.838104,3.6392212,77.07115,0.7288248
2022-09-30,29.693207,0.0,73.818184,0.8118459
2022-10-01,29.446442,1.6222,67.500374,1.0924399
2022-10-02,28.801147,0.0,67.36213,0.47228134
2022-10-03,28.750702,0.0,67.69345,0.66273624
2022-10-04,29.024475,0.0,69.54238,0.3558152
2022-10-05,28.276215,0.0,66.54214,0.0950071
2022-10-06,27.847107,0.0,67.05877,2.0798614
2022-10-07,28.082336,0.0,71.675964,0.7436509
2022-10-08,27.722809,0.025749207,70.58013,0.96212834
2022-10-09,27.25885,0.0,73.457,0.75526136
2022-10-10,26.098175,0.120162964,78.0517,1.3714095
2022-10-11,24.386566,2.6578903,74.086914,1.3269496
2022-10-12,24.541351,0.33187866,66.43458,1.2487408
2022-10-13,25.409027,0.0,66.243774,1.5090188
2022-10-14,26.171112,0.0,62.04065,1.1667347
2022-10-15,26.382172,0.0,59.295856,0.94586045
2022-10-16,25.382233,0.0,69.24355,0.8756684
2022-10-17,26.043396,0.0,59.628532,0.57865876
2022-10-18,24.4646,0.0,59.325474,1.9766139
2022-10-19,23.920227,0.0,60.268166,1.6346496
2022-10-20,22.2193,0.0,56.87086,3.3205738
2022-10-21,23.006927,0.0,60.35099,2.15215
2022-10-22,22.642914,0.0,59.673428,2.2466292
2022-10-23,22.746857,0.0,60.173016,1.5871567
2022-10-24,22.04831,0.0,62.574726,1.9294311
2022-10-25,21.62387,0.0,63.13571,2.0817204
2022-10-26,23.376495,0.0,64.35215,0.5815223
2022-10-27,23.145935,0.0,66.40016,0.93017703
2022-10-28,22.60376,0.0,71.82326,1.0582277
2022-10-29,22.861359,0.0,67.18993,0.8142155
2022-10-30,23.608368,0.0,69.28652,0.5898008
2022-10-31,22.6091,0.0,75.55366,1.7801679
2022-11-01,23.58603,0.0,72.56813,1.5957359
2022-11-02,22.758087,0.0,68.433365,1.2214681
2022-11-03,22.108276,0.0,67.6852,1.3120387
2022-11-04,22.287506,0.0,72.08864,1.0157212
2022-11-05,21.368683,0.0,84.84875,1.7571045
2022-11-06,20.894043,52.99759,76.11713,2.971483
2022-11-07,19.519989,0.0,83.3689,2.5831442
2022-11-08,20.851135,0.0,73.79433,1.0852413
2022-11-09,19.804657,1.9340515,83.595535,0.3571735
2022-11-10,19.531097,0.02002716,71.94774,1.7948953
2022-11-11,18.608063,0.0,71.89747,2.4864423
2022-11-12,18.024597,0.0,67.25475,2.1940107
2022-11-13,18.116547,0.0,65.2466,1.4790475
2022-11-14,18.005737,1.367569,79.03534,3.9625015
2022-11-15,18.03061,0.0,75.74475,2.088392
2022-11-16,17.56488,0.0,80.51677,1.8662426
2022-11-17,17.493134,0.0,72.073685,2.2359622
2022-11-18,16.22699,0.0,78.375496,1.6065751
2022-11-19,16.403656,0.0,77.74969,0.9655325
2022-11-20,16.727905,0.0,71.0398,2.1953669
2022-11-21,16.62503,0.0,73.500786,2.1068087
2022-11-22,15.91803,0.0,72.91237,2.3025444
2022-11-23,15.7248535,0.0,68.64047,1.5107493
2022-11-24,15.36731,0.0,72.11104,0.94945717
2022-11-25,15.643829,0.0,76.73604,1.1327078
2022-11-26,15.380768,0.0,76.507,1.9618992
2022-11-27,15.157623,0.0,78.78229,1.3243229
2022-11-28,15.6698,0.0,81.76398,1.3917553
2022-11-29,15.595551,0.0,83.25464,2.0205312
2022-11-30,14.766846,0.0,80.43649,2.1071203
2022-12-01,14.690033,0.0,80.85246,1.5912501
2022-12-02,15.20694,0.0,80.67113,0.26203972
2022-12-03,15.093079,0.0,85.399124,1.8028632
2022-12-04,14.307922,0.0,80.93794,2.3946419
2022-12-05,13.67691,0.0,80.75621,1.9477838
2022-12-06,14.072754,0.0,73.86206,2.1799006
2022-12-07,13.361511,0.0,77.56431,2.3127015
2022-12-08,13.630768,0.0,79.78825,1.723978
2022-12-09,15.595123,0.0,70.256676,2.0895593
2022-12-10,16.385529,0.011444092,73.06304,1.7924783
2022-12-11,16.394623,0.0,68.31773,2.3376653
2022-12-12,15.204132,0.0,69.52948,2.2435627
2022-12-13,15.739716,0.0,61.98789,3.0534832
2022-12-14,14.225586,0.0,69.636284,2.3175607
2022-12-15,12.82016,0.0,75.63538,2.4374566
2022-12-16,12.625641,0.0,78.03959,1.4774014
2022-12-17,12.678009,0.0,81.263115,1.4465444
2022-12-18,12.650177,0.0,83.04437,1.5829343
2022-12-19,12.647247,0.0,84.552536,1.8087178
2022-12-20,11.811157,0.0,88.516945,2.209871
2022-12-21,10.329834,0.0,93.44612,0.8955767
2022-12-22,9.695831,0.002861023,95.17592,1.2571576
2022-12-23,9.289459,0.0,90.48419,0.81869024
2022-12-24,8.654907,0.002861023,92.95572,1.2827951
2022-12-25,8.347382,0.0,92.61883,1.6655462
2022-12-26,9.066986,0.0,91.42185,2.2274086
2022-12-27,10.492432,0.0,82.6913,2.0917912
2022-12-28,10.403595,0.0,79.297516,2.1892843
2022-12-29,11.2326355,6.23703,86.14882,0.38301414
2022-12-30,13.100525,0.0,86.23045,1.2258148
2022-12-31,12.91922,0.0,82.54993,2.6283853
2023-01-01,11.804413,0.0,81.06669,0.85977244
2023-01-02,11.150116,0.0,83.46948,0.6986971
2023-01-03,9.635925,0.0,93.218216,1.6390755
2023-01-04,9.741547,0.0,86.935394,0.65038407
2023-01-05,8.450012,0.0,87.83263,0.38920707
2023-01-06,7.359192,0.0,93.55666,0.7950092
2023-01-07,9.151215,0.56648254,89.34553,1.4554923
2023-01-08,10.023834,0.0,88.676544,1.7988499
2023-01-09,11.326813,0.0,88.02922,0.95711756
2023-01-10,10.748322,0.13446808,94.982895,0.98243535
2023-01-11,11.698883,8.657455,95.547195,0.90760976
2023-01-12,13.274384,0.051498413,83.45693,0.36147928
2023-01-13,12.64975,4.714966,89.98469,1.0197198
2023-01-14,11.888947,0.6008148,81.28895,2.0850837
2023-01-15,10.859467,0.0,69.24457,2.1374648
2023-01-16,10.258148,0.0,67.21869,2.1812499
2023-01-17,9.895782,0.0,67.715164,2.2284195
2023-01-18,10.330017,0.0,73.37631,1.414037
2023-01-19,13.509247,0.0,65.87164,1.4880375
2023-01-20,11.557709,2.7093887,83.539856,1.318344
2023-01-21,12.177704,0.7696152,83.76808,1.6048989
2023-01-22,12.739899,0.0,78.714096,1.9815221
2023-01-23,14.498688,0.51498413,69.28243,3.2607093
2023-01-24,12.487213,1.2559891,88.54167,0.91250384
2023-01-25,14.788116,2.0799637,87.87862,0.62853825
2023-01-26,13.02536,0.0,78.80632,1.7270684
2023-01-27,13.187408,0.0,67.84514,2.197491
2023-01-28,13.134003,0.0,69.8804,2.0440273
2023-01-29,11.378693,5.6648254,88.08364,2.8508804
2023-01-30,14.171173,18.118858,85.91751,2.567861
2023-01-31,14.35556,0.0,82.89174,1.9934618
2023-02-01,14.426392,0.0,72.2858,2.2431834
2023-02-02,14.497345,0.0,69.70811,1.9606861
2023-02-03,15.050446,0.0,74.05094,1.9929322
2023-02-04,16.491241,0.0,69.712,2.216235
2023-02-05,16.647125,0.0,73.5415,2.0583756
2023-02-06,18.257141,0.5578995,72.769966,0.94763917
2023-02-07,16.746552,0.0,63.66427,2.0939445
2023-02-08,15.291473,0.082969666,70.45822,1.8389065
2023-02-09,14.272797,2.0112991,83.83486,2.5703642
2023-02-10,18.973358,0.2861023,70.452545,2.3208408
2023-02-11,16.429749,0.011444092,62.342102,2.3899395
2023-02-12,14.397736,0.0,54.697807,2.000009
2023-02-13,14.079468,0.0,49.23873,2.6229293
2023-02-14,15.231476,0.0,58.816296,1.7988256
2023-02-15,17.905487,0.0,60.959984,1.996828
2023-02-16,18.734406,0.0,74.015144,0.93484515
2023-02-17,19.427094,0.0,77.11238,1.0348133
2023-02-18,19.655182,0.0,75.6565,1.7578028
2023-02-19,19.670715,0.0,82.38054,1.3906181
2023-02-20,21.474213,0.0,79.88209,1.5694575
2023-02-21,21.113281,0.0,69.940765,1.0752903
2023-02-22,19.808899,0.0,63.597126,0.83782434
2023-02-23,19.605835,0.0,57.83646,2.0579019
2023-02-24,20.105316,0.0,57.53676,1.0968577
2023-02-25,20.629639,0.0,63.371944,1.2914878
2023-02-26,20.965973,0.6122589,65.041214,0.797283
2023-02-27,21.166718,0.0,60.33252,1.8418882
2023-02-28,19.590546,0.005722046,60.630917,0.55544823
2023-03-01,20.712555,5.390167,68.40484,1.1107945
2023-03-02,20.342072,1.9083023,73.393974,2.0651727
2023-03-03,20.924164,0.0,66.18393,1.8292392
2023-03-04,21.266052,0.0,61.609165,1.270034
2023-03-05,21.474213,0.0,62.227802,1.5953488
2023-03-06,22.257599,0.0,57.18552,1.5896714
2023-03-07,21.86502,0.0,57.08279,0.98015004
2023-03-08,22.706573,0.0,56.34458,0.7461132
2023-03-09,22.722046,0.0,60.900776,0.27987608
2023-03-10,23.35321,0.0,58.904255,0.6002404
2023-03-11,24.146637,0.0,56.819874,0.10145841
2023-03-12,23.85025,0.0,64.16003,0.2487614
2023-03-13,23.731293,1.9254684,65.80088,1.3676676
2023-03-14,23.663696,0.0,61.422356,1.3317322
2023-03-15,24.27829,0.02002716,61.5167,0.49521157
2023-03-16,22.280182,0.0,63.474144,0.9791315
2023-03-17,19.109894,1.1072159,75.24595,1.0644891
2023-03-18,18.51419,14.545441,84.738525,1.5896411
2023-03-19,20.616821,1.9512177,72.21439,1.0726058
2023-03-20,20.42221,19.675255,74.99023,1.0038215
2023-03-21,18.986908,1.6393661,77.87538,1.2319864
2023-03-22,21.239471,0.1001358,65.505035,1.0028131
2023-03-23,21.852875,0.0,65.82268,0.7594239
2023-03-24,18.28189,10.485649,86.79632,2.425088
2023-03-25,18.622711,13.59272,80.55671,0.5531852
2023-03-26,20.065887,0.0,68.681274,1.1029398
2023-03-27,21.248016,0.0,63.229168,1.2673818
2023-03-28,22.522308,0.59223175,58.95891,0.68969905
2023-03-29,22.374237,0.69236755,66.087494,0.8748682
2023-03-30,23.885925,0.051498413,59.89247,0.8437972
2023-03-31,18.897308,10.09655,87.37583,3.3049498
2023-04-01,18.711823,43.38169,88.65538,2.6562665
2023-04-02,21.009338,0.011444092,69.90072,1.3358648
2023-04-03,20.697845,1.2931824,77.71888,0.97301555
2023-04-04,21.322021,0.0,67.78573,1.3291132
2023-04-05,22.31488,0.0,61.60608,2.1343608
2023-04-06,23.289795,0.0,58.679325,1.3665973
2023-04-07,23.937042,0.0,48.41208,2.2193956
2023-04-08,24.770111,0.0,47.21689,1.8430429
2023-04-09,26.00058,0.0,46.385014,0.9544908
2023-04-10,26.128632,0.0,41.992836,1.5917482
2023-04-11,27.351532,0.0,40.80884,1.4072605
2023-04-12,29.137604,0.0,39.977585,1.6835021
2023-04-13,29.27652,0.0,38.18092,1.8256744
2023-04-14,30.867859,0.0,33.975002,0.6659585
2023-04-15,30.193787,0.0,33.562202,1.6194656
2023-04-16,29.061005,0.0,38.111904,1.4940389
2023-04-17,30.008514,0.0,37.662727,0.97877276
2023-04-18,29.580933,0.3118515,44.765984,1.3732721
2023-04-19,25.305939,9.524345,63.92945,1.8412021
2023-04-20,22.958344,9.893417,63.956295,1.7321671
2023-04-21,23.797668,4.245758,48.74667,1.5751525
2023-04-22,23.776794,0.0,44.35416,2.2920206
2023-04-23,25.540527,0.0,33.81437,0.15834928
2023-04-24,27.092865,0.0,34.32683,0.98412824
2023-04-25,28.062286,0.0,33.977757,1.7739463
2023-04-26,27.80365,0.5264282,40.319702,0.9415887
2023-04-27,26.746674,0.5979538,42.252098,2.9964747
2023-04-28,26.875946,0.0,42.735935,1.3696325
2023-04-29,28.218994,0.0,36.366634,1.8012434
2023-04-30,27.53238,0.005722046,47.608444,1.5917042
2023-05-01,23.535065,11.97052,72.18811,2.294735
2023-05-02,21.541412,6.1397552,78.16273,1.8854868
2023-05-03,22.860077,8.085251,78.25229,1.373931
2023-05-04,25.530182,0.071525574,62.406296,1.3079737
2023-05-05,27.058136,0.0,52.37773,1.7499944
2023-05-06,27.271088,1.7023087,54.880493,2.1040208
2023-05-07,27.361847,4.8179626,42.5518,3.1861382
2023-05-08,26.40628,0.0,38.260876,3.2307317
2023-05-09,26.660797,0.0,38.793056,2.3630974
2023-05-10,28.370392,0.0,33.62128,2.108666
2023-05-11,29.502716,0.0,32.829838,0.52905303
2023-05-12,30.761902,0.0,28.647142,1.5272342
2023-05-13,31.181732,1.4591217,36.105156,1.4634235
2023-05-14,31.76828,0.0,34.10532,2.365095
2023-05-15,32.094757,0.0,31.285473,1.4024162
2023-05-16,30.934784,4.6520233,36.031876,1.0841458
2023-05-17,32.834442,3.5848618,33.870327,2.4447575
2023-05-18,28.811737,0.5121231,50.40759,2.7674303
2023-05-19,31.324951,0.0,39.03836,2.172528
2023-05-20,33.00595,0.3376007,27.85705,1.8143492
2023-05-21,34.550293,1.247406,29.121193,0.51713216
2023-05-22,35.210144,0.6465912,27.954256,0.51886123
2023-05-23,33.908417,0.0,30.963242,1.9182216
2023-05-24,29.06668,9.469986,52.93873,4.017625
2023-05-25,25.440948,5.1612854,67.143265,2.5780313
2023-05-26,26.813873,0.10585785,62.273895,1.2848959
2023-05-27,27.624329,0.69236755,54.320263,0.78906393
2023-05-28,29.665955,0.0,48.94298,0.4531788
2023-05-29,27.456635,0.0,55.896793,1.5883176
2023-05-30,26.864807,1.0471344,53.97661,2.4817853
2023-05-31,22.389496,14.574051,84.72986,2.181778
2023-06-01,22.092773,50.992012,89.85989,0.73312026
2023-06-02,25.301056,4.0512085,68.21747,0.27503294
2023-06-03,28.413727,0.0,55.699604,1.1528573
2023-06-04,31.036896,0.0,49.104073,0.049822435
2023-06-05,29.682953,20.5822,56.67323,1.406951
2023-06-06,27.934357,26.54171,65.884224,0.8126927
2023-06-07,29.063965,0.0,56.8902,1.5097834
2023-06-08,31.588379,0.045776367,48.864357,2.1796448
2023-06-09,32.75537,0.0,49.815193,0.55630326
2023-06-10,31.771759,12.665749,59.76051,0.87146693
2023-06-11,31.049042,0.0,52.36629,0.5276218
2023-06-12,33.175964,2.1686554,48.702393,1.253153
2023-06-13,31.96994,6.1740875,63.80862,0.6179321
2023-06-14,32.505676,3.0384064,55.3644,0.41278532
2023-06-15,28.936646,0.09727478,68.0055,0.20839213
2023-06-16,30.95108,2.6664734,61.90427,0.86517787
2023-06-17,33.156097,0.60653687,56.426346,0.4330829
2023-06-18,33.881104,0.0,54.536964,0.98780936
2023-06-19,33.207672,0.0,56.68386,0.05211123
2023-06-20,35.101562,0.0,54.52372,0.508999
2023-06-21,35.667877,0.0,55.502415,0.95049137
2023-06-22,36.300842,0.0,56.675793,1.0451671
2023-06-23,36.020325,0.0,60.80703,1.3175303
2023-06-24,35.51779,0.0,60.231476,2.7186573
2023-06-25,32.282013,1.0814667,70.18606,5.2908454
2023-06-26,27.783783,25.623322,80.74815,1.9660349
2023-06-27,30.41809,0.59223175,75.17887,1.6616756
2023-06-28,30.511536,0.12588501,76.78592,1.9644209
2023-06-29,31.444824,11.315346,72.95233,0.51711434
2023-06-30,30.766205,0.25749207,76.82258,0.7175113
2023-07-01,31.396393,0.5607605,69.89672,1.3883413
2023-07-02,32.954163,0.85544586,64.86779,0.7049141
2023-07-03,33.877075,0.6580353,63.960052,1.5419936
2023-07-04,30.6875,3.8280487,74.974464,2.3653798
2023-07-05,26.796844,104.47025,88.8472,2.0124032
2023-07-06,28.09372,2.8009415,80.44721,1.894529
2023-07-07,29.121368,0.0371933,80.29299,0.97938
2023-07-08,25.971924,39.256096,94.294685,2.0823948
2023-07-09,25.136566,26.750565,85.890755,3.258833
2023-07-10,28.452759,1.8568039,79.73738,2.2453396
2023-07-11,31.20044,0.0,69.40982,0.03139078
2023-07-12,32.183044,0.7009506,69.76693,0.9920666
2023-07-13,30.258759,6.980896,77.35242,1.321657
2023-07-14,31.551544,0.002861023,73.925316,1.5921327
2023-07-15,31.279022,0.6837845,75.3514,0.14675745
2023-07-16,30.073395,1.1672974,82.11627,1.8236163
2023-07-17,31.213348,8.880615,82.30762,1.5194396
2023-07-18,31.352844,4.511833,81.225845,1.3209829
2023-07-19,28.817535,14.196396,90.56719,2.7814384
2023-07-20,31.622345,25.64907,75.45747,0.9100544
2023-07-21,31.141052,0.88119507,81.92923,0.2877587
2023-07-22,27.429718,57.257652,91.946915,3.2748652
2023-07-23,30.956177,7.232666,76.500565,1.0512387
2023-07-24,31.225067,0.2746582,81.74222,1.3680913
2023-07-25,29.695831,19.4664,85.65965,1.7049874
2023-07-26,29.888885,14.96315,85.719154,0.5351317
2023-07-27,29.999084,29.571533,79.729546,0.8247514
2023-07-28,29.33487,13.418198,84.45701,0.3124717
2023-07-29,29.349457,3.979683,82.47337,0.8295873
2023-07-30,30.8125,0.33187866,75.83701,1.0047323
2023-07-31,31.994812,2.6979446,75.40534,0.28031242
2023-08-01,32.518738,0.12874603,74.27092,0.43998784
2023-08-02,32.06772,6.465912,77.45183,0.9633011
2023-08-03,31.295502,20.942688,79.25863,0.8125554
2023-08-04,31.004395,7.0438385,83.83749,0.9503079
2023-08-05,30.370697,23.66066,82.08411,0.5498023
2023-08-06,31.777985,2.497673,79.83911,0.7524349
2023-08-07,30.789948,0.33187866,76.76521,0.39405
2023-08-08,32.11429,1.2331009,76.87687,0.5336377
2023-08-09,31.453827,3.4074783,78.93499,1.1462619
2023-08-10,31.14682,7.6875687,80.31604,1.336682
2023-08-11,31.442413,3.1414032,79.11173,0.85434
2023-08-12,32.783447,0.25463104,72.07695,1.3751115
2023-08-13,32.36087,1.8796921,75.1786,1.6273444
2023-08-14,30.12967,0.017166138,83.35275,2.7407658
2023-08-15,30.074738,20.021439,78.725975,1.3986368
2023-08-16,31.65213,0.11444092,76.55513,0.46043155
2023-08-17,32.026794,1.8196106,72.26621,0.6462402
2023-08-18,32.621246,0.77819824,73.61568,0.5223366
2023-08-19,30.825989,0.0,81.97549,0.87881505
2023-08-20,31.592804,0.0,77.32046,0.17441875
2023-08-21,32.68283,0.11444092,76.96966,0.6040464
2023-08-22,32.7464,1.2359619,73.57817,0.4477497
2023-08-23,31.620514,0.70381165,77.874466,4.0899816
2023-08-24,30.712555,2.1972656,76.084694,1.9917437
2023-08-25,29.845642,11.152267,79.63467,1.4316279
2023-08-26,27.59665,23.769379,86.43642,0.36182576
2023-08-27,29.879639,5.9394836,77.66875,0.9018357
2023-08-28,29.771423,2.12574,78.04204,0.8828338
2023-08-29,30.286316,0.37765503,74.71993,1.7087399
2023-08-30,31.566254,0.0,64.668945,0.20843865
2023-08-31,32.026764,0.017166138,70.23352,0.47536504
2023-09-01,32.594696,0.0,67.97517,0.89487416
2023-09-02,32.558838,0.0,63.71229,1.2005384
2023-09-03,32.561188,0.0,61.21773,0.58274287
2023-09-04,31.796173,1.127243,64.37107,0.5102974
2023-09-05,30.824463,3.7994385,70.91586,1.4847146
2023-09-06,31.31131,0.0,68.89968,0.09591279
2023-09-07,31.889526,0.0,69.135956,0.36243325
2023-09-08,32.453033,0.0,68.013245,1.062423
2023-09-09,31.163422,0.0,70.51014,0.42244688
2023-09-10,30.598541,0.91552734,76.868,1.1214566
2023-09-11,30.148315,2.5777817,80.265915,0.69501495
2023-09-12,31.722504,0.4863739,74.963974,0.112279244
2023-09-13,32.138092,0.008583069,74.50127,2.2739372
2023-09-14,31.61728,10.371208,77.73218,1.9137232
2023-09-15,28.809174,44.938087,82.903244,2.5908127
2023-09-16,29.763672,2.3202896,76.47823,0.8681391
2023-09-17,27.663177,0.48351288,87.028595,1.0868804
2023-09-18,26.92041,10.016441,81.19409,2.2022243
2023-09-19,26.98935,42.772293,88.49296,1.493347
2023-09-20,29.506195,0.04863739,74.50258,1.101389
2023-09-21,30.809052,0.022888184,73.158775,0.13841626
2023-09-22,29.299194,1.0471344,77.831245,0.99753624
2023-09-23,27.907562,1.2273788,80.53947,0.99891704
2023-09-24,26.988495,32.824516,82.5683,1.223916
2023-09-25,27.465607,2.74086,82.06798,1.1772144
2023-09-26,27.766632,0.0,77.910255,0.8950754
2023-09-27,28.277374,0.0,72.15558,1.6271921
2023-09-28,28.762299,0.0,67.81331,0.47112107
2023-09-29,28.08966,0.0,74.339714,0.23008633
2023-09-30,26.886932,0.0,67.679474,1.5220175
2023-10-01,26.691925,0.0,65.53512,1.9012411
2023-10-02,26.559906,0.0,61.654823,1.2633015
2023-10-03,27.135712,0.0,58.90392,1.0783517
2023-10-04,27.764008,0.0,62.232338,0.7633126
2023-10-05,27.762299,0.0,62.66815,1.0846907
2023-10-06,26.931,0.0,71.50819,1.3382177
2023-10-07,27.565521,0.0,72.68228,1.5795106
2023-10-08,28.715607,0.0,64.884026,0.7953096
2023-10-09,28.521759,0.04005432,70.023926,1.820079
2023-10-10,24.686401,2.2029877,68.70729,1.4505252
2023-10-11,25.721466,0.0,64.684,1.6583943
2023-10-12,26.11731,0.0,68.97756,0.36378264
2023-10-13,26.342255,0.0,69.19145,1.3084898
2023-10-14,23.738373,0.0,78.150116,0.5961876
2023-10-15,23.489502,4.6520233,73.87877,0.38863778
2023-10-16,20.043518,37.59384,91.81354,1.1355267
2023-10-17,19.370941,1.0585785,80.91032,2.8533354
2023-10-18,20.236847,0.0,76.08827,2.2155259
2023-10-19,21.55899,0.0,78.63677,1.7464389
2023-10-20,22.174805,0.0,78.99585,1.7552531
2023-10-21,22.81308,0.0,77.94942,0.19384538
2023-10-22,21.830719,0.0,84.01648,1.010548
2023-10-23,22.19931,0.0,79.606705,1.3078005
2023-10-24,23.474152,0.45776367,66.30686,1.5162206
2023-10-25,22.496857,0.0,75.10587,2.1071453
2023-10-26,22.430328,0.0,74.640274,2.233319
2023-10-27,22.645264,0.0,77.48618,0.9456356
2023-10-28,23.146332,0.0,81.54297,0.46759927
2023-10-29,23.582611,0.0,78.22523,0.14509474
2023-10-30,23.435333,0.0,81.51167,0.37570232
2023-10-31,23.71997,0.0,79.38628,0.7719222
2023-11-01,23.163422,0.0,80.57051,0.6391761
2023-11-02,22.944489,0.0,76.285034,1.4744455
2023-11-03,22.658203,0.0,76.65889,1.5825499
2023-11-04,22.21634,0.0,80.150055,1.6650169
2023-11-05,21.3096,0.0,76.49898,1.3550326
2023-11-06,21.315765,0.0,77.22815,0.49174687
2023-11-07,21.229584,0.0,84.21187,0.83596265
2023-11-08,20.822876,0.0,80.63748,1.3216777
2023-11-09,21.135284,6.0253143,79.450836,1.2268261
2023-11-10,17.574036,33.968925,86.44343,0.9902655
2023-11-11,18.19339,0.0,80.93479,2.5082872
2023-11-12,18.190277,0.0,80.13429,2.089134
2023-11-13,18.490936,0.0,81.839226,1.7560002
2023-11-14,18.551666,0.0,81.040726,2.2179222
2023-11-15,18.26294,0.0,80.618454,2.3403482
2023-11-16,18.15921,0.0,79.84943,1.2500093
2023-11-17,18.509125,0.0,76.60956,1.9388655
2023-11-18,17.916168,0.0,74.71318,1.7296466
2023-11-19,18.007782,0.0,71.93598,1.4412019
2023-11-20,17.704803,0.0,77.18098,1.8314394
2023-11-21,17.154907,0.0,75.779686,1.5394484
2023-11-22,16.391022,0.0,78.224556,1.6042731
2023-11-23,16.935608,0.0,78.61513,0.92823654
2023-11-24,16.505585,0.0,82.05676,1.5197096
2023-11-25,16.186218,0.0,77.703964,1.5461578
2023-11-26,17.145966,0.0,83.1845,1.0303583
2023-11-27,16.8609,0.08010864,86.81902,1.7688823
2023-11-28,18.237823,0.0,77.404,1.4785469
2023-11-29,18.632263,0.0,75.74186,0.77646565
2023-11-30,16.863953,47.361374,93.16617,2.2021706
2023-12-01,16.268463,0.0,82.44642,2.3152418
2023-12-02,16.69162,0.0,84.23602,1.8931956
2023-12-03,17.314972,0.0,78.591805,1.1321607
2023-12-04,17.230743,0.0,81.92584,0.4931495
2023-12-05,16.249908,0.0,87.41086,0.7225196
2023-12-06,15.196686,0.0,80.352104,2.3420796
2023-12-07,15.363312,0.0,80.27691,1.4664555
2023-12-08,14.42984,0.0,79.07526,1.4240245
2023-12-09,13.703735,0.0,82.5392,1.942533
2023-12-10,13.970306,0.0,77.36958,1.9672388
2023-12-11,13.916595,0.0,80.419525,0.60297483
2023-12-12,14.334991,0.0,79.0955,0.690038
2023-12-13,13.397736,0.0,80.00514,1.4461082
2023-12-14,11.371277,0.0,85.86983,1.792931
2023-12-15,13.359222,0.0,74.290115,0.7522433
2023-12-16,11.962189,0.5722046,79.38811,2.1159062
2023-12-17,12.706238,0.0,81.18348,2.326448
2023-12-18,12.806549,0.0,78.51171,2.083796
2023-12-19,12.312225,0.0,75.03253,1.8372301
2023-12-20,11.716644,0.0,76.88042,1.4992318
2023-12-21,12.101135,0.0,79.540535,0.30828422
2023-12-22,10.926025,0.0,87.69263,1.2310483
2023-12-23,16.287262,0.0,74.01806,1.1281624
2023-12-24,12.525879,0.0,90.14848,1.3637464
2023-12-25,13.491364,0.0,75.36924,1.8097161
2023-12-26,13.812988,0.0,72.747246,0.58201027
2023-12-27,12.218475,0.0,91.85589,1.3490689
2023-12-28,10.717163,0.0,95.62207,1.0270191
2023-12-29,11.46463,0.49209595,93.77821,0.6425812
2023-12-30,11.196716,0.08010864,90.70265,0.49317405
2023-12-31,10.863556,0.16880035,91.22695,0.6380283
2024-01-01,9.692474,0.005722046,97.57531,1.613322
2024-01-02,9.656158,0.0,92.2907,1.1684871
2024-01-03,9.672241,0.017166138,90.20768,0.30097556
2024-01-04,7.871399,0.0,95.37327,1.4930767
2024-01-05,8.339752,0.20599365,94.97442,0.378639
2024-01-06,7.4841614,0.054359436,97.899,1.0853724
2024-01-07,7.684784,0.034332275,92.855034,0.70285153
2024-01-08,7.4888,0.045776367,93.81502,0.68885976
2024-01-09,8.584473,0.002861023,92.53984,0.7720633
2024-01-10,7.6566467,0.0,94.32499,1.9739916
2024-01-11,8.100464,0.002861023,88.328766,0.2649433
2024-01-12,7.457184,0.0,89.097336,0.6622704
2024-01-13,8.24588,0.19741058,89.95139,0.5664106
2024-01-14,7.799652,0.22315979,93.64836,1.5195038
2024-01-15,7.1098022,0.35190582,94.79767,1.0802495
2024-01-16,7.910309,0.21457672,88.860405,0.75455767
2024-01-17,10.268738,0.011444092,80.2334,0.26517257
2024-01-18,10.420532,0.0,88.75323,1.3401823
2024-01-19,9.560577,0.0,93.31583,0.5637617
2024-01-20,9.033661,0.0,89.55761,0.9697466
2024-01-21,8.794464,0.0,91.77657,1.6847155
2024-01-22,8.787811,0.005722046,88.37249,0.24901536
2024-01-23,8.944733,0.034332275,86.8713,1.1568826
2024-01-24,6.9487305,0.0,95.82603,1.3798023
2024-01-25,8.692993,0.0,90.18359,1.1046654
2024-01-26,12.110992,0.9326935,78.038,1.6852819
2024-01-27,12.813385,0.0,73.03078,1.8244582
2024-01-28,13.155609,0.0,79.16257,1.4511707
2024-01-29,14.396637,0.0,75.368385,0.16204362
2024-01-30,13.408966,0.65517426,84.896996,1.2452072
2024-01-31,15.148376,1.9512177,82.51375,1.6474805
2024-02-01,14.082611,15.85865,85.249084,0.55010897
2024-02-02,13.150787,0.0,70.20634,1.4985033
2024-02-03,13.548279,0.4119873,70.59183,1.2668232
2024-02-04,13.05545,6.005287,83.37527,1.5046513
2024-02-05,12.20578,0.0,80.660164,1.5265502
2024-02-06,12.749298,0.0,71.63211,1.9950219
2024-02-07,12.360382,0.0,68.85983,2.122011
2024-02-08,14.535553,0.0,57.315548,2.853387
2024-02-09,14.092773,0.0,73.081665,0.9802897
2024-02-10,15.3394165,0.0,73.760895,0.20946023
2024-02-11,15.802948,0.0,71.68817,1.3427393
2024-02-12,14.857819,0.0,78.77109,1.3101574
2024-02-13,16.99649,0.0,73.20613,1.5516088
2024-02-14,16.484772,0.0,65.14208,2.0827155
2024-02-15,16.507324,0.0,68.17074,1.524207
2024-02-16,16.222076,0.0,68.3575,1.3883358
2024-02-17,17.046844,0.0,72.912704,2.049734
2024-02-18,15.529114,0.0,81.08661,3.43213
2024-02-19,20.24524,0.5607605,63.699295,5.845344
2024-02-20,17.120697,0.09727478,86.77181,1.6795756
2024-02-21,15.945587,0.06580353,68.125984,1.9028945
2024-02-22,15.872955,0.0,60.393333,2.219952
2024-02-23,15.283447,0.0,57.807343,1.5720217
2024-02-24,16.255676,0.0,51.228584,0.81495386
2024-02-25,15.704559,0.0,61.39145,0.6424624
2024-02-26,14.845062,0.0,63.80543,2.6707828
2024-02-27,18.254456,0.0,53.127884,2.7515182
2024-02-28,16.991943,0.0,62.871445,1.860391
2024-02-29,16.93576,0.0,67.5538,2.0502546
2024-03-01,17.592499,13.881683,79.153145,0.4282511
2024-03-02,18.066559,10.920525,83.325966,6.1615314
2024-03-03,14.165741,0.0,56.19781,1.761725
2024-03-04,13.13092,0.0,62.618248,1.9861001
2024-03-05,14.376556,0.0,65.63698,1.633092
2024-03-06,15.091644,0.0,62.076313,1.1818572
2024-03-07,17.257568,1.0213852,61.758087,1.8223191
2024-03-08,17.506836,0.0,60.891254,1.8726094
2024-03-09,18.84134,0.0,57.55967,1.9176873
2024-03-10,18.742218,0.0,61.90976,0.9830242
2024-03-11,19.366333,1.0128021,69.6773,0.55282027
2024-03-12,20.478363,0.0,60.098274,1.7867119
2024-03-13,19.00534,2.74086,68.37306,0.6208676
2024-03-14,20.072418,0.02861023,56.860054,2.4008272
2024-03-15,19.940887,0.0,52.64569,2.330074
2024-03-16,20.055756,0.0,52.675117,1.7396064
2024-03-17,20.610992,0.0,54.64052,1.1723709
2024-03-18,21.258331,0.0,54.09022,1.7235531
2024-03-19,22.946106,0.0,54.923267,0.58387125
2024-03-20,23.625183,0.0,54.43552,0.3035012
2024-03-21,24.698517,0.0,59.408665,1.1369147
2024-03-22,24.393341,0.8068085,68.04623,1.4650598
2024-03-23,24.485718,0.0,52.947945,1.7641
2024-03-24,25.790985,0.41770935,49.44258,1.4544468
2024-03-25,25.70868,0.0,51.103317,1.6071812
2024-03-26,24.15091,0.33187866,60.47891,1.2773219
2024-03-27,24.410492,0.18596649,68.89397,0.9229363
2024-03-28,24.519714,0.0,61.9659,3.0201511
2024-03-29,26.658295,0.0,57.791405,2.3314276
2024-03-30,24.786407,2.7980804,61.743134,1.1587793
2024-03-31,22.802277,3.8366318,64.7039,1.6315267
2024-04-01,23.685638,0.0,49.7042,1.6953976
2024-04-02,23.684174,0.0,50.703938,2.0185635
2024-04-03,24.684845,1.2989044,52.043064,1.3399934
2024-04-04,24.759552,0.0,48.488853,1.9814104
2024-04-05,25.67871,0.0,42.408028,2.1790102
2024-04-06,25.42691,0.0,38.496487,2.1919339
2024-04-07,26.023163,0.0,35.278175,1.9781885
2024-04-08,26.388031,0.0,38.18623,0.5785308
2024-04-09,26.78238,0.0,40.484497,0.8007548
2024-04-10,25.974792,0.0,45.61983,0.8694292
2024-04-11,27.780914,0.0,36.36444,4.148869
2024-04-12,27.06961,0.005722046,39.448956,2.0751867
2024-04-13,23.87741,1.7538071,54.95136,0.7317627
2024-04-14,22.600006,4.966736,70.15398,1.2284263
2024-04-15,23.273834,31.682968,72.991905,0.71406156
2024-04-16,24.617126,0.0,58.486324,2.2700443
2024-04-17,25.90094,0.0,44.10135,2.349565
2024-04-18,26.877197,0.09441376,47.78135,0.9790381
2024-04-19,23.539764,16.605377,70.36033,2.097027
2024-04-20,25.202484,0.8611679,53.989994,2.34205
2024-04-21,26.945587,0.0,49.360306,1.4049057
2024-04-22,26.742828,1.0871887,50.123512,0.7296139
2024-04-23,25.80832,0.4749298,48.943256,1.6164252
2024-04-24,27.085724,0.60653687,42.9176,2.2628512
2024-04-25,28.888947,0.0,38.6279,1.6949903
2024-04-26,28.39331,2.7036667,40.895454,0.59108084
2024-04-27,25.922058,3.3245087,51.35975,2.6752527
2024-04-28,26.77652,6.1569214,52.107113,0.99362135
2024-04-29,22.08609,36.8042,74.11331,2.602877
2024-04-30,22.501923,0.0,50.294876,4.037346
2024-05-01,23.598785,0.0,46.691757,1.7111849
2024-05-02,26.286652,0.0,40.340622,1.8494753
2024-05-03,25.72229,0.0,46.754883,1.0033137
2024-05-04,30.464508,0.0,31.357494,2.9148352
2024-05-05,30.36972,0.0,39.786995,3.1198785
2024-05-06,32.33249,0.0,36.37279,2.236628
2024-05-07,32.4841,0.0,30.891878,1.0284525
2024-05-08,32.44406,0.0,34.39123,1.140031
2024-05-09,33.91269,0.005722046,43.081303,2.8953578
2024-05-10,32.02182,0.0,48.255432,1.2626742
2024-05-11,30.426392,0.02861023,45.88068,1.0975735
2024-05-12,29.796112,0.33187866,50.66716,2.2096996
2024-05-13,29.959259,0.0,39.059086,2.310355
2024-05-14,31.760773,0.0,31.8524,2.15301
2024-05-15,33.41107,0.0,28.552368,0.9808885
2024-05-16,35.378998,0.0,32.573463,0.5213176
2024-05-17,35.50009,0.022888184,29.917326,1.4668791
2024-05-18,35.26584,1.3561249,30.685175,3.4190671
2024-05-19,35.476593,0.17738342,29.993454,2.0849216
2024-05-20,36.020294,0.0,27.375095,1.7156754
2024-05-21,35.729706,0.0,27.413195,2.0694249
2024-05-22,36.570282,0.0,30.232536,0.9948913
2024-05-23,35.64911,0.0,41.205517,2.6819994
2024-05-24,35.407623,8.268356,46.197796,0.5996217
2024-05-25,35.3862,0.0,31.982037,2.8719897
2024-05-26,36.671844,0.0,30.88255,2.782225
2024-05-27,36.936188,0.0,23.28664,2.2177746
2024-05-28,37.571747,0.0,18.589273,1.9618169
2024-05-29,36.589935,0.0,24.697102,1.4509683
2024-05-30,36.54007,0.0,23.670696,2.3514576
2024-05-31,36.456818,0.0,24.432203,1.3020072
2024-06-01,35.594025,0.16307831,27.115362,1.0328017
2024-06-02,35.802948,1.1930466,30.524345,2.0495667
2024-06-03,35.809937,8.308411,31.837875,4.7007847
2024-06-04,34.421844,7.581711,36.091595,0.5619316
2024-06-05,34.005493,0.0,41.226646,0.8885257
2024-06-06,31.391327,0.0,44.134914,2.462918
2024-06-07,32.208313,0.0,40.055065,1.6982985
2024-06-08,32.932648,1.1959076,36.625877,2.318223
2024-06-09,33.736725,0.0,31.931805,2.8180544
2024-06-10,34.782684,0.0,28.277117,2.8376057
2024-06-11,35.943054,0.0,27.051714,2.8540995
2024-06-12,37.08902,0.0,24.519602,1.1358049
2024-06-13,36.706146,0.0,26.793394,2.8919845
2024-06-14,37.009277,0.0,29.899614,2.0245712
2024-06-15,36.930206,0.0,30.582432,2.551538
2024-06-16,38.029816,0.0,32.322235,2.8941975
2024-06-17,37.702972,0.005722046,34.484474,1.891383
2024-06-18,36.94449,5.9480667,34.501682,2.2268536
2024-06-19,37.46231,0.10871887,40.470947,2.5732548
2024-06-20,32.52011,1.490593,50.837223,3.7683892
2024-06-21,31.144806,1.502037,57.64232,1.3804858
2024-06-22,33.68686,0.0,47.31846,0.5361823
2024-06-23,35.143738,0.0,42.965126,0.84548086
2024-06-24,36.477722,0.0,39.349667,1.0186365
2024-06-25,36.434906,0.0,44.448875,0.85453326
2024-06-26,37.32248,0.0,42.139107,1.588536
2024-06-27,33.17868,0.120162964,60.338623,3.8266485
2024-06-28,34.94113,0.034332275,52.13794,1.1186798
2024-06-29,34.45401,15.618324,59.36827,1.4088254
2024-06-30,33.30081,1.8568039,65.17541,1.3067429
2024-07-01,33.704315,4.257202,67.0951,0.41628358
2024-07-02,34.16153,8.4171295,67.56092,1.6526628
2024-07-03,34.266235,0.7839203,69.936226,4.1056776
2024-07-04,30.391144,3.745079,78.71042,2.6600103
2024-07-05,32.281982,2.0942688,71.72484,0.66097206
2024-07-06,27.668152,39.10446,84.84309,1.2763116
2024-07-07,30.624634,3.2444,73.54166,2.2687626
2024-07-08,32.685425,0.0,69.71991,0.9415258
2024-07-09,33.440063,1.7280579,64.64283,0.8658267
2024-07-10,32.444946,4.237175,71.20697,0.5953141
2024-07-11,33.56613,0.0,65.00982,1.4628202
2024-07-12,29.174316,20.227432,78.01649,1.1389506
2024-07-13,30.608124,0.30326843,67.09676,1.0103263
2024-07-14,32.68106,0.002861023,66.245445,0.50618815
2024-07-15,34.203186,0.0,61.818504,0.91160357
2024-07-16,34.834442,0.0,61.855644,0.43258572
2024-07-17,34.85428,2.2659302,62.48205,0.57297605
2024-07-18,32.129852,0.5264282,68.85083,1.4246795
2024-07-19,33.519867,0.0,64.92924,1.056278
2024-07-20,34.65085,0.78964233,66.76116,1.4780316
2024-07-21,32.712708,0.011444092,71.81217,1.7050664
2024-07-22,32.73294,11.120796,74.48898,1.4375852
2024-07-23,30.834747,17.606735,77.60476,1.786225
2024-07-24,32.86679,0.22029877,71.35626,0.714406
2024-07-25,34.014893,2.3975372,70.618454,1.1680214
2024-07-26,32.822113,8.720398,71.98082,1.4220212
2024-07-27,32.980347,8.97789,78.65575,1.026558
2024-07-28,31.235016,21.334648,86.781944,1.8789477
2024-07-29,31.581757,47.06955,81.70154,0.6443178
2024-07-30,32.63388,0.011444092,77.011475,0.66953725
2024-07-31,33.17401,11.269569,77.790245,1.4546874
2024-08-01,28.337372,117.91992,90.851974,3.955355
2024-08-02,31.164825,18.499374,79.04122,0.9579162
2024-08-03,31.456512,5.6591034,77.1437,2.6212556
2024-08-04,29.933197,6.869316,83.721565,2.353484
2024-08-05,31.05246,12.496948,81.41396,0.6049588
2024-08-06,31.84076,5.0754547,78.299995,1.6131111
2024-08-07,30.080353,4.9066544,84.51921,3.1928477
2024-08-08,30.332794,34.755707,83.82825,2.1172936
2024-08-09,31.088043,1.4448166,80.57763,1.4044373
2024-08-10,30.589478,3.8366318,84.437126,2.6235144
2024-08-11,27.756226,15.183449,91.67119,2.6008878
2024-08-12,30.305634,0.48923492,77.95454,1.465394
2024-08-13,31.189941,1.8253326,80.14147,1.4716855
2024-08-14,31.574371,4.1399,81.83006,1.2214968
2024-08-15,29.616913,11.378288,86.403435,0.8742677
2024-08-16,31.026459,7.6618195,80.82854,0.046631705
2024-08-17,27.938995,9.183884,91.67673,1.2801882
2024-08-18,28.962006,29.611588,90.241974,0.75489867
2024-08-19,30.211273,14.971733,84.19921,0.91233003
2024-08-20,29.959625,5.876541,83.79328,0.95692426
2024-08-21,30.410797,3.85952,81.910416,0.05403956
2024-08-22,30.944855,0.02861023,79.15,1.0855013
2024-08-23,31.251465,0.91838837,78.48814,0.21574485
2024-08-24,30.479156,2.3517609,77.68355,1.3960248
2024-08-25,31.320587,0.0,77.15055,1.5547956
2024-08-26,30.591644,0.017166138,79.94735,0.6407519
2024-08-27,27.64856,25.239944,83.35188,2.181563
2024-08-28,28.170807,11.137962,85.22443,1.6729231
2024-08-29,25.676422,18.871307,96.837204,3.1972644
2024-08-30,27.924652,1.5735626,84.9448,1.3136702
2024-08-31,29.790771,0.0,79.82758,1.871791
2024-09-01,31.194214,4.240036,77.34613,1.6211203
2024-09-02,29.329315,61.489105,87.68111,1.8360919
2024-09-03,27.911804,2.1886826,86.714676,0.67709994
2024-09-04,29.47232,2.111435,80.328636,1.0887723
2024-09-05,29.570648,10.394096,80.66089,0.86827755
2024-09-06,29.071655,18.771172,82.10379,1.1514558
2024-09-07,29.248901,9.429932,80.13418,0.845147
2024-09-08,30.3107,0.2861023,77.83414,0.49867555
2024-09-09,31.17511,2.1457672,77.93543,1.1011465
2024-09-10,29.868927,14.562607,82.1995,1.2264653
2024-09-11,30.590912,0.0,72.83118,0.89673793
2024-09-12,31.325653,0.0,70.60509,0.4823395
2024-09-13,30.156158,2.6464462,76.377075,0.5460446
2024-09-14,29.213135,1.5964508,74.10104,0.83666795
2024-09-15,30.216034,0.0,74.75615,0.35258484
2024-09-16,30.067993,0.0,70.76036,0.7034776
2024-09-17,31.195892,0.0,69.96602,0.7786302
2024-09-18,29.947266,0.0,74.95201,1.2734067
2024-09-19,28.436798,0.9441376,74.00967,1.8959603
2024-09-20,29.501404,0.0,66.85961,0.62606907
2024-09-21,30.571747,0.0,70.90796,0.33947492
2024-09-22,31.530304,0.0,70.796,0.5717146
2024-09-23,31.828827,0.0,72.48042,0.18914358
2024-09-24,32.107025,0.0,69.12211,0.5754749
2024-09-25,31.46112,0.0,72.82978,0.67664456
2024-09-26,29.408234,1.3589859,82.524475,2.7800148
2024-09-27,28.056885,0.13160706,81.48573,0.9331493
2024-09-28,27.175507,0.0,80.327156,0.6459818
2024-09-29,28.630585,0.17738342,74.86929,0.33480254
2024-09-30,29.391785,0.0,71.618225,1.2941557
2024-10-01,30.147125,0.0,72.44499,1.1062127
2024-10-02,29.967651,0.0,70.28879,0.12508284
2024-10-03,29.880188,0.0,73.55035,0.18081138
2024-10-04,30.29367,0.005722046,64.45824,0.56657475
2024-10-05,29.895721,0.0371933,73.40751,0.47625896
2024-10-06,26.663086,0.0,69.97127,1.465062
2024-10-07,27.431,0.0,68.114006,0.5934503
2024-10-08,26.373444,0.0,77.312256,0.20498072
2024-10-09,26.631287,0.0,64.43389,1.6758155
2024-10-10,25.9747,0.0,60.036747,1.762768
2024-10-11,26.121552,0.0,65.341415,1.5318769
2024-10-12,27.127533,0.0,56.21247,0.19968724
2024-10-13,26.348846,0.0,66.69167,0.4350458
2024-10-14,25.947754,0.0,67.489914,0.07328901
2024-10-15,26.111176,0.0,63.4507,1.0232625
2024-10-16,25.589874,0.0,72.20719,1.5798849
2024-10-17,25.747162,0.0,72.81706,1.5636481
2024-10-18,26.1456,0.0,72.17239,1.4559066
2024-10-19,26.271332,0.0,74.04481,0.52441037
2024-10-20,26.026337,0.0,74.145935,1.2055658
2024-10-21,26.269867,0.0,72.75056,0.97390443
2024-10-22,25.80362,0.120162964,78.30651,1.1074942
2024-10-23,25.642548,0.0,70.753365,1.230305
2024-10-24,25.516754,0.0,64.739204,1.9875144
2024-10-25,24.514313,0.0,59.244583,2.0437396
2024-10-26,24.707672,0.0,60.388737,0.999956
2024-10-27,23.847778,0.0,74.9277,1.7802553
2024-10-28,24.889465,0.0,71.848015,1.5556266
2024-10-29,25.515167,0.0,70.911835,0.8667955
2024-10-30,25.301666,0.0,69.57414,1.5065198
2024-10-31,25.175568,0.0,57.08593,2.1579714
2024-11-01,23.868378,0.0,56.677765,1.4399465
2024-11-02,23.211823,0.0,64.39725,1.1474702
2024-11-03,23.249695,0.0,63.623493,0.6855404
2024-11-04,23.420776,0.0,65.23441,0.7950968
2024-11-05,23.013733,0.0,70.22376,1.7262408
2024-11-06,23.039948,0.0,71.91856,0.95959324
2024-11-07,22.468323,0.0,79.387245,1.3918803
2024-11-08,22.257477,0.0,79.10656,1.5387359
2024-11-09,21.873718,0.0,81.89057,1.1500224
2024-11-10,21.86087,0.0,83.027176,0.38920408
2024-11-11,19.87033,2.122879,92.33053,1.081423
2024-11-12,21.344116,0.0,84.88159,1.2188133
2024-11-13,20.606598,0.0,83.50147,0.33769992
2024-11-14,19.763153,0.0,86.06577,0.5374702
2024-11-15,18.767853,0.0,88.83975,1.1880825
2024-11-16,17.99527,0.02861023,89.87978,1.2185457
2024-11-17,18.763336,0.0,80.524124,1.1165358
2024-11-18,18.15924,0.0,74.50312,1.4567791
2024-11-19,17.910126,0.0,68.72886,0.55569744
2024-11-20,17.793732,0.0,64.08189,1.4196337
2024-11-21,17.454498,0.0,70.208725,1.3091238
2024-11-22,17.713959,0.0,75.45333,1.5396518
2024-11-23,17.220856,0.0,79.234276,1.8919998
2024-11-24,18.426636,0.0,78.30412,1.5192661
2024-11-25,17.814697,0.0,72.64734,2.0278773
2024-11-26,16.339691,0.0,72.03106,1.3689578
2024-11-27,16.371063,0.0,71.95842,0.52905667
2024-11-28,16.769379,0.0,74.145035,0.9300861
2024-11-29,15.89856,0.0,77.21933,1.5724663
2024-11-30,16.07251,0.0,68.50919,1.872035
2024-12-01,15.547607,0.0,75.97772,1.284381
2024-12-02,17.037384,0.0,74.51772,1.10943
2024-12-03,17.269928,0.0,71.67233,1.778182
2024-12-04,16.829132,0.0,59.92636,2.472285
2024-12-05,14.789551,0.0,65.80083,0.9798521
2024-12-06,13.511902,0.0,67.01138,1.5862998
2024-12-07,13.253387,0.0,64.546844,0.77174294
2024-12-08,12.934357,1.1844635,75.13317,1.0527717
2024-12-09,12.751099,0.0,68.39033,0.346669
2024-12-10,11.141846,0.0,64.45063,1.9975485
2024-12-11,10.761902,0.0,60.8154,2.3958075
2024-12-12,11.155853,0.0,66.37382,1.0449774
2024-12-13,12.635834,0.0,57.409256,2.3976712
2024-12-14,11.554321,0.0,61.23274,2.0316625
2024-12-15,10.744171,0.0,70.660034,1.4931769
2024-12-16,10.675934,0.0,65.58758,1.8555552
2024-12-17,11.191223,0.0,70.81474,1.8740269
2024-12-18,10.729889,0.0,75.77829,1.8018519
2024-12-19,10.279816,0.0,79.0505,0.8347299
2024-12-20,11.249054,0.0,80.09568,1.435435
2024-12-21,10.395355,0.0,75.195465,1.9203843
2024-12-22,11.210175,0.0,77.70981,0.16935486
2024-12-23,11.207001,0.0,78.72729,1.7398967
2024-12-24,12.85495,0.0,74.244965,1.4775596
2024-12-25,12.494843,0.0,76.68001,1.673366
2024-12-26,13.550171,0.0,69.51581,0.89978135
2024-12-27,10.940918,1.1644363,92.439156,1.4196436
2024-12-28,13.103638,7.3156357,90.67583,0.8907033
2024-12-29,12.1493225,0.0,89.86104,1.8415638
2024-12-30,10.26651,0.0,91.06455,1.243641
2024-12-31,9.450714,0.0,93.35843,0.47175834
2025-01-01,9.845245,0.0,93.621216,1.4146638
2025-01-02,11.010223,0.0,86.30837,1.2010447
2025-01-03,12.402954,0.0,85.20275,0.44359097
2025-01-04,11.377533,0.060081482,89.98911,1.4653964
2025-01-05,12.524139,7.484436,90.71016,1.6128699
2025-01-06,13.230621,0.0,85.64707,0.4577865
2025-01-07,12.802887,0.0,81.67833,1.9748839
2025-01-08,11.958527,0.0,74.01119,0.8966975
2025-01-09,12.401611,0.0,78.3096,1.1991719
2025-01-10,9.9861145,0.0,91.37716,0.9810957
2025-01-11,10.892792,0.18882751,90.90613,1.0706366
2025-01-12,14.232605,2.749443,78.043594,1.5339127
2025-01-13,12.352753,0.0,78.02995,1.6992887
2025-01-14,12.340973,0.0,73.67181,1.708728
2025-01-15,12.566101,0.0,71.91809,0.67158395
2025-01-16,11.255798,0.3232956,89.07272,1.6012564
2025-01-17,11.86441,0.0,82.791115,2.0789392
2025-01-18,12.496216,0.0,82.7005,0.54670376
2025-01-19,12.034454,0.0,82.01983,1.0429782
2025-01-20,15.088074,0.0,69.518326,2.1311564
2025-01-21,14.701874,0.0,71.94517,2.342114
2025-01-22,14.971893,0.0,71.14676,2.1539052
2025-01-23,14.66745,0.0,69.22692,1.8910477
2025-01-24,14.190765,0.0,61.1812,2.0837007
2025-01-25,13.64682,0.0,59.068344,2.416227
2025-01-26,13.080597,0.0,66.71369,2.438481
2025-01-27,12.507721,0.0,72.09024,1.4837822
2025-01-28,13.400726,0.0,72.42745,1.5286739
2025-01-29,13.716278,0.40340424,79.630806,2.0205965
2025-01-30,16.38153,0.0,71.643974,0.4970831
2025-01-31,15.6857605,0.8468628,78.393616,0.8991699
2025-02-01,15.927856,0.4005432,81.93625,1.5607579
2025-02-02,15.167725,0.0,83.00998,1.4886844
2025-02-03,14.133881,0.0,75.40996,0.89207
2025-02-04,13.974213,0.4234314,73.53882,0.66102415
2025-02-05,14.522156,0.0,64.80887,1.1261135
2025-02-06,14.405518,0.0,64.11122,1.5637754
2025-02-07,14.944244,0.0,56.850304,2.3770618
2025-02-08,15.221893,0.0,60.969955,1.9780566
2025-02-09,16.042755,0.0,60.40737,1.8216504
2025-02-10,17.266876,0.0,61.743855,0.8020122
2025-02-11,17.077637,0.0,64.0423,1.9901165
2025-02-12,16.657593,0.0,56.78164,1.9933791
2025-02-13,15.30072,0.0,53.890884,2.2207198
2025-02-14,15.734833,0.0,57.75437,1.9741168
2025-02-15,19.417694,1.7967224,48.382698,1.9060751
2025-02-16,18.050476,0.0,68.62647,0.9065472
2025-02-17,18.446442,0.0,67.85389,0.86097294
2025-02-18,18.668732,0.0,60.944485,1.664253
2025-02-19,17.469208,0.0,60.372276,1.4784225
2025-02-20,14.669708,44.18564,89.548004,1.3388888
2025-02-21,15.242889,0.0,78.25529,1.1855217
2025-02-22,17.603546,0.014305115,69.563484,1.4539528
2025-02-23,18.135681,0.0,69.93904,1.0676603
2025-02-24,18.446808,0.0,71.50436,1.6362437
2025-02-25,16.95993,0.9212494,80.1574,0.78229797
2025-02-26,20.69522,0.0,67.97815,2.3158326
2025-02-27,17.92273,27.480125,82.98512,3.2749596
2025-02-28,16.814758,42.92965,87.74065,1.5714551
2025-03-01,18.253845,0.002861023,76.79917,1.6578554
2025-03-02,17.439728,0.0,66.918304,1.427352
2025-03-03,16.480865,0.0,74.64133,2.0447865
2025-03-04,16.573395,0.002861023,66.98501,1.7819744
2025-03-05,16.524628,0.0,52.542072,3.4676633
2025-03-06,17.711761,0.0,55.266495,1.6764708
2025-03-07,18.91269,0.0,63.46225,1.4485046
2025-03-08,19.836182,0.0,57.72256,1.2658848
2025-03-09,19.782806,0.0,64.29674,1.1209351
2025-03-10,21.59726,0.18882751,71.51741,1.079225
2025-03-11,21.200073,0.0,65.87044,1.8454343
2025-03-12,22.47873,0.0,64.61108,2.1915808
2025-03-13,21.483246,0.0,68.35684,2.5864136
2025-03-14,19.39743,0.41770935,70.65738,2.1100864
2025-03-15,18.747406,11.206627,78.00616,1.523015
2025-03-16,19.642242,0.05722046,70.83922,0.89201194
2025-03-17,21.04245,0.0,63.88853,0.48114306
2025-03-18,21.508636,0.0,61.475025,1.0178388
2025-03-19,22.455475,0.6351471,61.725773,0.47424346
2025-03-20,22.692963,0.0,56.34927,0.8438802
2025-03-21,22.476044,0.0,53.439808,1.1615436
2025-03-22,22.643707,0.0,56.5545,0.36423013
2025-03-23,23.539886,0.0,55.945183,0.26210755
2025-03-24,24.345062,0.0,53.920258,0.4765451
2025-03-25,23.60788,0.0,62.68767,1.2670664
2025-03-26,26.427399,0.0,54.517303,1.4725138
2025-03-27,27.108337,0.0,39.371853,2.949215
2025-03-28,21.539581,0.0,30.152428,2.5737667
2025-03-29,21.029724,0.0,35.427536,2.7818708
2025-03-30,21.520172,0.0,40.78579,1.8643275
2025-03-31,22.856567,0.0,35.709496,2.1215668
2025-04-01,23.33017,0.0,36.47047,1.5534528
2025-04-02,24.589142,0.0,41.56318,0.83394223
2025-04-03,23.320374,0.0,43.25542,1.8845329
2025-04-04,25.411774,0.0,35.85005,2.4605763
2025-04-05,26.743774,0.0,39.390102,1.5279474
2025-04-06,27.914642,0.0,41.728916,0.513693
2025-04-07,29.488617,0.0,43.491875,1.188794
2025-04-08,29.143402,0.0,43.68197,1.9319603
2025-04-09,29.572174,0.0,47.709526,1.6836569
2025-04-10,29.851715,0.0,43.720528,1.565376
2025-04-11,26.589935,0.0,50.257935,1.3171864
2025-04-12,25.684143,0.05722046,50.27128,2.459992
2025-04-13,26.684967,0.0,51.94297,0.36163145
2025-04-14,28.8208,0.0,50.011032,1.108692
2025-04-15,30.294281,0.0,45.830162,1.2270901
2025-04-16,30.948029,1.2817383,44.672993,1.8801471
2025-04-17,29.65805,0.0,43.944897,0.82432026
2025-04-18,30.580536,0.0,48.21996,0.9326581
2025-04-19,32.18747,0.022888184,29.465178,2.8722315
2025-04-20,32.047577,1.9512177,34.844925,2.9034472
2025-04-21,29.925323,0.0,36.80465,2.4464455
2025-04-22,30.058472,0.0,28.868082,1.0584718
2025-04-23,30.635315,0.0,25.80028,2.0528004
2025-04-24,30.899323,1.87397,22.551514,0.93198574
2025-04-25,31.37088,0.0,19.419113,1.2390873
2025-04-26,30.796997,0.0,24.47493,0.48606652
2025-04-27,31.25586,0.0,23.63758,0.3910756
2025-04-28,32.189575,0.0,21.844366,0.63424903
2025-04-29,31.852234,0.0,33.40302,2.3453054
2025-04-30,32.611847,0.0,39.025414,1.9713632
2025-05-01,32.47055,16.35933,44.700584,1.1792704
2025-05-02,25.983002,0.21457672,61.965836,2.805036
2025-05-03,27.490509,7.713318,59.38818,3.3350186
2025-05-04,27.174072,9.2868805,59.55584,2.4196463
2025-05-05,26.576721,0.0,63.825912,2.2255638
2025-05-06,28.485748,0.017166138,50.523586,0.92239106
2025-05-07,29.463379,0.8096695,53.461,1.5947981
2025-05-08,27.88443,0.017166138,62.781746,2.2285788
2025-05-09,28.79715,2.6607513,58.038406,1.3928956
2025-05-10,30.340057,13.472557,56.900906,1.078035
2025-05-11,29.433014,18.364906,58.55034,0.46566737
2025-05-12,30.423065,4.47464,46.310635,0.8462402
2025-05-13,31.97879,2.9640198,39.240524,1.0523527
2025-05-14,33.757782,0.0,31.343979,0.934124
2025-05-15,34.780212,0.0,30.969507,2.0179205
2025-05-16,33.759186,0.0,32.477116,1.5174932
2025-05-17,34.967773,0.0,29.708614,0.6792835
2025-05-18,35.318634,0.0,33.572464,1.2684823
2025-05-19,35.424316,0.0,35.47225,2.8620584
2025-05-20,35.966278,0.0,34.286697,0.62799567
2025-05-21,33.948822,5.2700043,44.124664,0.8738293
2025-05-22,33.138336,0.0,42.489365,3.8907912
2025-05-23,34.016205,0.0,45.534996,2.3932114
2025-05-24,33.85672,1.616478,45.97168,1.4664763
2025-05-25,27.962189,80.3833,60.599667,3.3943686
2025-05-26,31.7211,0.0,50.924927,0.9752141
2025-05-27,33.67224,0.0,48.81252,1.200117
2025-05-28,34.26538,0.0,40.813698,1.4915383
2025-05-29,33.425446,0.68092346,43.029057,1.0271242
2025-05-30,31.382172,2.995491,46.547504,2.6090014
2025-05-31,31.190338,3.3245087,49.10689,1.5028715
2025-06-01,30.86142,0.25177002,36.551224,1.454868
2025-06-02,31.062714,0.37765503,35.36305,1.5455223
2025-06-03,28.624023,5.7992935,48.63915,2.131693
2025-06-04,28.693695,0.054359436,54.564022,1.0393157
2025-06-05,30.016327,0.0,47.622997,0.8308645
2025-06-06,32.72348,0.0,46.71148,0.25212508
2025-06-07,35.32611,0.0,41.341133,0.4847372
2025-06-08,37.374023,0.0,32.603363,2.044377
2025-06-09,37.584473,0.0,29.514324,2.4462457
2025-06-10,38.19107,0.0,29.514942,1.200332
2025-06-11,38.15088,0.0,30.636703,1.5617808
2025-06-12,37.87268,0.0,31.2603,1.5624856
2025-06-13,37.678345,0.0,37.523415,2.1326919
2025-06-14,36.113983,0.0,43.251205,0.24281743
2025-06-15,34.37039,0.0,42.055855,1.5860202
2025-06-16,31.316772,0.30899048,55.710674,1.9801464
2025-06-17,31.378082,0.0,58.87879,2.969395
2025-06-18,33.387268,0.0,51.412697,0.88401115
2025-06-19,34.561005,0.002861023,58.564926,1.5233496
2025-06-20,34.72409,0.008583069,57.18798,2.8199728
2025-06-21,32.29959,2.128601,69.172356,2.9399617
2025-06-22,30.9711,2.614975,73.182365,2.3774333
2025-06-23,32.408966,0.61511993,68.21745,1.2046597
2025-06-24,31.293243,16.92295,75.2708,2.1850383
2025-06-25,30.834808,3.9310455,79.82386,3.587082
2025-06-26,28.98288,7.6847076,81.93674,1.2943808
2025-06-27,29.892303,16.299248,82.88496,1.2958299
2025-06-28,32.299347,13.607025,73.456154,0.61977905
2025-06-29,29.321442,11.810303,84.01931,2.306175
2025-06-30,29.892822,10.379791,81.15179,2.2810686
2025-07-01,28.79367,12.399673,82.684265,2.921341
2025-07-02,30.849335,0.045776367,71.47948,1.5245385
2025-07-03,31.951996,2.1743774,71.68526,1.5551116
2025-07-04,32.408844,0.062942505,74.15951,1.314231
2025-07-05,32.776398,0.11730194,72.51636,2.714241
2025-07-06,29.913177,11.678696,81.38505,1.3929031
2025-07-07,30.082336,0.1373291,78.46918,1.2499604
2025-07-08,30.696136,15.538216,78.35016,1.2988756
2025-07-09,28.417786,105.12257,85.03861,1.3634477
2025-07-10,27.50998,233.78563,89.047554,2.5414107
2025-07-11,29.913849,4.102707,75.34927,0.18835275
2025-07-12,30.477386,3.373146,77.98486,1.2009509
2025-07-13,29.525726,0.26607513,78.202095,1.2032765
2025-07-14,27.672852,0.5378723,87.79876,1.8919908
2025-07-15,29.130463,2.240181,79.49456,2.1550062
2025-07-16,28.855011,23.457527,87.59439,3.3306916
2025-07-17,28.781616,60.201645,86.25085,3.8679082
2025-07-18,29.85971,0.0,79.546394,0.5783224
2025-07-19,31.777222,0.0,73.18272,0.8919966
2025-07-20,31.838196,0.14019012,75.41034,1.6019207
2025-07-21,29.218689,12.940407,82.799545,2.2060952
2025-07-22,27.433441,19.246101,91.71886,3.2612684
2025-07-23,28.51117,3.4503937,87.04764,1.7909439
2025-07-24,29.52893,6.5488815,81.298515,1.0057893
2025-07-25,31.054352,1.8053055,77.478615,1.1804283
2025-07-26,31.88507,0.16307831,79.48116,1.1942176
2025-07-27,32.831055,0.13446808,74.14091,0.66289055
2025-07-28,31.69931,2.5663376,80.128456,1.1756701
2025-07-29,30.510345,9.209633,82.93993,2.2847397
2025-07-30,28.133636,11.318207,90.06954,2.7641935
2025-07-31,29.157135,0.16021729,82.22996,1.5544475
2025-08-01,27.5719,31.565666,91.19846,1.8557081
2025-08-02,28.423859,2.251625,83.0737,1.3757278
2025-08-03,30.80664,0.1373291,75.86896,0.4367075
2025-08-04,31.28714,0.7123947,78.13111,1.2135339
2025-08-05,30.557587,6.989479,80.10171,2.1640553
2025-08-06,30.194,5.1784515,77.555824,1.9659108
2025-08-07,30.978302,0.3862381,71.229645,1.6017212
2025-08-08,30.655853,2.4719238,77.868,0.25415024
2025-08-09,29.696136,3.6621094,80.7647,1.4445828
2025-08-10,31.368134,2.9125214,77.638794,0.16683255
2025-08-11,32.00345,1.3189316,77.756065,0.8361824
2025-08-12,28.797638,9.232521,86.22021,2.8135397
2025-08-13,30.658173,0.74386597,77.36369,1.0842897
2025-08-14,28.331757,19.41204,90.8588,2.1280897
2025-08-15,29.569275,6.2913895,81.68471,1.1024908
2025-08-16,31.130737,0.620842,78.13974,1.341473
2025-08-17,29.015991,5.129814,89.11509,2.5882962
2025-08-18,28.16397,0.4377365,86.276794,2.4032712
2025-08-19,28.985779,1.991272,81.407166,1.9033887
2025-08-20,28.31726,1.2674332,85.01465,2.1535006
2025-08-21,30.126984,0.0,73.70166,0.10197573
2025-08-22,31.130005,0.49495697,76.709785,0.69683975
2025-08-23,29.578857,22.891045,83.418785,1.861758
2025-08-24,25.703217,71.471214,93.1107,2.6345775
2025-08-25,24.15976,35.614014,92.04487,3.316879
2025-08-26,24.450745,233.52242,96.880684,1.9632766
2025-08-27,27.55774,7.32708,89.23218,2.236627
2025-08-28,29.756836,8.394241,81.17501,1.0459636
2025-08-29,28.991852,40.400505,87.652084,2.4489784
2025-08-30,26.62143,67.25407,92.49906,2.2131786
2025-08-31,25.883636,10.434151,93.82626,1.7262805
2025-09-01,25.494232,103.803635,90.42989,2.1193483
2025-09-02,23.66629,43.619156,94.06262,2.8439417
2025-09-03,24.600372,15.538216,91.05404,3.0177824
2025-09-04,26.182678,0.0,85.3676,2.7082763
2025-09-05,28.927216,0.005722046,77.37021,1.2989275
2025-09-06,28.158997,3.1900406,85.49192,0.29865018
2025-09-07,28.19693,1.004219,87.34724,0.9987827
2025-09-08,27.223541,38.549423,89.27291,0.41853788
2025-09-09,28.816132,0.5950928,82.891136,1.227888
2025-09-10,29.908417,0.32901764,80.442085,1.8062373
2025-09-11,29.520996,0.017166138,78.34278,1.5866303
2025-09-12,30.158356,0.0,76.16426,1.3447545
2025-09-13,30.488098,0.0,74.409805,1.2283885
2025-09-14,30.871521,0.2002716,73.34176,1.0135767
2025-09-15,31.298859,0.14591217,74.87233,0.37681493
2025-09-16,31.103394,0.0,73.69526,0.5114494
2025-09-17,30.836334,0.0,74.41615,0.5236469
2025-09-18,30.683502,0.06580353,72.42743,0.75273687
2025-09-19,29.3732,0.0,80.81513,0.76033354
2025-09-20,29.655975,0.0,74.97865,0.3302192
2025-09-21,30.51413,0.0,74.28417,0.1780589
2025-09-22,30.776337,0.0,71.4572,0.32910424
2025-09-23,30.099396,0.0,70.411575,0.42641664
2025-09-24,29.983704,0.0,68.290985,0.106324874
2025-09-25,29.818817,0.0,69.6755,0.47010303
2025-09-26,29.67743,0.0,72.96347,1.0602578
2025-09-27,30.596405,0.0,68.4104,0.567034
2025-09-28,30.61856,0.0,71.852066,0.40756693
2025-09-29,29.88089,0.0,73.709366,0.95091575
2025-09-30,30.605927,0.0,71.932304,0.60541713
2025-10-01,29.67041,0.0,73.32471,0.29988962
2025-10-02,29.981598,2.0942688,74.29236,0.4534266
2025-10-03,27.915802,0.0,75.841515,1.4426949
2025-10-04,27.819916,0.0,71.05228,1.6294694
2025-10-05,25.832794,1.6307831,67.99383,1.4981726
2025-10-06,20.196045,66.12396,91.81689,1.520405
2025-10-07,20.49588,0.56648254,85.21994,2.589467
2025-10-08,22.43628,0.014305115,78.265724,0.9237442
2025-10-09,23.124847,0.0,75.097,1.1165541
2025-10-10,24.016968,0.0,72.37083,1.7060087
2025-10-11,24.4039,0.0,73.97732,1.6960434
2025-10-12,24.166595,0.0,72.83979,1.7414136
2025-10-13,24.518646,0.0,71.71365,0.99075985
2025-10-14,24.77472,0.0,73.357056,0.7442664
2025-10-15,25.462372,0.0,68.348656,0.3545587
2025-10-16,24.938416,0.0,74.24679,1.648613
2025-10-17,24.88327,0.0,73.76856,1.8464289
2025-10-18,24.72998,0.0,73.75364,1.7272435
2025-10-19,24.577179,0.0,74.88706,1.7023114
2025-10-20,24.483185,0.0,69.13121,1.6820476
2025-10-21,24.258392,0.0,65.455635,1.493199
2025-10-22,23.151886,0.0,69.70647,2.1474373
2025-10-23,24.469727,0.0,64.325806,1.0314728
2025-10-24,23.743073,0.0,74.66668,1.2052913
2025-10-25,23.476562,0.0,71.696884,0.94998735
2025-10-26,22.939789,0.0,76.7403,0.46744964
2025-10-27,22.530365,0.0,75.21251,0.50766975
2025-10-28,22.513214,0.0,75.95304,0.17267622
2025-10-29,22.631378,0.0,80.065056,1.2365746
2025-10-30,22.455505,0.0,78.34276,1.7611982
2025-10-31,22.396698,0.0,73.233345,0.9944574
2025-11-01,21.738342,0.0,76.81539,1.2649415
2025-11-02,21.730377,0.0,76.8559,1.9410821
2025-11-03,21.717926,0.0,76.235344,1.3743536
2025-11-04,22.528473,0.8068085,69.74371,2.3231802
2025-11-05,20.215057,0.0,67.02286,1.8395532
2025-11-06,18.948944,0.0,70.0537,2.4221973
2025-11-07,18.47284,0.0,66.998116,2.2003212
2025-11-08,17.798859,0.0,67.87575,2.2555733
2025-11-09,17.126068,0.0,68.27431,2.2209995
2025-11-10,17.75241,0.0,62.671368,1.3218863
2025-11-11,16.715424,0.0,70.064255,1.703454
2025-11-12,16.601135,0.0,67.44751,2.1718204
2025-11-13,15.978729,0.0,73.89013,1.390716
2025-11-14,15.644318,0.0,73.67816,1.9107676
2025-11-15,15.650482,0.0,72.70506,1.7439139
2025-11-16,15.289886,0.0,73.491776,1.1047062
2025-11-17,16.191101,0.0,68.80576,0.98141396
2025-11-18,16.560822,0.0,72.05572,0.49123836
2025-11-19,16.74942,0.0,72.25855,0.65403324
2025-11-20,17.008331,0.0,72.37918,0.78002083
2025-11-21,17.464996,0.0,71.945724,0.173636
2025-11-22,15.92276,0.0,77.74825,2.013089
2025-11-23,15.706299,0.0,72.926346,0.97350556
2025-11-24,14.472382,0.0,75.45006,1.9101247
2025-11-25,13.87204,0.0,75.37237,1.8510967
2025-11-26,13.5234375,0.0,75.56383,0.99409896
2025-11-27,14.004456,0.0,74.5464,1.7965692
2025-11-28,13.355743,0.0,74.86042,2.2334673
2025-11-29,12.893005,0.0,74.09271,2.287539
2025-11-30,12.229004,0.0,70.40417,2.2834396
2025-12-01,13.399628,0.0,66.93569,1.332609
2025-12-02,13.361023,0.0,70.35912,0.4859055
2025-12-03,11.717377,0.0,77.07692,2.132062
2025-12-04,12.512238,0.0,74.91561,1.7697188
2025-12-05,12.69455,0.0,73.57797,1.7370542
2025-12-06,13.232544,0.0,73.11907,1.9498627
2025-12-07,13.037384,0.0,77.174965,1.97278
2025-12-08,14.450165,0.0,68.7717,2.0797412
2025-12-09,14.125,0.0,67.23463,2.1588948
2025-12-10,14.122162,0.0,71.404335,2.0928211
2025-12-11,13.305725,0.0,77.15602,0.6750815
2025-12-12,12.805634,0.0,83.244,0.6484756
2025-12-13,13.613831,0.0,87.026596,1.451777
2025-12-14,15.513916,0.0,78.34595,0.894138
2025-12-15,13.704956,0.0,80.97991,2.350261
2025-12-16,14.445709,0.0,78.83928,1.9353348
2025-12-17,14.424377,0.0,80.28371,1.893479
2025-12-18,14.311676,0.0,85.153564,1.0769318
2025-12-19,13.746887,0.0,85.624,1.0478375
2025-12-20,12.964752,0.0,94.385605,1.0789437
2025-12-21,13.198578,0.0,92.59159,1.4016689
2025-12-22,13.694855,0.0,89.868965,1.3422233
2025-12-23,15.256378,0.0,81.3093,2.0837638
2025-12-24,14.535248,0.0,72.69189,2.2916808
2025-12-25,13.20755,0.0,77.698105,1.2553338
2025-12-26,13.516602,0.0,81.053795,0.41314775
2025-12-27,12.045471,0.0,84.83285,2.01582
2025-12-28,11.556488,0.0,84.694954,1.6067511
2025-12-29,12.425507,0.0,81.86882,1.7892854
2025-12-30,12.733124,0.0,86.81171,1.0632956
2025-12-31,11.399628,0.9841919,90.55536,0.76409173
